paper_id,title,abstract,year,venue,normalised_venue,core_rank,predicted_type,confidence,unknown_reason,matched_rules
0374ab985daf5eb7d8f9c129fb734b9338fa4773,A Longitudinal Study of Identifying and Paying Down Architecture Debt,"Architecture debt is a form of technical debt that derives from the gap between the intended and the actual architecture design. In this study we measured architecture debt in two ways: 1) in terms of system-wide coupling measures, and 2) in terms of the number and severity of architecture flaws. In recent research it was shown that the amount of architecture debt has a huge impact on software maintainability and evolution. Consequently, reducing debt is expected to make software less costly and more amenable to change. This paper reports on a longitudinal study of a healthcare communications product created by BrightSquid Secure Communications Corp. This young company is facing the typical trade-off problem of desiring responsiveness to change requests, but wanting to avoid the ever-increasing effort that the accumulation of quick-and-dirty changes eventually incurs. In the first stage of the study, we analyzed the status of the ""before"" system, which showed the impacts of change requests. This initial study motivated a more in-depth analysis of architecture debt. The results of this debt analysis were used in the second stage of the work to motivate a comprehensive refactoring of the software system. The third stage was a follow-on architecture debt analysis which quantified the improvements realized. Using this quantitative evidence, augmented by qualitative evidence gathered from in-depth interviews with BrightSquid's architects, we present lessons learned about the costs and benefits of paying down architecture debt in practice.",2018.0,2019 IEEE/ACM 41st International Conference on Software Engineering: Software Engineering in Practice (ICSE-SEIP),software engineering,A*,Experience Report,1.0,,\blessons learned\b
074881d79ff1e72d0fc34170b25ba013049d6546,"Understanding Architectural Complexity, Maintenance Burden, and Developer Sentiment -A Large-Scale Study","Intuitively, the more complex a software system is, the harder it is to maintain. Statistically, it is not clear which complexity metrics correlate with maintenance effort; in fact, it is not even clear how to objectively measure maintenance burden, so that developers' sentiment and intuition can be supported by numbers. Without effective complexity and maintenance metrics, it remains difficult to objectively monitor maintenance, control complexity, or justify refactoring. In this paper, we report a largescale study of 1252 projects written in C++ and Java from Google LLC. We collected three categories of metrics: (1) architectural complexity, measured using propagation cost (PC), decoupling level (DL), and structural anti-patterns; (2) maintenance activity, measured using the number of changes, lines of code (LOC) written, and active coding time (ACT) spent on feature-addition vs. bug-fixing, and (3) developer sentiment on complexity and productivity, collected from 7200 survey responses. We statistically analyzed the correlations among these metrics and obtained significant evidence of the following findings: 1) the more complex the architecture is (higher propagation cost, more instances of anti-patterns), the more LOC is spent on bug-fixing, rather than adding new features; 2) developers who commit more changes for features, spend more lines of code on features, or spend more time on features also feel that they are less hindered by technical debt and complexity. To the best of our knowledge, this is the first large-scale empirical study establishing the statistical correlation among architectural complexity, maintenance activity, and developer sentiment. The implication is that, instead of solely relying upon developer sentiment and intuition to detect degraded structure or increased burden to evolve, it is possible to objectively and continuously measure and monitor architectural complexity and maintenance difficulty, increasing feature delivery efficiency by reducing architectural complexity and anti-patterns.",2025.0,International Conference on Software Engineering,software engineering,A*,Empirical Study,1.0,,\bempirical study\b; \blarge[- ]scale study\b; \b\d+ (?:open[- ]source |open )?projects?\b
0a8714ab894977f6ab09c924b44a3e4c51d72ef9,Is Self-Admitted Technical Debt a Good Indicator of Architectural Divergences?,"Large software systems tend to be highly complex and often contain unaddressed issues that evolve from bad design practices or architectural implementations that drift from definition. These design flaws can originate from quick fixes, hacks or shortcuts to a solution, hence they can be seen as Technical Debt. Recently, new work has focused on studying source code comments that indicate Technical Debt, i.e., Self-Admitted Technical Debt (SATD). However, it is not known if addressing information left by developers in the form source code comments can give insight about the design flaws in a system and have the potential to provide fixes for bad architectural implementations. This paper investigates the possibility of using SATD comments to resolve architectural divergences. We leverage a data set of previously classified SATD comments to trace them to the architectural divergences of a large open source system, namely ArgoUML. We extract its conceptual and concrete architectures based on available design documentation and source code, and contrast both to expose divergences, trace them to SATD comments, and investigate their resolution. We found 7 high-level divergences in ArgoUML and 22 others among its subsystems, observing that merely 4 out of 29 (14%) divergences can be directly traced to SATD. Although using SATD as an indicator of architectural divergences is viable, the effort of doing so is time-intensive, and in general, will not lend to a significant reduction of architectural flaws in a software system.",2019.0,"IEEE International Conference on Software Analysis, Evolution, and Reengineering",software analysis evolution and reengineering,A,Unknown,0.0,no_match,
0f9b14ab0c204fcf0deecaab60e14ff72abe887c,Technical debt payment and prevention through the lenses of software architects,"Abstract Context: Architectural decisions are considered one of the most common sources of technical debt (TD). Thus, it is necessary to understand how TD is perceived by software architects, particularly, the practices supporting the elimination of debt items from projects, and the practices used to reduce the chances of TD occurrence. Objective: This paper investigates the most commonly used practices to pay off TD and to prevent debt occurrence in software projects from the architect’s point of view. Method: We used the available data from InsighTD, which is a globally distributed family of industrial surveys on the causes, effects, and management of TD. We analyze responses from a corpus of 72 software architects from Brazil, Chile, Colombia, and the United States. Results: Results showed that refactoring (30.2%) was the main practice related to TD payment, followed by design improvements (14.0%). Refactoring, design improvements, and test improvements are the most cited payment practices among cases of code, design and test debt. Concerning the TD preventive practices, we find that having a well-defined architecture and design is the most cited practice (13.6%), followed by having a well-defined scope and requirements. This last practice is the most cited one for expert software architects. Finally, when comparing preventive practices among the three major roles derived from the survey (software architects, engineer roles, and management roles), we found that none of the roles shared the most cited practice, meaning that each role had its worries and focus on different strategies to reduce TD’s presence in the software. Conclusion: The lists of TD payment and prevention practices can guide software teams by having a catalog of practices to keep debt controlled or reduced.",2021.0,Information and Software Technology,information and software technology,A,Unknown,0.0,no_match,
14624702dbba16a50569f0fc4413489dfdeb3c33,A Domino Effect: Interdependencies among Different Types of Technical Debt,"The paper examines the accrual of technical debt, which represents an increasingly pressing concern for many organizations. To advance understanding of how this debt-accumulation process unfolds, an in-depth case study was conducted with a large manufacturing firm for identifying particular types of technical debt and potential interdependencies among them. The findings point to architecture debt being ""the root of all evil"" at the case company, setting in motion dynamics that led to the development of other types of technical debt. Scholarship should benefit from this nuanced articulation and illustration of interdependencies across the various types of technical debt",2023.0,Hawaii International Conference on System Sciences,hawaii international conference on system sciences,A,Case Study,1.0,,\bcase study\b; \bin[- ]depth case\b; \bcase company\b
1bfb536d8728c8e3661b90b3438cc616f02cb3a8,Building and evaluating a theory of architectural technical debt in software-intensive systems,"Architectural technical debt in software-intensive systems is a metaphor used to describe the ‘‘big’’ design decisions ( e.g., choices regarding structure, frameworks, technologies, languages, etc.) that, while being suitable or even optimal when made, significantly hinder progress in the future. While other types of debt, such as code-level technical debt, can be readily detected by static analyzers, and often be refactored with minimal or only incremental efforts, architectural debt is hard to be identified, of wide-ranging remediation cost, daunting, and often avoided. In this study, we aim at developing a better understanding of how software development organiza- tions conceptualize architectural debt, and how they deal with it. In order to do so, in this investigation we apply a mixed empirical method, constituted by a grounded theory study followed by focus groups. With the grounded theory method we construct a theory on architectural technical debt by eliciting qualitative data from software architects and senior technical staff from a wide range of heterogeneous software development organizations. We applied the focus group method to evaluate the emerging theory and refine it according to the new data collected. The result of the study, i.e., a theory emerging from the gathered data, constitutes an encompassing conceptual model of architectural technical debt, identifying and relating concepts such as its symptoms, causes, consequences, management strategies, and communication problems. From the conducted focus groups, we assessed that the theory adheres to the four evaluation criteria of classic grounded theory, i.e., the theory fits its underlying data, is able to work , has relevance , and is modifiable as new data appears. By grounding the findings in empirical evidence, the theory provides researchers and practitioners with novel knowledge on the crucial factors of architectural technical debt experienced in industrial contexts. strategy Tool-supported processes aimed at the identification and management of technical debt specific to the architecture of software-intensive systems.",2021.0,Journal of Systems and Software,journal of systems and software,A,Theoretical Contribution,1.0,,\bconceptual model\b
1c154c5007a367cc5ff62994e34e03f8984b000c,Detecting the Locations and Predicting the Maintenance Costs of Compound Architectural Debts,"Architectural Technical Debt (ATD) refers to sub-optimal architectural design in a software system that incurs high maintenance “interest” over time. Previous research revealed that ATD has significant negative impact on daily development. This paper contributes an approach to enable an architect to precisely locate ATDs, as well as capture the trajectory of maintenance cost on each debt, based on which, predict the cost of the debt in a future release. The ATDs are expressed in four typical patterns, which entail the core of each debt. Furthermore, we aggregate compound ATDs to capture the complicated relationship among multiple ATD instances, which should be examined together for effective refactoring solutions. We evaluate our approach on 18 real-world projects. We identified ATDs that persistently incur significant (up to 95 percent of) maintenance costs in most projects. The maintenance costs on the majority of debts fit into a linear regression model—indicating stable “interest” rate. In five projects, 12.1 to 27.6 percent of debts fit into an exponential model, indicating increasing “interest” rate, which deserve higher priority from architects. The regression models can accurately predict the costs of the majority of (82 to 100 percent) debts in the next release of a system. By aggregating related ATDs, architects can focus on a small number of cost-effective compound debts, which contain a relatively small number of source files, but account for a large portion of maintenance costs in their projects. With these capabilities, our approach can help architects make informed decisions regarding whether, where, and how to refactor for eliminating ATDs in their systems.",2021.0,IEEE Transactions on Software Engineering,transactions on software engineering,A*,Unknown,0.0,no_match,
1c3b94da0c611a8ec0f940cf567365272e5caaea,The Technical Debt Gamble: A Case Study on Technical Debt in a Large-Scale Industrial Microservice Architecture,"Microservice architectures provide an intuitive promise of high maintainability and evolvability due to loose coupling. However, these quality attributes are notably vulnerable to technical debt (TD). Few studies address TD in microservice systems, particularly on a large scale. This research explores how TD manifests in a large-scale microservice-based industrial system. The research is based on a mixed-method case study of a project including over 100 microservices and serving over 15k locations. Results are collected via a quantitative method based static code analyzers combined with qualitative insights derived from a focus group discussion with the development team and a follow-up interview with the lead architect of the case study system. Results show that (1) simple static source code analysis can be an efficient and effective entry point for holistic TD discovery, (2) inadequate communication significantly contributes to TD, (3) misalignment between architectural and organizational structures can exacerbate TD accumulation, (4) microservices can rapidly cycle through TD accumulation and resolution, a phenomenon referred to as""microservice architecture technical debt gamble"". Finally, we identify a set of fitting strategies for TD management in microservice architectures.",2025.0,Journal of Systems and Software,journal of systems and software,A,Case Study,1.0,,\bcase study\b
3296106138e5f8d447f3156e1911382603382e55,Industry practices and challenges for the evolvability assurance of microservices,"Microservices as a lightweight and decentralized architectural style with fine-grained services promise several beneficial characteristics for sustainable long-term software evolution. Success stories from early adopters like Netflix, Amazon, or Spotify have demonstrated that it is possible to achieve a high degree of flexibility and evolvability with these systems. However, the described advantageous characteristics offer no concrete guidance and little is known about evolvability assurance processes for microservices in industry as well as challenges in this area. Insights into the current state of practice are a very important prerequisite for relevant research in this field. We therefore wanted to explore how practitioners structure the evolvability assurance processes for microservices, what tools, metrics, and patterns they use, and what challenges they perceive for the evolvability of their systems. We first conducted 17 semi-structured interviews and discussed 14 different microservice-based systems and their assurance processes with software professionals from 10 companies. Afterwards, we performed a systematic grey literature review (GLR) and used the created interview coding system to analyze 295 practitioner online resources. The combined analysis revealed the importance of finding a sensible balance between decentralization and standardization. Guidelines like architectural principles were seen as valuable to ensure a base consistency for evolvability and specialized test automation was a prevalent theme. Source code quality was the primary target for the usage of tools and metrics for our interview participants, while testing tools and productivity metrics were the focus of our GLR resources. In both studies, practitioners did not mention architectural or service-oriented tools and metrics, even though the most crucial challenges like Service Cutting or Microservices Integration were of an architectural nature. Practitioners relied on guidelines, standardization, or patterns like Event-Driven Messaging to partially address some reported evolvability challenges. However, specialized techniques, tools, and metrics are needed to support industry with the continuous evaluation of service granularity and dependencies. Future microservices research in the areas of maintenance, evolution, and technical debt should take our findings and the reported industry sentiments into account.",2021.0,Empirical Software Engineering,empirical software engineering,A,Unknown,0.0,no_match,
370c26079d6a8e3b68c91f63717947860dbf13f1,One Step Further: Investigating Problematic Files of Architecture Anti-patterns,"Architecture anti-patterns violate design principles and negatively impact software internal quality. Both academia and industry have designed methods and tools to detect anti-patterns. However, these tools tend to report a large number of defects, hindering developers from prioritizing true debts. In this work, we take one step further to explore the most problematic files (we define them as root files) in the architecture anti-patterns, which are potential causes leading to the difficulty of software maintenance. Using 45 Python projects as subjects, we investigate root files' maintainability, evolution (i.e., birth, living, and death), and their interactions in different architecture anti-patterns. Our results reveal that, compared with other files in anti-patterns, these root files take only a small proportion but incur heavy maintenance costs. Our study of their evolution and interactions can help developers identify potential causes of anti-patterns. We believe our findings will benefit the practice of design problem fixing.",2021.0,IEEE International Symposium on Software Reliability Engineering,software reliability engineering,A,Position Paper,1.0,,\bwe believe\b
3c6afb39a839ba22e587ff22d0039e908dc71df5,Serious Refactoring Games,"Software design issues can severely impede software development and maintenance. Thus, it is important for the success of software projects that developers are aware of bad smells in code artifacts and improve their skills to reduce these issues via refactoring. However, software refactoring is a complex activity and involves multiple tasks and aspects. Therefore, imparting competences for identifying bad smells and refactoring code efficiently is challenging for software engineering education and training. The approaches proposed for teaching software refactoring in recent years mostly concentrate on small and artificial tasks and fall short in terms of higher level competences, such as analysis and evaluation. In this paper, we investigate the possibilities and challenges of designing serious games for software refactoring on real-world code artifacts. In particular, we propose a game design, where students can compete either against a predefined benchmark (technical debt) or against each other. In addition, we describe a lightweight architecture as the technical foundation for the game design that integrates pre-existing analysis tools such as test frameworks and software-quality analyzers. Finally, we provide an exemplary game scenario to illustrate the application of serious games in a learning setting.",2019.0,Hawaii International Conference on System Sciences,hawaii international conference on system sciences,A,Unknown,0.0,no_match,
46dea637b1ebce7f2b1ceb017f7f967861eca258,EvoGraphCoder: An Evolutionary Graph-Reasoning Framework for Self-Adaptive Software Engineering,"Modern software evolves rapidly, accumulates architectural debt, and develops cross-module dependencies that complicate reliable maintenance. We present EvoGraphCoder, an evolutionary graph-reasoning framework for self-adaptive software engineering. EvoGraphCoder represents source code, tests, commit history, dependencies, performance signals, and review feedback as a relational software graph. It combines Adaptive Evolutionary Code Reasoning (AECR) with a multi-agent design consisting of the Innovator, Critic, and Historian to generate, evaluate, and refine candidate repairs over multiple cycles rather than emitting a single patch. The framework further introduces EvoGraph Memory for persistent cross-release learning and Self-Reflexive Validation for explainable pre-merge verification. Experiments on repository-level repair benchmarks show that EvoGraphCoder improves patch quality and robustness over strong baselines, while maintaining positive improvement across repeated repair cycles. These results suggest that graph-driven evolutionary reasoning with persistent memory offers a practical path toward reliable and explainable AI-assisted software maintenance.",2026.0,IEEE Access,access,A,Unknown,0.0,no_match,
49364bca6ca718cc1de89d25da3b8670bb176292,Technical Debt Management Automation: State of the Art and Future Perspectives,"Technical Debt (TD) refers to non-optimal decisions made in software projects that may lead to short-term benefits, but potentially harm the system's maintenance in the long-term. Technical debt management (TDM) refers to a set of activities that are performed to handle TD, e.g., identification. These activities can entail tasks such as code and architectural analysis, which can be time-consuming if done manually. Thus, substantial research work has focused on automating TDM tasks (e.g., automatic identification of code smells). However, there is a lack of studies that summarize current approaches in TDM automation. This can hinder practitioners in selecting optimal automation strategies to efficiently manage TD. It can also prevent researchers from understanding the research landscape and addressing the research problems that matter the most. Thus, the main objective of this study is to provide an overview of the state of the art in TDM automation, analyzing the available tools, their use, and the challenges in automating TDM. For this, we conducted a systematic mapping study (SMS), and from an initial set of 1086 primary studies, 178 were selected to answer three research questions covering different facets of TDM automation. We found 121 automation artifacts, which were classified in 4 different types (i.e., tools, plugins, scripts, and bots); the inputs/outputs and interfaces were also collected and reported. Finally, a conceptual model is proposed that synthesizes the results and allows to discuss the current state of TDM automation and related challenges. The results show that the research community has investigated to a large extent how to perform various TDM activities automatically, considering the number of studies and automation artifacts we identified. More research is needed towards fully automated TDM, specially concerning the integration of the automation artifacts.",2023.0,Information and Software Technology,information and software technology,A,Systematic Literature Review,0.667,,\bsystematic mapping study\b; \bsystematic mapping\b
4b527457628ae1344aebff13acfaf6ba827c62f3,A Survey on the Interplay between Software Engineering and Systems Engineering during SoS Architecting,"Background: The Systems Engineering and Software Engineering disciplines are highly intertwined in most modern Systems of Systems (SoS), and particularly so in industries such as defense, transportation, energy and health care. However, the combination of these disciplines during the architecting of SoS seems to be especially challenging; the literature suggests that major integration and operational issues are often linked to ambiguities and gaps between system-level and software-level architectures. Aims: The objective of this paper is to empirically investigate: 1) the state of practice on the interplay between these two disciplines in the architecting process of systems with SoS characteristics; 2) the problems perceived due to this interplay during said architecting process; and 3) the problems arising due to the particular characteristics of SoS systems. Method: We conducted a questionnaire-based online survey among practitioners from industries in the aforementioned domains, having a background on Systems Engineering, Software Engineering or both, and experience in the architecting of systems with SoS characteristics. The survey combined multiple-choice and open-ended questions, and the data collected from the 60 respondents were analyzed using quantitative and qualitative methods. Results: We found that although in most cases the software architecting process is governed by system-level requirements, the way requirements were specified by systems engineers, and the lack of domain-knowledge of software engineers, often lead to misinterpretations at software level. Furthermore, we found that unclear and/or incomplete specifications could be a common cause of technical debt in SoS projects, which is caused, in part, by insufficient interface definitions. It also appears that while the SoS concept has been adopted by some practitioners in the field, the same is not true about the existing and growing body of knowledge on the subject in Software Engineering resulting in recurring problems with system integration. Finally, while not directly related to the interplay of the two disciplines, the survey also indicates that low-level hardware components, despite being identified as the root cause of undesired emergent behavior, are often not considered when modeling or simulating the system. Conclusions: The survey indicates the need for tighter collaboration between the two disciplines, structured around concrete guidelines and practices for reconciling their differences. A number of open issues identified by this study require further investigation.",2020.0,International Symposium on Empirical Software Engineering and Measurement,empirical software engineering and measurement,A,Survey,1.0,,\bonline survey\b; \bquestionnaire\b
4e4fd4b2de610ab361ca493d33c129b5303626d1,Automated Detection of Self-Admitted Technical Debt: A Systematic Literature Review,"In modern software development, developers frequently introduce comments that describe temporary solutions, incomplete implementations, or deferred improvements. These comments, commonly referred to as Self-Admitted Technical Debt (SATD), may provide short-term flexibility but can accumulate into long-term maintenance challenges and quality degradation. This paper presents a systematic literature review of automated SATD detection research published between 2015 and 2025. Following established systematic review guidelines, we analyzed 46 primary studies selected from an initial pool of 1,537 publications. The review provides a structured synthesis of the field by: 1) identifying and categorizing the main SATD detection objectives; 2) analyzing representation techniques for textual, structural, and hybrid inputs; 3) comparing learning approaches ranging from traditional machine learning to transformer-based and large language models; and 4) summarizing evaluation practices and performance trends. Our findings reveal a clear methodological evolution from keyword-based and feature-engineered models toward context-aware and multi-modal architectures. While transformer-based approaches such as BERT and CodeBERT demonstrate strong potential, their adoption is constrained by limited benchmark datasets, inconsistent evaluation protocols, and a lack of explainability. To address these challenges, the review highlights key research gaps and outlines future directions, including standardized benchmarks, explainable SATD detection, and cross-project generalization. Overall, this study consolidates a decade of SATD research into a unified perspective and provides actionable guidance for developing more robust, interpretable, and scalable SATD detection techniques to support sustainable software maintenance.",2026.0,IEEE Access,access,A,Systematic Literature Review,1.0,,\bsystematic literature review\b; \bsystematic review\b
505331038816f08db191263c88f8cbb60bbd4199,Splicing Community and Software Architecture Smells in Agile Teams: An industrial Study,"Software engineering nowadays largely relies on agile methods to carry out software development. In often highly distributed organizations, agile teams can develop organisational and socio-technical issues loosely defined as community smells, which reflect sub-optimal organisational configurations that bear additional project cost, a phenomenon called social debt. In this paper we look into the co-occurrence of such nasty organisational phenomena—community smells—with software architecture smells—indicators that software architectures may exhibit sub-optimal modularization structures, with consequent additional cost. We conclude that community smells can serve as a guide to steer the qualities of software architectures",2019.0,Hawaii International Conference on System Sciences,hawaii international conference on system sciences,A,Unknown,0.0,no_match,
50fbf7d839ac822ea24f0ec0d4b4e9ca8799482c,"Understanding the Issues, Their Causes and Solutions in Microservices Systems: An Empirical Study","Many small to large organizations have adopted the Microservices Architecture (MSA) style to develop and deliver their core businesses. Despite the popularity of MSA in the software industry, there is a limited evidence-based and thorough understanding of the types of issues (e.g., errors, faults, failures, and bugs) that microservices system developers experience, the causes of the issues, and the solutions as potential fixing strategies to address the issues. To ameliorate this gap, we conducted a mixed-methods empirical study that collected data from 2,641 issues from the issue tracking systems of 15 open-source microservices systems on GitHub, 15 interviews, and an online survey completed by 150 practitioners from 42 countries across 6 continents. Our analysis led to comprehensive taxonomies for the issues, causes, and solutions. The findings of this study informthat Technical Debt, Continuous Integration and Delivery, Exception Handling, Service Execution and Communication, and Security are the most dominant issues in microservices systems. Furthermore, General Programming Errors, Missing Features and Artifacts, and Invalid Configuration and Communication are the main causes behind the issues. Finally, we found 177 types of solutions that can be applied to fix the identified issues. Based on our study results, we propose a future research framework that outlines key problem dimensions and actionable study strategies to support the engineering of emergent and next-generation microservices systems.",2023.0,Journal of Systems and Software,journal of systems and software,A,Unknown,0.0,tie:Survey|Empirical Study,\bempirical study\b; \bonline survey\b
537f7557036a924b2360028bda13f3da4bb37a53,Interpretable Deep Learning for Efficient Code Smell Prioritization in Software Development,"Code smells indicate potential design flaws in software systems that can impair maintainability and increase technical debt. While existing approaches have advanced code smell priortization, they often lack effective prioritization mechanisms and interpretability, hindering developers’ ability to make informed refactoring decisions. This paper presents a novel approach combining CodeBERT embeddings with Bidirectional Long Short-Term Memory (Bi-LSTM) networks for code smell prioritization, enhanced by Local Interpretable Model-agnostic Explanations (LIME) for model interpretability. The approach introduces specialized preprocessing for large-scale projects and implements a selectivity metric for validating explanation quality. Our comprehensive evaluation demonstrates that the Bi-LSTM approach consistently outperforms traditional architectures across various code smell types, achieving 0.90 across precision, recall, and F1-score metrics for complex class priortization, and precision of 0.88 with recall of 0.87 for feature envy priortization. The model also showed strong performance in identifying God classes, namely, 0.84 for precision, 0.77 for recall, and 0.89 for long methods. The integration of LIME provides developers with clear insights into the model’s decision-making process, enhancing trust and facilitating more effective refactoring decisions. This work contributes a framework that not only accurately detects and prioritizes code smells but also offers transparent, interpretable results applicable in real-world software development.",2025.0,IEEE Access,access,A,Unknown,0.0,no_match,
539e9ba60769b48e3f907db2185e2a8962a5aba9,Aspect-Oriented Modeling of Technology Heterogeneity in Microservice Architecture,"Microservice Architecture (MSA) is a novel approach for the development and deployment of service-based software systems. MSA puts a strong emphasis on loose coupling and high cohesion of services. This increases service-specific independence, which is considered to result in a better scalability, adaptability, and quality of software architectures. Another perceived benefit of adopting MSA is technology heterogeneity. Microservice teams are free to employ the technologies they deem to be most appropriate for service implementation and operation. However, technology heterogeneity increases the number of technologies in a microservice architecture with the risk to introduce technical debt and steeper learning curves for team members. In this paper, we present an approach to streamline the usage of different technologies in MSA-based software systems. It employs Aspect-oriented Modeling to make technology decisions in microservice architectures explicit and enable reasoning about them. Therefore, a set of languages for model-driven microservice development is extended with means to define, modularize, and apply MSA technology aspects. The usage and characteristics of our approach are shown and discussed in the context of a case study from the mobility domain.",2019.0,International Conference on Software Architecture,software architecture,A,Case Study,1.0,,\bcase study\b
53f2348902e3bfdbcc118ed20824684cc25f156a,Automatically Learning Patterns for Self-Admitted Technical Debt Removal,"Technical Debt (TD) expresses the need for improvements in a software system, e.g., to its source code or architecture. In certain circumstances, developers “self-admit” technical debt (SATD) in their source code comments. Previous studies investigate when SATD is admitted, and what changes developers perform to remove it. Building on these studies, we present a first step towards the automated recommendation of SATD removal strategies. By leveraging a curated dataset of SATD removal patterns, we build a multi-level classifier capable of recommending six SATD removal strategies, e.g., changing API calls, conditionals, method signatures, exception handling, return statements, or telling that a more complex change is needed. SARDELE (SAtd Removal using DEep LEarning) combines a convolutional neural network trained on embeddings extracted from the SATD comments with a recurrent neural network trained on embeddings extracted from the SATD-affected source code. Our evaluation reveals that SARDELE is able to predict the type of change to be applied with an average precision of ~55%, recall of ~ 57%, and AUC of 0.73, reaching up to 73% precision, 63% recall, and 0.74 AUC for certain categories such as changes to method calls. Overall, results suggest that SATD removal follows recurrent patterns and indicate the feasibility of supporting developers in this task with automated recommenders.",2020.0,"IEEE International Conference on Software Analysis, Evolution, and Reengineering",software analysis evolution and reengineering,A,Unknown,0.0,no_match,
54729154469a587f9059e7b8d0646f042d0f4339,"Software Development Data for Architecture Analysis: Expectations, Reality, and Future Directions","Recently we have worked with a dozen industrial collaborators to pinpoint and quantify architecture debts, from multi-national corporations to startup companies. Our technology leverages a wide range of project data, from source file dependencies to issue records, and we interacted with projects of various sizes and characteristics. Crossing the border between research and practice, we have observed significant gaps in terms of data availability and quality among projects of different kinds. Compared with successful open source projects, data from proprietary projects are rarely complete or well-organized. Consequently, not all projects can benefit from all the features and analyses we provide. This, in turn, made them realize they needed to improve their development processes. In this talk, we categorize the commonly observed differences between open source and proprietary project data, analyze the reasons for such differences, and propose suggestions to minimize the gaps, to facilitate advances to both software research and practice.",2020.0,2020 IEEE/ACM 42nd International Conference on Software Engineering: Software Engineering in Practice (ICSE-SEIP),software engineering,A*,Unknown,0.0,no_match,
5b3c62de27f4d3473909bf6c00880c542556985e,Analyzing the concept of technical debt in the context of agile software development: A systematic literature review,"Abstract Context Technical debt (TD) is a metaphor that is used to communicate the consequences of poor software development practices to non-technical stakeholders. In recent years, it has gained significant attention in agile software development (ASD). Objective The purpose of this study is to analyze and synthesize the state of the art of TD, and its causes, consequences, and management strategies in the context of ASD. Research Method Using a systematic literature review (SLR), 38 primary studies, out of 346 studies, were identified and analyzed. Results We found five research areas of interest related to the literature of TD in ASD. Among those areas, “managing TD in ASD” received the highest attention, followed by “architecture in ASD and its relationship with TD”. In addition, eight categories regarding the causes and five categories regarding the consequences of incurring TD in ASD were identified. “Focus on quick delivery” and “architectural and design issues” were the most popular causes of incurring TD in ASD. “Reduced productivity”, “system degradation” and “increased maintenance cost” were identified as significant consequences of incurring TD in ASD. Additionally, we found 12 strategies for managing TD in the context of ASD, out of which “refactoring” and “enhancing the visibility of TD” were the most significant. Conclusion The results of this study provide a structured synthesis of TD and its management in the context of ASD as well as potential research areas for further investigation.",2017.0,Information and Software Technology,information and software technology,A,Systematic Literature Review,1.0,,\bsystematic literature review\b
5dbd353561fe47f98ac443412e7c77b9d57c3655,Microservices-Driven Automation in Full-Stack Development: Bridging Efficiency and Innovation With FSMicroGenerator,"The development of modern web applications presents major challenges due to increasingly complex architectures, scalability requirements, and the need to reduce time to market. These challenges are exacerbated by the shortage of talent, making the implementation of modern architectures more difficult for many companies. In response, this article presents FSMicroGenerator, an innovative code generation tool based on a low-code approach, which exploits UML class diagrams and templates to generate multilingual, full-stack web applications based on a microservices architecture. FSMicroGenerator automates the entire process of creating IT solutions, from development to deployment, reducing technical barriers and technical debt, and enabling teams to focus on business innovation while ensuring compliance with industry standards and best practices. By facilitating the adoption of DevSecOps practices, it improves collaboration between the development and operations teams, ensuring that security is integrated at every stage of the development process. This enables continuous management of the application lifecycle, faster and more reliable releases, and proactive identification and mitigation of security vulnerabilities. FSMicroGenerator also stands out for its ability to create a catalog of ready-to-use functional blocks, enabling their reuse and integration into other solutions. In addition, it offers a secure ecosystem, protecting companies’ assets against the risks of data exposure and leakage thanks to a robust architecture and integrated security mechanisms. As part of our open innovation approach, we plan to make FSMicroGenerator open source, to broaden its adoption and enable the community to contribute to its continuous improvement.",2025.0,IEEE Access,access,A,Unknown,0.0,no_match,
5e8d6efd9e15ad541bbe114701496c7bbf235fa5,Combining Insights from Multiple Tools to Manage Technical Debt in Industrial C# Projects,"Technical Debt (TD) is a critical challenge in software development, leading to increased maintenance costs and reduced software quality over time. While considerable research has focused on identifying and managing TD in Java projects, studies on. NET (C#) projects remain limited. Additionally, existing approaches often rely on a single tool for TD detection, overlooking the benefits of combining multiple tools. In this paper, we analyze the effectiveness of Arcan, CodeScene, Designite, and DV8 on four industrial C#. NET 8 software products to address these research gaps. To validate and enrich our findings, we conducted online seminars and interviews with developers, architects, and managers involved in these projects, gathering practitioner insights on TD relevance and tool effectiveness. By leveraging complementary tools and practitioner feedback, we uncover different types of TD, including code-level, design, architectural, and knowledge debt. Our findings highlight each tool's strengths and limitations and demonstrate how integrating their outputs with expert input provides a more comprehensive and actionable TD assessment. Based on these insights, we propose a conceptual model for prioritizing and managing TD, offering guidance for practitioners.",2025.0,IEEE International Conference on Software Maintenance and Evolution,software maintenance and evolution,A,Theoretical Contribution,1.0,,\bconceptual model\b
5f641d304cbab41110a94e218d43824ce3195fde,"A Systematic Mapping Study Exploring Quantification Approaches to Code, Design, and Architecture Technical Debt","To effectively manage Technical Debt (TD), we need reliable means to quantify it. We conducted a Systematic Mapping Study (SMS) where we identified 39 quantification approaches for Code, Design, and Architecture TD. We analyzed concepts and metrics discussed in these quantification approaches by classifying the quantification approaches based on a set of abstract TD Quantification (TDQ) concepts and their high-level themes, process/time, cost, benefit, probability, and priority, which we developed during our SMS. This helped identify gaps in the literature and to propose future research directions. Among the abstract TDQ concepts discussed in the different quantification approaches, TD item, TD remediation cost, TD interest, and Benefit of remediating TD were the most frequently discussed concepts. They were also supported by some form of measurement. However, some TDQ concepts were poorly examined, for example, the benefit of taking TD. It was evident that cost concepts were more frequently quantified among the approaches, while benefit concepts were not. Most of the approaches focused on remediating TD in retrospect rather than quantifying TD to strategically use it during software development. This raises the question of whether existing approaches reliably quantify TD and suggests the need to further explore TDQ.",2024.0,ACM Transactions on Software Engineering and Methodology,transactions on software engineering and methodology,A*,Systematic Literature Review,1.0,,\bsystematic mapping study\b; \bsystematic mapping\b
651c38d551fe774ebcd742eeee27e8199a3ed4c3,Evolution of the Unix System Architecture: An Exploratory Case Study,"Unix has evolved for almost five decades, shaping modern operating systems, key software technologies, and development practices. Studying the evolution of this remarkable system from an architectural perspective can provide insights on how to manage the growth of large, complex, and long-lived software systems. Along main Unix releases leading to the FreeBSD lineage we examine core architectural design decisions, the number of features, and code complexity, based on the analysis of source code, reference documentation, and related publications. We report that the growth in size has been uniform, with some notable outliers, while cyclomatic complexity has been religiously safeguarded. A large number of Unix-defining design decisions were implemented right from the very early beginning, with most of them still playing a major role. Unix continues to evolve from an architectural perspective, but the rate of architectural innovation has slowed down over the system's lifetime. Architectural technical debt has accrued in the forms of functionality duplication and unused facilities, but in terms of cyclomatic complexity it is systematically being paid back through what appears to be a self-correcting process. Some unsung architectural forces that shaped Unix are the emphasis on conventions over rigid enforcement, the drive for portability, a sophisticated ecosystem of other operating systems and development organizations, and the emergence of a federated architecture, often through the adoption of third-party subsystems. These findings have led us to form an initial theory on the architecture evolution of large, complex operating system software.",2019.0,IEEE Transactions on Software Engineering,transactions on software engineering,A*,Case Study,1.0,,\bcase study\b; \bexploratory case study\b
6eec454bea41bc036d6170e8621760e30faedb45,AI4DE: The 1st International Workshop on AI for Data Editing,"Machine learning traditionally emphasizes developing models for given datasets, but real-world data is often messy, making model improvement insufficient for enhancing performance. AI for data editing (AI4DE) is an emerging field that systematically improves datasets, leading to significant practical ML advancements. While experienced data scientists have manually refined datasets through trial-and-error and intuition, AI4DE approaches data enhancement as a systematic engineering discipline. AI4DE represents a shift from focusing on models to the underlying data used for training and evaluation. Despite the dominance of common model architectures and predictable scaling rules, building and using datasets remain labor-intensive and costly, lacking infrastructure and best practices. The AI4DE movement aims to develop efficient, high-productivity open data engineering tools for modern ML systems. This workshop seeks to foster an interdisciplinary AI4DE community to address practical data challenges, including data collection, generation, labeling, preprocessing, augmentation, quality evaluation, debt, and governance. By defining and shaping the AI4DE movement, this workshop aims to influence the future of AI and ML, inviting interested parties to contribute through paper submissions",2025.0,Knowledge Discovery and Data Mining,knowledge discovery and data mining,A*,Unknown,0.0,no_match,
771f774a1472aae0911e7a9f09e1c676a122d5c4,Toward Predicting Architectural Significance of Implementation Issues,"In a software system's development lifecycle, engineers make numerous design decisions that subsequently cause architectural change in the system. Previous studies have shown that, more often than not, these architectural changes are unintentional by-products of continual software maintenance tasks. The result of inadvertent architectural changes is accumulation of technical debt and deterioration of software quality. Despite their important implications, there is a relative shortage of techniques, tools, and empirical studies pertaining to architectural design decisions. In this paper, we take a step toward addressing that scarcity by using the information in the issue and code repositories of open-source software systems to investigate the cause and frequency of such architectural design decisions. Furthermore, building on these results, we develop a predictive model that is able to identify the architectural significance of newly submitted issues, thereby helping engineers to prevent the adverse effects of architectural decay. The results of this study are based on the analysis of 21,062 issues affecting 301 versions of 5 large open-source systems for which the code changes and issues were publicly accessible.",2018.0,IEEE Working Conference on Mining Software Repositories,mining software repositories,A,Unknown,0.0,no_match,
7bb5b7ce83429ed77f2cbbe6efe027af86bcec98,On the Nature of Issues in Five Open Source Microservices Systems: An Empirical Study,"Due to its enormous benefits, the research and industry communities have shown an increasing interest in the Microservices Architecture (MSA) style over the last few years. Despite this, there is a limited evidence-based and thorough understanding of the types of issues (e.g., faults, errors, failures, mistakes) faced by microservices system developers and causes that trigger the issues. Such evidence-based understanding of issues and causes is vital for long-term, impactful, and quality research and practice in the MSA style. To that end, we conducted an empirical study on 1,345 issue discussions extracted from five open source microservices systems hosted on GitHub. Our analysis led to the first of its kind taxonomy of the types of issues in open source microservices systems, informing that the problems originating from Technical debt (321, 23.86%), Build (145, 10.78%), Security (137, 10.18%), and Service execution and communication (119, 8.84%) are prominent. We identified that “General programming errors”, “Poor security management”, “Invalid configuration and communication”, and “Legacy versions, compatibility and dependency” are the predominant causes for the leading four issue categories. Study results streamline a taxonomy of issues, their mapping with underlying causes, and present empirical findings that could facilitate research and development on emerging and next-generation microservices systems.",2021.0,International Conference on Evaluation & Assessment in Software Engineering,evaluation and assessment in software engineering,A,Unknown,0.0,tie:Empirical Study|Theoretical Contribution,\b(?:a |new )?taxonomy\b; \bempirical study\b
82488e37568fb47f3c1a3ea418c7859a17a7c56b,An Architectural Technical Debt Index Based on Machine Learning and Architectural Smells,"A key aspect of technical debt (TD) management is the ability to measure the amount of principal accumulated in a system. The current literature contains an array of approaches to estimate TD principal, however, only a few of them focus specifically on architectural TD, but none of them satisfies all three of the following criteria: being fully automated, freely available, and thoroughly validated. Moreover, a recent study has shown that many of the current approaches suffer from certain shortcomings, such as relying on hand-picked thresholds. In this article, we propose a novel approach to estimate architectural technical debt principal based on machine learning and architectural smells to address such shortcomings. Our approach can estimate the amount of technical debt principal generated by a single architectural smell instance. To do so, we adopt novel techniques from Information Retrieval to train a learning-to-rank machine learning model (more specifically, a gradient boosting machine) that estimates the severity of an architectural smell and ensure the transparency of the predictions. Then, for each instance, we statically analyse the source code to calculate the exact number of lines of code creating the smell. Finally, we combine these two values to calculate the technical debt principal. To validate the approach, we conducted a case study and interviewed 16 practitioners, from both open source and industry, and asked them about their opinions on the TD principal estimations for several smells detected in their projects. The results show that for 71% of instances, practitioners agreed that the estimations provided were representative of the effort necessary to refactor the smell.",2023.0,IEEE Transactions on Software Engineering,transactions on software engineering,A*,Case Study,1.0,,\bcase study\b
914e0d4647336b1538c742dc060b2f87a5f4b173,Global Trends and Empirical Metrics in the Evaluation of Code Smells and Technical Debt: A Bibliometric Study,"Software quality and long-term maintainability represent fundamental challenges in modern software engineering. Among the critical factors that affect these attributes are code smells, indicators of structural deficiencies in the source code, which, although they do not directly affect functionality, significantly increase technical debt and maintenance costs. This study presents a comprehensive bibliometric analysis of the scientific literature published between 2020 and 2024, with the objective of identifying the main trends, authors, sources, metrics and mitigation techniques associated with code smells and their relationship with technical debt. Seventy-eight articles extracted from the Scopus and Web of Science databases were analyzed using Bibliometrix (R), Biblioshiny and VOSviewer tools, applying productivity indicators, co-authorship networks, term co-occurrence analysis and thematic evolution. The results reveal a growing annual scientific production $(+35.79\%)$ , a concentration of publications in Q1 journals such as Journal of Systems and Software and IEEE Transactions on Software Engineering, and a strong presence of key authors such as Fabio Palomba and Tomas Cerny. The most prominent topics include the application of artificial intelligence techniques for automated detection of code smells, the use of empirical metrics such as cyclomatic complexity and data dependencies, and the implementation of strategies such as automated refactoring and peer review for mitigation. In addition, research gaps were identified in the evaluation of emerging code smells in modern architectures such as microservices or scientific software. This study not only consolidates existing knowledge, but also proposes new lines of research aimed at improving software sustainability through the use of predictive models and hybrid techniques. The bibliometric evidence obtained provides a solid framework for researchers and practitioners interested in optimizing code quality and proactively managing technical debt.",2025.0,IEEE Access,access,A,Unknown,0.0,no_match,
918488ad3762e79ec26c5308af81c9fd11b2e7f9,Assuring the Evolvability of Microservices: Insights into Industry Practices and Challenges,"While Microservices promise several beneficial characteristics for sustainable long-term software evolution, little empirical research covers what concrete activities industry applies for the evolvability assurance of Microservices and how technical debt is handled in such systems. Since insights into the current state of practice are very important for researchers, we performed a qualitative interview study to explore applied evolvability assurance processes, the usage of tools, metrics, and patterns, as well as participants' reflections on the topic. In 17 semi-structured interviews, we discussed 14 different Microservice-based systems with software professionals from 10 companies and how the sustainable evolution of these systems was ensured. Interview transcripts were analyzed with a detailed coding system and the constant comparison method. We found that especially systems for external customers relied on central governance for the assurance. Participants saw guidelines like architectural principles as important to ensure a base consistency for evolvability. Interviewees also valued manual activities like code review, even though automation and tool support was described as very important. Source code quality was the primary target for the usage of tools and metrics. Despite most reported issues being related to Architectural Technical Debt (ATD), our participants did not apply any architectural or service-oriented tools and metrics. While participants generally saw their Microservices as evolvable, service cutting and finding an appropriate service granularity with low coupling and high cohesion were reported as challenging. Future Microservices research in the areas of evolution and technical debt should take these findings and industry sentiments into account.",2019.0,IEEE International Conference on Software Maintenance and Evolution,software maintenance and evolution,A,Unknown,0.0,no_match,
9675ce96d531626c30c7149c9d61062d1e46b744,Accumulation and Prioritization of Architectural Debt in Three Companies Migrating to Microservices,"Many companies migrate to microservices because they help deliver value to customers quickly and continuously. However, like any architectural style, microservices are prone to architectural technical debt (ATD), which can be costly if the debts are not timely identified, avoided, or removed. During the early stages of migration, microservice-specific ATDs (MS-ATDs) may accumulate. For example, practitioners may decide to continue using poorly defined APIs in microservices while attempting to maintain compatibility with old functionalities. The riskiest MS-ATDs must be prioritized. Nevertheless, there is limited research regarding the prioritization of MS-ATDs in companies migrating to microservices. This study aims to identify, during migration, which MS-ATDs occur, are the most severe, and are the most challenging to solve. In addition, we propose a way to prioritize these debts. We conducted a multiple exploratory case study of three large companies that were early in the migration process to microservices. We interviewed 47 practitioners with several roles to identify the debts in their contexts. We report the MS-ATDs detected during migration, the MS-ATDs that practitioners estimate to occur in the future, and the MS-ATDs that practitioners report as difficult to solve. We discuss the results in the context of the companies involved in this study. In addition, we used a risk assessment approach to propose a way for prioritizing MS-ATDs. Practitioners from other organizations and researchers may use this approach to provide rankings to help identify and prioritize which MS-ATDs should be avoided or solved in their contexts.",2022.0,IEEE Access,access,A,Case Study,1.0,,\bcase study\b; \bexploratory case study\b
976c5affbf993e68765c00bf3710abcd973fdb4a,How long do Junior Developers take to Remove Technical Debt Items?,"Background. Software engineering is one of the engineering fields with the highest inflow of junior engineers. Tools that utilize source code analysis to provide feedback on internal software quality, i.e. Technical Debt (TD), are valuable to junior developers who can learn and improve their coding skills with minimal consultations with senior colleagues. Objective. We aim at understating which SonarQube TD items junior developers prioritize during the refactoring and how long they take to refactor them. Method. We designed a case study with replicated design and we conducted it with 185 junior developers in two countries, that developed 23 projects with different programming languages and architectures. Results. Junior developers focus homogeneously on different types of TD items. Moreover, they can refactor items in a fraction of the estimated time, never spending more than 50% of the time estimated by SonarQube. Conclusion. Junior Developers appreciate the usage of SonarQube and considered as a useful tool. Companies might ask junior developers to quickly clean their code.",2020.0,International Symposium on Empirical Software Engineering and Measurement,empirical software engineering and measurement,A,Unknown,0.0,tie:Empirical Study|Case Study,\b\d+ (?:open[- ]source |open )?projects?\b; \bcase study\b
97ed6f6042a9d0ea037fba2e26edbc4743ac5d42,Regulating Systemic Crises: Stemming the Contagion Risk in Networked-Loans Through Deep Graph Learning,"In networked-loans, guarantor enterprises have a legal duty to repay debt to the commercial bank when the guaranteed borrower enterprise defaults (fail to repay). During an economic recession, the risk of defaults may spread like wildfire – the loan network structure could amplify both reach and impact; thus leading to a large-scale corporation defaults even systemic financial crises. The Central Bank urges advanced regulation technology to recognize and act on the contagion risk in order to avoid the “gray rhino”. Therefore, we present a novel approach to help the regulators quantify the systemic risk and provide stemming clues. In particular, we report a state-of-the-art graph neural network architecture (iConReg) for detecting and isolating of contagion risk in China’s national-wide networked-loans. The overall accuracy of our model reaches over 91% of AUC (Area under the ROC Curve), which considerably outperforms the compared benchmark methods. By isolating the top 1% of predicted high-risky nodes in the contagion chains, iConReg reports a significant shrink (averaged 25.8%) of loan default rates. Moreover, we conduct extensive case and user studies to evaluate the effectiveness of our proposed method and the result also demonstrates its superior performance. Our presented approach opens up a new direction of using deep graph learning techniques to regulate the contagion risk of networked-loans, which enables the authorities to design more prompt prevention measures against systemic financial crises.",2023.0,IEEE Transactions on Knowledge and Data Engineering,transactions on knowledge and data engineering,A*,Unknown,0.0,no_match,
9884988dcf8fcbf06773fd22a6907313843ef8b6,Code Health Meter: A Quantitative and Graph-Theoretic Foundation for Automated Code Quality and Architecture Assessment,"Quantifying code quality and architectural soundness remains a persistent challenge in modern software engineering. Existing tools often rely on isolated or superficial metrics, lacking architectural awareness and actionable insight. This article introduces code health meter (CHM), a fully automated, referentially transparent framework for quantitative and graph-theoretic code quality assessment. CHM statically analyzes source code and produces a 6D signature per module, capturing semantic complexity (maintainability index, Halstead volume, cyclomatic complexity), architectural structure (graph centrality, modularity), and redundancy (code duplication via Rabin–Karp fingerprinting). The framework is designed to be deterministic, explainable, and amenable to longitudinal analysis. We validate CHM on a 14,000-line JavaScript system by tracking its evolution across multiple versions. Our analysis reveals increasing architectural fragmentation, rising code duplication, and declining maintainability. These findings demonstrate CHM’s capability to surface actionable architectural insights, quantify technical debt, and support evidence-driven refactoring decisions. CHM bridges the gap between classical software metrics and architectural reasoning, offering a robust foundation for integrating automated code health monitoring into engineering workflows.",2025.0,ACM Transactions on Software Engineering and Methodology,transactions on software engineering and methodology,A*,Systematic Literature Review,1.0,,\bquality assessment\b
98ac19b7f0fc8b2b97142d4f8a7ca96cc4c612d6,Specification and automatic checking of architecture constraints on object oriented programs,"Abstract Context: Architecture constraints are specifications of conditions to which an architecture model must adhere in order to satisfy an architecture decision imposed by a given design principle. These constraints can be specified with predicate languages like OCL at design time and checked on design artifacts. Objective: Many works in the literature studied the importance of checking these constraints to guarantee quality on design models, and to prevent technical debt and maintenance difficulties. In this paper, we propose a process whose ultimate goal is to enable the checking of these constraints in the implementation stage. Method: The proposed process takes as input a textual specification of an architecture constraint specified at design stage. It translates this specification into meta-programs and then it uses them with aspect-oriented programming to check constraints at the implementation stage and at run-time on object-oriented programs. Results: We experimented an implementation of this process on a set of 12 architecture constraints. The results of this experimentation showed that our process is able to statically and dynamically detect architecture constraint violations on toy object-oriented applications, but also on real-world ones. Conclusion: The automatic checking of architecture constraints is important at source code level and at runtime. It avoids the disappearance of architecture decision knowledge in implementation artifacts, and facilitates later their maintenance.",2018.0,Information and Software Technology,information and software technology,A,Unknown,0.0,no_match,
9b9b70835cea24764431a29f1168d4f0e0d7f004,DCAI: The 4th International Workshop on Data-Centric AI,"Machine learning traditionally emphasizes developing models for given datasets, but real-world data is often messy, making model improvement insufficient for enhancing performance. Data-Centric AI (DCAI) is an emerging field that systematically improves datasets, leading to significant practical ML advancements. While experienced data scientists have manually refined datasets through trial-and-error and intuition, DCAI approaches data enhancement as a systematic engineering discipline. DCAI represents a shift from focusing on models to the underlying data used for training and evaluation. Despite the dominance of common model architectures and predictable scaling rules, building and using datasets remain labor-intensive and costly, lacking infrastructure and best practices. The DCAI movement aims to develop efficient, high-productivity open data engineering tools for modern ML systems. This workshop seeks to foster an interdisciplinary DCAI community to address practical data challenges, including data collection, generation, labeling, preprocessing, augmentation, quality evaluation, debt, and governance. By defining and shaping the DCAI movement, this workshop aims to influence the future of AI and ML, inviting interested parties to contribute through paper submissions.",2024.0,International Conference on Information and Knowledge Management,information and knowledge management,A,Unknown,0.0,no_match,
b6b93509680c4a314e5ea5d8e3fed036601bdce2,Poster: Reengineering Legacy Systems for Supporting SOA: A Case Study on the Brazilian's Secretary of State for Taxation,"The migration of legacy systems to a service-oriented architecture (SOA) allows to deal with the demand for interoperability and the need to provide a robust high-available service interface. However, such migration presents a considerable risk, as it often involves the use of different techniques on systems with elevated technical debt and high maintenance costs. For this purpose, a process is instantiated to provide an appropriate set of techniques that will minimize risks and at the same time ensure quality improvement of the systems throughout the migration process. In this sense, this work reports on a case study of the application of a process for the reengineering of legacy systems to support the implementation of SOA project. This study has been applied to the evolution of legacy systems of the Secretariat of State for Taxation of Rio Grande do Norte (SET/RN), Brazil, providing significant results regarding the achievement of important quality goals.",2018.0,2018 IEEE/ACM 40th International Conference on Software Engineering: Companion (ICSE-Companion),software engineering,A*,Case Study,1.0,,\bcase study\b
b76fe85f45938b07306de57b9994b5063eee2d2a,The Pricey Bill of Technical Debt: When and by Whom will it be Paid?,"Software companies need to support continuous and fast delivery of customer value both in short and a long-term perspective. However, this can be hindered by evolution limitations and high maintenance efforts due to internal software quality issues by what is described as Technical Debt. Although significant theoretical work has been undertaken to describe the negative effects of Technical Debt, these studies tend to have a weak empirical basis and often lack quantitative data. The aim of this study is to estimate wasted time, caused by the Technical Debt interest during the software life-cycle. This study also investigates how practitioners perceive and estimate the impact of the negative consequences due to Technical Debt during the software development process. This paper reports the results of both an online web-survey provided quantitative data from 258 participants and follow-up interviews with 32 industrial software practitioners. The importance and originality of this study contributes and provides novel insights into the research on Technical Debt by quantifying the perceived interest and the negative effects it has on the software development life-cycle. The findings show that on average, 36% of all development time is estimated to be wasted due to Technical Debt; Complex Architectural Design and Requirement Technical Debt generates most negative effect; and that most time is wasted on understanding and/or measuring the Technical Debt. Moreover, the analysis of the professional roles and the age of the software system in the survey revealed that different roles are affected differently and that the consequences of Technical Debt are also influenced by the age of the software system.",2017.0,IEEE International Conference on Software Maintenance and Evolution,software maintenance and evolution,A,Unknown,0.0,no_match,
b93ff5363c0867fbdeed153e7f55cb7bf81acfd4,An Evolutionary Analysis of Software-Architecture Smells,"If software quality assurance is postponed or even abandoned for a software system, maintenance and evolution become harder or even impossible. One widely known symptom for the degradation of system quality are Architecture Smells (ASs), which violate fundamental principles of software design. In this paper, we present a study on the evolution of ASs as well as on how and when they foster system degradation. Thus, we provide valuable insights regarding what ASs are meaningful to assure system quality. To this end, we analyzed the evolution of three types of ASs in 14 open-source systems with a total of 485 versions. We adapted indicators used in previous studies to assess the severity of ASs (e.g., growth, lifetime), and relate ASs to technical debt as another established indicator. Our results indicate that 1) ASs remain mostly stable compared to the code size of a system, 2) certain types of ASs, such as cyclic dependencies, have a greater impact on system degradation, and 3) certain properties determine how much an AS contributes to software degradation. These findings are valuable for practitioners to identify and tackle system degeneration, as well as for researchers to scope new research on managing ASs and technical debt.",2021.0,IEEE International Conference on Software Maintenance and Evolution,software maintenance and evolution,A,Unknown,0.0,no_match,
bb5c82370775f21c4ac44ed66e5d6ca13ea21d42,Managing Technical Debt Using Intelligent Techniques - A Systematic Mapping Study,"Technical Debt (TD) is a metaphor reflecting technical compromises that can yield short-term benefits but might hurt the long-term health of a software system. With the increasing amount of data generated when performing software development activities, an emergent research field has gained attention: applying Intelligent Techniques to solve Software Engineering problems. Intelligent Techniques were used to explore data for knowledge discovery, reasoning, learning, planning, perception, or supporting decision-making. Although these techniques can be promising, there is no structured understanding related to their application to support Technical Debt Management (TDM) activities. Within this context, this study aims to investigate to what extent the literature has proposed and evaluated solutions based on Intelligent Techniques to support TDM activities. To this end, we performed a Systematic Mapping Study (SMS) to investigate to what extent the literature has proposed and evaluated solutions based on Intelligent Techniques to support TDM activities. In total, 150 primary studies were identified and analyzed, dated from 2012 to 2021. The results indicated a growing interest in applying Intelligent Techniques to support TDM activities, the most used: Machine Learning and Reasoning under uncertainty. Intelligent Techniques aimed to assist mainly TDM activities related to identification, measurement, and monitoring. Design TD, Code TD, and Architectural TD are the TD types in the spotlight. Most studies were categorized at automation levels 1 and 2, meaning that existing approaches still require substantial human intervention. Symbolists and Analogizers are levels of explanation presented by most Intelligent Techniques, implying that these solutions conclude a general truth after considering a sufficient number of particular cases. Moreover, we also cataloged the empirical research types, contributions, and validation strategies described in primary studies. Based on our findings, we argue that there is still room to improve the use of Intelligent Techniques to support TDM activities. The open issues that emerged from this study can represent future opportunities for practitioners and researchers.",2023.0,IEEE Transactions on Software Engineering,transactions on software engineering,A*,Systematic Literature Review,0.667,,\bsystematic mapping study\b; \bsystematic mapping\b
cddafd1c987981b4ec1e0bc8e6c065c87e91657a,Tracing the Lifecycle of Architecture Technical Debt in Software Systems: A Dependency Approach,"Architectural technical debt (ATD) represents trade-offs in software architecture that accelerate initial development but create long-term maintenance challenges. ATD, in particular when self-admitted, impacts the foundational structure of software, making it difficult to detect and resolve.This study investigates the lifecycle of ATD, focusing on how it affects i) the connectivity between classes and ii) the frequency of file modifications. We aim to understand how ATD evolves from introduction to repayment and its implications on software architectures.Our empirical approach was applied to a dataset of SATD items extracted from various software artifacts. We isolated ATD instances, filtered for architectural indicators, and calculated dependencies at different lifecycle stages using FAN-IN and FAN-OUT metrics. Statistical analyses, including the Mann-Whitney U test and Cliff’s delta, were used to assess the significance and effect size of connectivity and dependency changes over time.We observed that ATD repayment increased class connectivity, with FAN-IN increasing by 57.5% on average and FAN-OUT by 26.7%, suggesting a shift toward centralization and increased architectural complexity after repayment. Moreover, ATD files were modified less frequently than Non-ATD files, with changes accumulated in high-dependency portions of the code.Our study shows that resolving ATD improves software quality in the short-term, but can make the architecture more complex by centralizing dependencies. Also, even if dependency metrics (like FAN-IN and FAN-OUT) can help understand the impact of ATD, they should be combined with other measures to capture other effects of ATD on software maintainability.",2025.0,International Conference on Software Architecture,software architecture,A,Unknown,0.0,no_match,
d1d591763c0cf0a67575e072681b75b55ab5d3f2,The Impact of Bug Localization Based on Crash Report Mining: A Developers' Perspective,"Developers often use crash reports to understand the root cause of bugs. However, locating the buggy source code snippet from such information is a challenging task, mainly when the log database contains many crash reports. To mitigate this issue, recent research has proposed and evaluated approaches for grouping crash report data and using stack trace information to locate bugs. The effectiveness of such approaches has been evaluated by mainly comparing the candidate buggy code snippets with the actual changed code in bug-fix commits-which happens in the context of retrospective repository mining studies. Therefore, the existing literature still lacks discussing the use of such approaches in the daily life of a software company, which could explain the developers' perceptions on the use of these approaches. In this paper, we report our experience of using an approach for grouping crash reports and finding buggy code on a weekly basis for 18 months, within three development teams in a software company. We grouped over 750,000 crash reports, opened over 130 issues, and collected feedback from 18 developers and team leaders. Among other results, we observe that the amount of system logs related to a crash report group is not the only criteria developers use to choose a candidate bug to be analyzed. Instead, other factors were considered, such as the need to deliver customer-prioritized features and the difficulty of solving complex crash reports (e.g., architectural debts), to cite some. The approach investigated in this study correctly suggested the buggy file most of the time-the approach's precision was around 80%. In this study, the developers also shared their perspectives on the usefulness of the suspicious files and methods extracted from crash reports to fix related bugs.",2024.0,2024 IEEE/ACM 46th International Conference on Software Engineering: Software Engineering in Practice (ICSE-SEIP),software engineering,A*,Experience Report,1.0,,\bour experience\b
df575f37f9f7f9a209f5f3e40b6d11b634e2c135,How do i refactor this? An empirical study on refactoring trends and topics in Stack Overflow,"An essential part of software maintenance and evolution, refactoring is performed by developers, regardless of technology or domain, to improve the internal quality of the system, and reduce its technical debt. However, choosing the appropriate refactoring strategy is not always straightforward, resulting in developers seeking assistance. Although research in refactoring is well-established, with several studies altering between the detection of refactoring opportunities and the recommendation of appropriate code changes, little is known about their adoption in practice. Analyzing the perception of developers is critical to understand better what developers consider to be problematic in their code and how they handle it. Additionally, there is a need for bridging the gap between refactoring, as research, and its adoption in practice, by extracting common refactoring intents that are more suitable for what developers face in reality. In this study, we analyze refactoring discussions on Stack Overflow through a series of quantitative and qualitative experiments. Our results show that Stack Overflow is utilized by a diverse set of developers for refactoring assistance for a variety of technologies. Our observations show five areas that developers typically require help with refactoring– Code Optimization, Tools and IDEs, Architecture and Design Patterns, Unit Testing, and Database. We envision our findings better bridge the support between traditional (or academic) aspects of refactoring and their real-world applicability, including better tool support.",2021.0,Empirical Software Engineering,empirical software engineering,A,Empirical Study,1.0,,\bempirical study\b
dfe29a4356bad366657216504a23839a16577b1e,Asking about Technical Debt: Characteristics and Automatic Identification of Technical Debt Questions on Stack Overflow,"Background: Q&A sites allow to study how users reference and request support on technical debt. To date only few studies, focusing on narrow aspects, investigate technical debt on Stack Overflow. Aims: We aim at gaining an in-depth understanding on the characteristics of technical debt questions on Stack Overflow. In addition, we assess if identification strategies based on machine learning can be used to automatically identify and classify technical debt questions. Method: We use automated and manual processes to identify technical debt questions on Stack Overflow. The final set of 415 questions is analyzed to study (i) technical debt types, (ii) question length, (iii) perceived urgency, (iv) sentiment, and (v) themes. Natural language processing and machine learning techniques are used to assess if questions can be identified and classified automatically. Results: Architecture debt is the most recurring debt type, followed by code and design debt. Most questions display mild urgency, with frequency of higher urgency steadily declining as urgency rises. Question length varies across debt types. Sentiment is mostly neutral. 29 recurrent themes emerge. Machine learning can be used to identify technical debt questions and binary urgency, but not debt types. Conclusions: Different patterns emerge from the analysis of technical debt questions on Stack Overflow. The results provide further insights on the phenomenon, and support the adoption of a more comprehensive strategy to identify technical debt questions.",2022.0,International Symposium on Empirical Software Engineering and Measurement,empirical software engineering and measurement,A,Unknown,0.0,no_match,
f5e7c64733f72f969a342a319abb5a7fe6bd07e4,The Influence of Cognitive Biases on Architectural Technical Debt,"Cognitive biases exert a significant influence on human thinking and decision-making. In order to identify how they influence the occurrence of architectural technical debt, a series of semi-structured interviews with software architects was performed. The results show which classes of architectural technical debt originate from cognitive biases, and reveal the antecedents of technical debt items (classes) through biases. This way, we analysed how and when cognitive biases lead to the creation of technical debt. We also identified a set of debiasing techniques that can be used in order to prevent the negative influence of cognitive biases. The observations of the role of organisational culture in the avoidance of inadvertent technical debt throw a new light on that issue.",2021.0,International Conference on Software Architecture,software architecture,A,Unknown,0.0,no_match,
f7f00c579c7154b761594c83f6394a18aa17db52,Are Architectural Smells Independent from Code Smells? An Empirical Study,"Abstract Background. Architectural smells and code smells are symptoms of bad code or design that can cause different quality problems, such as faults, technical debt, or difficulties with maintenance and evolution. Some studies show that code smells and architectural smells often appear together in the same file. The correlation between code smells and architectural smells, however, is not clear yet; some studies on a limited set of projects have claimed that architectural smells can be derived from code smells, while other studies claim the opposite. Objective. The goal of this work is to understand whether architectural smells are independent from code smells or can be derived from a code smell or from one category of them. Method. We conducted a case study analyzing the correlations among 19 code smells, six categories of code smells, and four architectural smells. Results. The results show that architectural smells are correlated with code smells only in a very low number of occurrences and therefore cannot be derived from code smells. Conclusion. Architectural smells are independent from code smells, and therefore deserve special attention by researchers, who should investigate their actual harmfulness, and practitioners, who should consider whether and when to remove them.",2019.0,Journal of Systems and Software,journal of systems and software,A,Unknown,0.0,tie:Empirical Study|Case Study,\bcase study\b; \bempirical study\b
1f1e0c67b4483627ca1863412f71e8c70fb2bfcb,Symptoms of Architecture Erosion in Code Reviews: A Study of Two OpenStack Projects,"The phenomenon of architecture erosion can negatively impact the maintenance and evolution of software systems, and manifest in a variety of symptoms during software development. While erosion is often considered rather late, its symptoms can act as early warnings to software developers, if detected in time. In addition to static source code analysis, code reviews can be a source of detecting erosion symptoms and subsequently taking action. In this study, we investigate the erosion symptoms discussed in code reviews, as well as their trends, and the actions taken by developers. Specifically, we conducted an empirical study with the two most active Open Source Software (OSS) projects in the OpenStack community (i.e., Nova and Neutron). We manually checked 21,274 code review comments retrieved by keyword search and random selection, and identified 502 code review comments (from 472 discussion threads) that discuss erosion. Our findings show that (1) the proportion of erosion symptoms is rather low, yet notable in code reviews and the most frequently identified erosion symptoms are architectural violation, duplicate functionality, and cyclic dependency; (2) the declining trend of the identified erosion symptoms in the two OSS projects indicates that the architecture tends to stabilize over time; and (3) most code reviews that identify erosion symptoms have a positive impact on removing erosion symptoms, but a few symptoms still remain and are ignored by developers. The results suggest that (1) code review provides a practical way to reduce erosion symptoms; and (2) analyzing the trend of erosion symptoms can help get an insight about the erosion status of software systems, and subsequently avoid the potential risk of architecture erosion.",2022.0,International Conference on Software Architecture,software architecture,A,Empirical Study,1.0,,\bempirical study\b
299b4f3c9e592bd0037e5c8d581e364316cd66e1,Emergent Reefs,"The purpose of Emergent-Reefs is to establish, through computational design strategies and machine-based fabrication, seamless relationships between three different aspects of the architectural process: generation, simulation and construction, with the intent of exploiting the expressive and tectonic potential of D-Shape technology for underwater reef formations as a design response to coastal erosion. Starting from a digital simulation of a synthetic local ecosystem, a generative technique based on multi-agent systems and reaction-diffusion (through continuous cellular automata CCA) is implemented in a voxel field at several scales. Discrete voxel space eases the simulation of complex systems and processes (including CFD simulations) via CCA algorithms, which then can be translated directly to the physical production system, which in case of addtive technology can be specified as guided growth.",2012.0,Proceedings of the 32nd Annual Conference of the Association for Computer Aided Design in Architecture (ACADIA),annual conference of the association for computer aided design in architecture,A,Unknown,0.0,no_match,
315369f5aab9393be42fe0ad2740d7aee9f95a6c,Ensuring and Assessing Architecture Conformance to Microservice Decomposition Patterns,"Microservice-based software architecture design has been widely discussed, and best practices have been published as architecture design patterns. However, conformance to those patterns is hard to ensure and assess automatically, leading to problems such as architectural drift and erosion, especially in the context of continued software evolution or large-scale microservice systems. In addition, not much in the component and connector architecture models is specific (only) to the microservices approach, whereas other aspects really specific to that approach, such as independent deployment of microservices, are usually modeled in other views or not at all. We suggest a set of constraints to check and metrics to assess architecture conformance to microservice patterns. In comparison to expert judgment derived from the patterns, a subset of these constraints and metrics shows a good relative performance and potential for automation.",2017.0,International Conference on Service Oriented Computing,service oriented computing,A,Unknown,0.0,no_match,
40090425870c3c652f4f1bc3d4058fc67293349a,Automatic Wave Overtopping Detection in Coastal Videos Using a Deep Learning Technique,"Over the past decades, coastal video-monitoring systems have proven to be highly useful tools in studying dynamic coastal processes, such as wave overtopping and coastal erosion, providing substantial contributions to the monitoring and management of these vulnerable areas. This work proposes a deep learning approach aimed at identifying wave overtopping events through the analysis of coastal imagery, relying on an architecture that integrates Convolutional Neural Networks (CNNs) with bidirectional Long Short-Term Memory (BiLSTM) units. The dataset consisted of sequences with and without wave overtopping events, derived from continuous video recordings by a coastal monitoring station at Praia dos Pescadores, an urban front facing the jetty of Ericeira harbor on the west coast of Portugal. The sequences were evenly distributed between overtopping events and normal conditions. The model was developed and optimized using Bayesian optimization techniques. After training and evaluation, the model showed high classification performance, reaching 0.97 in both precision and specificity, and 0.92 in recall. The F1-score and the Area Under the Receiver Operating Characteristic Curve (AUC-ROC) were each 0.94, reflecting the system’s capability to detect wave overtopping events accurately, while keeping the rate of false positives low. The proposed system offers a promising contribution toward the development of advanced operational coastal monitoring services, supporting improved coastal risk management and early warning strategies. Given its architecture and data-driven design, the approach may be adapted to other coastal settings through site-specific training, reinforcing its potential applicability to broader coastal monitoring contexts.",2026.0,IEEE Access,access,A,Unknown,0.0,no_match,
80e41aedf9dc68b2af0ac4ecf10884a8cec7569b,Software Architecture Degradation in Open Source Software: A Systematic Literature Review,"Software architecture (SA) has a prominent role in all stages of system development. Given the persistent evolution of software systems over time, SA tends to be eroded or degraded. Such phenomenon is called architectural degradation. In light of this phenomenon, the current study focuses on problems of architectural erosion in the open-source software (OSS). There has been a significant research activity on the OSS over the last decade. Nonetheless, the architectural degradation problems in the OSS are still scattered and disorganized. In addition, there has been no systematic attempt made on existing studies to provide evidence, insight and better understanding for researchers and practitioners. The main objective of the present study is to provide a profound understanding and to review the existing studies on the architectural erosion of the OSS. In this study, we conduct a systematic literature review (SLR) to gather, organize, classify, and analyze the architectural degradation of previous papers published until the year 2020. The data for this study were collected from eight major online databases (ACM, Springer, ScienceDirect, Taylor, IEEE Explorer, Scopus, Web of Science, and Wiley). A total of 74 primary studies were identified as the final samples of this research. The results indicated that rapid software evolution, frequent changes, and the lack of developers’ awareness are the most common causes occurred in architecture degradation. Meanwhile, the prominent key indicators of architectural erosion symptoms are code smells and architectural smells. Additionally, the results indicated the most commonly used of the proposed solution for addressing architectural erosion is the metrics-based strategy. Acknowledging the limitations of the current study, more studies are needed that focus on determining other causes that are still ambiguous and improving the other solutions to provide better results in the precision and effectiveness of addressing architectural erosion.",2020.0,IEEE Access,access,A,Systematic Literature Review,1.0,,\bsystematic literature review\b
8278b8a9ed60c3867b2e9fa1630ac57a3a0a1e53,Characterizing the architectural erosion metrics: A systematic mapping study,"Software architecture is crucial in determining success or failure in a variety of software development and design fields. Typically, as a system evolves, software architecture deteriorates. This phenomenon is known as architectural erosion. Several studies have addressed architectural erosion based on different solutions. As a result, the metrics technique is the most prevalent solution for architectural erosion. Nevertheless, a comprehensive description of architectural erosion metrics remains unorganized and scattered. This work aims to conduct a systematic mapping to describe and analyze the architectural erosion metrics to provide an overview of erosion metrics and their current trends. Furthermore, no systematic attempts have been made on architectural erosion metrics. The final samples of this study were specified as a total of 43 included papers. Nearly 100 architectural erosion metrics were found. We proposed nine classifications to address architectural erosion challenges, based on adopted approaches in primary studies. The metrics of architectural erosion provide strong evidence for identifying decay and a rapid enabler factor for the adoption of numerous metrics mechanisms to address architectural erosion. The classification of metrics, which is the first of its kind, benefits researchers and practitioners. However, it can be concluded that various aspects are still ambiguous and require further research on architectural erosion measures.",2022.0,IEEE Access,access,A,Systematic Literature Review,1.0,,\bsystematic mapping study\b; \bsystematic mapping\b
ad49128b96053d7e77cd14e07b80e1931ef74819,Understanding Architecture Erosion: The Practitioners’ Perceptive,"As software systems evolve, their architecture is meant to adapt accordingly by following the changes in requirements, the environment, and the implementation. However, in practice, the evolving system often deviates from the architecture, causing severe consequences to system maintenance and evolution. This phenomenon of architecture erosion has been studied extensively in research, but not yet been examined from the point of view of developers. In this exploratory study, we look into how developers perceive the notion of architecture erosion, its causes and consequences, as well as tools and practices to identify and control architecture erosion. To this end, we searched through several popular online developer communities for collecting data of discussions related to architecture erosion. Besides, we identified developers involved in these discussions and conducted a survey with 10 participants and held interviews with 4 participants. Our findings show that: (1) developers either focus on the structural manifestation of architecture erosion or on its effect on run-time qualities, maintenance and evolution; (2) alongside technical factors, architecture erosion is caused to a large extent by non-technical factors; (3) despite the lack of dedicated tools for detecting architecture erosion, developers usually identify erosion through a number of symptoms; and (4) there are effective measures that can help to alleviate the impact of architecture erosion.",2021.0,IEEE International Conference on Program Comprehension,program comprehension,A,Empirical Study,1.0,,\bexploratory study\b
c361a173712642cc8e3f33eb9a60718caf9c2fd5,Software landscape and application visualization for system comprehension with ExplorViz,"Hierarchical and multi-layer visualization of large software landscapes with ExplorViz, generated from monitoring traces.Reusable design and execution of a controlled experiment comparing a flat landscape visualization to our hierarchical landscape visualization in system comprehension tasks.Controlled experiments for comparing ExplorViz with the Extravis trace visualization approach, for employing physical 3D-printed ExplorViz models, and for exploring 3D ExplorViz models in virtual reality. Display Omitted Context: The number of software applications deployed in organizations is constantly increasing. Those applications often several hundreds form large software landscapes.Objective: The comprehension of such landscapes and their applications is often impeded by, for instance, architectural erosion, personnel turnover, or changing requirements. Therefore, an efficient and effective way to comprehend such software landscapes is required.Method: In our ExplorViz visualization, we introduce hierarchical abstractions aiming at solving system comprehension tasks fast and accurately for large software landscapes. Besides hierarchical visualization on the landscape level, ExplorViz provides multi-level visualization from the landscape to the level of individual applications. The 3D application-level visualization is empirically evaluated with a comparison to the Extravis approach, with physical models and in virtual reality. To evaluate ExplorViz, we conducted four controlled experiments. We provide packages containing all our experimental data to facilitate the verifiability, reproducibility, and further extensibility of our results.Results: We observed a statistical significant increase in task correctness of the hierarchical visualization compared to the flat visualization. The time spent did not show any significant differences. For the comparison with Extravis, we observed that solving program comprehension tasks using ExplorViz leads to a significant increase in correctness and in less or similar time spent. The physical models improved the team-based program comprehension process for specific tasks by initiating gesture-based interaction, but not for all tasks. The participants of our virtual reality experiment with ExplorViz rated the realized gestures for translation, rotation, and selection as highly usable. However, our zooming gesture was less favored.Conclusion: The results backup our claim that our hierarchical and multi-level approach enhances the current state of the art in landscape and application visualization for better software system comprehension, including new forms of interaction with physical models and virtual reality.",2017.0,Information and Software Technology,information and software technology,A,Controlled Experiment,1.0,,\bcontrolled experiment\b
c3882aa7d1b11956d7b3233edf5d9435a3896b68,Energy Efficient Iris Recognition With Graphics Processing Units,"For the past 40 years, Moore's law has predicted the rapid growth of the computer industry. In the past few years, however, this growth has slowed for central processing units (CPUs). Instead, there has been a shift to multicore computing, specifically with the general purpose graphic processing units (GPUs). Conventional CPUs have between two and eight cores, but the GPUs can have hundreds, even thousands of cores. By parallelizing code, the computing power of these cores can be utilized to greatly accelerate the performance of certain algorithms. The GPUs, however, have been known to consume more power than the conventional processing units. While previous research has focused on the impact that the GPUs have on performance, there are much fewer studies on the impact of GPUs on energy consumption and efficiency. Some researchers have hypothesized that if the performance of an algorithm was sufficiently increased on a GPU, then the accelerated time would actually cause the GPU to consume less energy. For the first time to our knowledge, we study the energy efficiency of a GPU with an application to iris recognition. Using GPU-based code written in the C++ compatible compute unified device architecture language, energy consumption tests are performed on basic image processing techniques, including image inversion, thresholding, dilation, erosion, and memory/computationally intensive calculations, such as the template matching. We demonstrate that the portions of these algorithms implemented on the GPU reduce energy consumption by as much as 272 times.",2016.0,IEEE Access,access,A,Unknown,0.0,no_match,
c5330b27948d113f46317ad8616524cd49d85bc5,Warnings: Violation Symptoms Indicating Architecture Erosion,"As a software system evolves, its architecture tends to degrade, and gradually impedes software maintenance and evolution activities and negatively impacts the quality attributes of the system. The main root cause behind architecture erosion phenomenon derives from violation symptoms (such as violations of architecture pattern). Previous studies focus on detecting violations in software systems using architecture conformance checking approaches. However, code review comments are also rich sources that may contain extensive discussions regarding architecture violations. In this work, we investigated the characteristics of architecture violation symptoms in code review comments from the developers' perspective. We employed a set of keywords related to violation symptoms to collect 606 (out of 21,583) code review comments from four popular OSS projects in the OpenStack and Qt communities. We manually analyzed the collected 606 review comments to provide the categories and linguistic patterns of violation symptoms, as well as the reactions how developers addressed them. Our findings show that: (1) 10 categories of violation symptoms are discussed by developers during the code review process; (2) The frequently-used terms of expressing violation symptoms are""inconsistent""and""violate"", and the most frequently-used linguistic pattern is Problem Discovery; (3) Refactoring and removing code are the major measures (90%) to tackle violation symptoms, while a few violation symptoms were ignored by developers. Our findings suggest that the investigation of violation symptoms can help researchers better understand the characteristics of architecture erosion and facilitate the development and maintenance activities, and developers should explicitly manage violation symptoms, not only for addressing the existing architecture violations but also preventing future violations.",2022.0,Information and Software Technology,information and software technology,A,Unknown,0.0,no_match,
e860766f2a076246c9d1d04d2ef2d8ab6b6a0200,Spatiotemporal forecasting of the edge localized modes in tokamak plasmas using neural networks,"Artificial intelligence techniques have been increasingly adopted by the plasma and fusion science to address problems like plasma reconstruction, surrogate modeling, and tokamak/stellarator optimization. A key focus in sustained fusion research is the prediction and mitigation of edge-localized-modes (ELMs), instabilities that occur in short, periodic bursts and can cause erosion to the tokamak vessel wall. Recent research has demonstrated the power of neural networks in approximating continuous functions. In this work, we build spatiotemporal forecasting models that can predict the onset of ELMs and their evolution at early stages. We leverage recent advances in generative modeling, sequence-to-sequence modeling, and Fourier neural operators to propose architectures and training strategies that can learn to forecast short to long term dynamics of the noisy signals due to ELMs. We benchmark the developed model against a state-of-the-art foundation model using the beam emission spectroscopy (BES) data that captures the plasma fluctuations due to ELMs over a 8×8 spatial grid. Our models demonstrate high accuracy, outperforming the baselines, in predicting the evolution of BES signals during ELM events. Furthermore, the developed models exhibit high accuracy in predicting the rapid rise and relaxation of the signals due to ELMs within 30–80 µs.",2025.0,Machine Learning: Science and Technology,machine learning,A*,Unknown,0.0,no_match,
0134b0f73d8d0848f2e0edc05db5eeed17152f03,Technical Debts and Faults in Open-source Quantum Software Systems: An Empirical Study,"Quantum computing is a rapidly growing field attracting the interest of both researchers and software developers. Supported by its numerous open-source tools, developers can now build, test, or run their quantum algorithms. Although the maintenance practices for traditional software systems have been extensively studied, the maintenance of quantum software is still a new field of study but a critical part to ensure the quality of a whole quantum computing system. In this work, we set out to investigate the distribution and evolution of technical debts in quantum software and their relationship with fault occurrences. Understanding these problems could guide future quantum development and provide maintenance recommendations for the key areas where quantum software developers and researchers should pay more attention. In this paper, we empirically studied 118 open-source quantum projects, which were selected from GitHub. The projects are categorized into 10 categories. We found that the studied quantum software suffers from the issues of code convention violation, error-handling, and code design. We also observed a statistically significant correlation between code design, redundant code or code convention, and the occurrences of faults in quantum software.",2022.0,Journal of Systems and Software,journal of systems and software,A,Empirical Study,1.0,,\bempirical study\b
08be4f093a6d90d9e0281d9ffdb7c38be5644d79,Characterizing and Mitigating Self-Admitted Technical Debt in Build Systems,"Technical Debt is a metaphor used to describe the situation in which long-term software artifact quality is traded for short-term goals in software projects. In recent years, the concept of self-admitted technical debt (SATD) was proposed, which focuses on debt that is intentionally introduced and described by developers. Although prior work has made important observations about admitted technical debt in source code, little is known about SATD in build systems. In this paper, we set out to better understand the characteristics of SATD in build systems. To do so, through a qualitative analysis of 500 SATD comments in the Maven build system of 291 projects, we characterize SATD by location and rationale (reason and purpose). Our results show that limitations in tools and libraries, and complexities of dependency management are the most frequent causes, accounting for 50% and 24% of the comments. We also find that developers often document SATD as issues to be fixed later. As a first step towards the automatic detection of SATD rationale, we train classifiers to detect the two most frequently occurring reasons and the four most frequently occurring purposes of SATD in the content of comments in Maven build systems. The classifier performance is promising, achieving an F1-score of 0.71–0.79. Finally, within 16 identified ‘ready-to-be-addressed’ SATD instances, the three SATD submitted by pull requests and the five SATD submitted by issue reports were resolved after developers were made aware. Our work presents the first step towards understanding technical debt in build systems and opens up avenues for future work, such as tool support to track and manage SATD backlogs.",2021.0,IEEE Transactions on Software Engineering,transactions on software engineering,A*,Empirical Study,1.0,,\b\d+ (?:open[- ]source |open )?projects?\b
0a3017173792bc298f320633bc71998e587a5b35,Towards Better Technical Debt Detection with NLP and Machine Learning Methods,"Technical debt (TD) is an economical term used to depict non-optimal choices made in the software development process. It occurs usually when developers take shortcuts instead of following agreed upon development practices, and unchecked growth of technical debt can start to incur negative effects for software development processes.Technical debt detection and management is mainly done manually, and this is both slow and costly way of detecting technical debt. Automatic detection would solve this issue, but even state-of-the-art tools of today do not accurately detect the appearance of technical debt. Therefore, increasing the accuracy of automatic classification is of high importance, so that we could eliminate significant portion from the costs relating to technical debt detection.This research aims to solve the problem in detection accuracy by bringing in together static code analysis and natural language processing. This combination of techniques will allow more accurate detection of technical debt, when compared to them being used separately from each other. Research also aims to discover themes and topics from written developer messages that can be linked to technical debt. These can help us to understand technical debt from developers’ viewpoint. Finally, we will build an open-source tool/plugin that can be used to accurately detect technical debt using both static analysis and natural language processing methods.",2020.0,2020 IEEE/ACM 42nd International Conference on Software Engineering: Companion Proceedings (ICSE-Companion),software engineering,A*,Tool Paper,1.0,,\bopen[- ]source tool\b
1edfcaff615857bd1de92ded38f80cc4a08147a0,SATD Detector: A Text-Mining-Based Self-Admitted Technical Debt Detection Tool,"In software projects, technical debt metaphor is used to describe the situation where developers and managers have to accept compromises in long-term software quality to achieve short-term goals. There are many types of technical debt, and self-admitted technical debt (SATD) was proposed recently to consider debt that is introduced intentionally (e.g., through temporary fix) and admitted by developers themselves. Previous work has shown that SATD can be successfully detected using source code comments. However, most current state-of-the-art approaches identify SATD comments through pattern matching, which achieve high precision but very low recall. That means they may miss many SATD comments and are not practical enough. In this paper, we propose SATD Detector, a tool that is able to (i) automatically detect SATD comments using text mining and (ii) highlight, list and manage detected comments in an integrated development environment (IDE). This tool consists of a Java library and an Eclipse plug-in. The Java library is the back-end, which provides command-line interfaces and Java APIs to re-train the text mining model using users' data and automatically detect SATD comments using either the build-in model or a user-specified model. The Eclipse plug-in, which is the front-end, first leverages our pre-trained composite classifier to detect SATD comments, and then highlights and marks these detected comments in the source code editor of Eclipse. In addition, the Eclipse plug-in provides a view in IDE which collects all detected comments for management. Demo URL: https://youtu.be/sn4gU2qhGm0 Java library download: https://git.io/vNdnY Eclipse plug-in download: https://goo.gl/ZzjBzp",2018.0,2018 IEEE/ACM 40th International Conference on Software Engineering: Companion (ICSE-Companion),software engineering,A*,Tool Paper,1.0,,\b(?:eclipse|intellij|vs ?code) plug[- ]?in\b
288d788247b7aa39a31af01c8f5e2c0d6a5034dd,The most common causes and effects of technical debt: first results from a global family of industrial surveys,"Background: The presence of technical debt (TD) brings risks to a software project and makes it difficult to manage. Several TD management strategies have been proposed, but considering actions that could explicitly prevent the insertion of TD in the first place and monitor its effects is not yet a common practice. Thus, while TD management is an important topic, it is also worthwhile to understand the causes that could lead development teams to incur different types of debt as well as the effects of their presence on software projects. Aims: The objective of this work is twofold. First, we investigate the state of practice in the TD area including the status quo, the causes that lead to TD occurrence, and the effects of existing TD. Second, we present the design of InsighTD, a globally distributed family of industrial surveys on causes and effects of TD, and the results of its first execution. Method: We designed the InsighTD in joint collaboration with several TD researchers. It is designed to run as an incremental large scale study based on continuous and independent replications of the questionnaire in different countries. Results: This paper presents the first results of the first execution of the survey. In total, 107 practitioners from the Brazilian software industry answered the questionnaire. Results indicate that there is a broad familiarity with the concept of TD. Deadlines, inappropriate planning, lack of knowledge, and lack of a well-defined process are among the top 10 cited and most likely causes that lead to the occurrence of TD. On the other side, low quality, delivery delay, low maintainability, rework and financial loss are among the top 10 most commonly cited and impactful effects of TD. Conclusion: With InsighTD, we intend to reduce the problem of isolated investigations in TD that are not yet representative and, thus, build a continuous and generalizable empirical basis for understanding practical problems and challenges of TD.",2018.0,International Symposium on Empirical Software Engineering and Measurement,empirical software engineering and measurement,A,Unknown,0.0,tie:Survey|Empirical Study,\blarge[- ]scale study\b; \bquestionnaire\b
2ce8a4cfbd96621cd926f253f0978860a79db5b0,"Understanding Docker Refactorings: Expanded Taxonomy, Operational Trade-Offs, and Role-Aware Recommendations","Docker-based software containerization has recently emerged as the de facto standard for delivering reusable software artifacts. With a plethora of publicly available Docker images, developers can easily build and deploy their applications, resulting in an industry-wide shift toward containerized solutions. Container-based projects, on the other hand, include several components, such as the Docker and Docker-compose files, as well as several dependencies in the source code, combining different containers and simplifying interactions with them. Like any other complex system, Container-based projects are prone to multiple quality and technical debt issues relating to several artifacts, namely, Docker and Docker-compose files. In a previous work, we conducted the first foundational study on refactorings, i.e., structural changes, while preserving the behavior applied in open-source Docker projects and the technical debt issues they alleviate. The findings suggest that developers refactor these Docker projects for a variety of reasons specific to the configuration, combination, and execution of containers. We defined different best practices and introduced 24 new Docker-specific refactorings and 7 technical debt categories. In this paper, we extend our prior study by expanding the dataset nearly sixfold, from 68 to 443 projects, and refining our selection methodology. These changes reveal 17 additional Docker-specific refactorings, bringing our catalog to 41 distinct mechanisms, and introduce two new technical-debt categories, for a total of nine. We also derive 48 role-aware (Dev vs. Ops) recommendations and quantify the operational impact of refactorings on release-image size and build time, analyzing size–time trade-offs. These extensions not only expand the known landscape of Docker-specific quality issues but also provide deeper insights into how practitioners manage and alleviate technical debt in container environments.",2026.0,IEEE Transactions on Software Engineering,transactions on software engineering,A*,Unknown,0.0,tie:Empirical Study|Theoretical Contribution,\b(?:a |new )?taxonomy\b; \b\d+ (?:open[- ]source |open )?projects?\b
652b5f7fe649214a7ca58d8de4fb1b27c21a3670,Automating Change-Level Self-Admitted Technical Debt Determination,"Technical debt (TD) is a metaphor to describe the situation where developers introduce suboptimal solutions during software development to achieve short-term goals that may affect the long-term software quality. Prior studies proposed different techniques to identify TD, such as identifying TD through code smells or by analyzing source code comments. Technical debt identified using comments is known as Self-Admitted Technical Debt (SATD) and refers to TD that is introduced intentionally. Compared with TD identified by code metrics or code smells, SATD is more reliable since it is admitted by developers using comments. Thus far, all of the state-of-the-art approaches identify SATD at the file-level. In essence, they identify whether a file has SATD or not. However, all of the SATD is introduced through software changes. Previous studies that identify SATD at the file-level in isolation cannot describe the TD context related to multiple files. Therefore, it is beneficial to identify the SATD once a change is being made. We refer to this type of TD identification as “Change-level SATD Determination”, which determines whether or not a change introduces SATD. Identifying SATD at the change-level can help to manage and control TD by understanding the TD context through tracing the introducing changes. To build a change-level SATD Determination model, we first identify TD from source code comments in source code files of all versions. Second, we label the changes that first introduce the SATD comments as TD-introducing changes. Third, we build the determination model by extracting 25 features from software changes that are divided into three dimensions, namely diffusion, history and message, respectively. To evaluate the effectiveness of our proposed model, we perform an empirical study on 7 open source projects containing a total of 100,011 software changes. The experimental results show that our model achieves a promising and better performance than four baselines in terms of AUC and cost-effectiveness (i.e., percentage of TD-introducing changes identified when inspecting 20 percent of changed LOC). On average across the 7 experimental projects, our model achieves AUC of 0.82, cost-effectiveness of 0.80, which is a significant improvement over the comparison baselines used. In addition, we found that “Diffusion” is the most discriminative dimension among the three dimensions of features for determining TD-introducing changes.",2019.0,IEEE Transactions on Software Engineering,transactions on software engineering,A*,Empirical Study,1.0,,\bempirical study\b; \b\d+ (?:open[- ]source |open )?projects?\b
78269a8a8bb076fde490bb3d957675f77bd2f7dc,Exploration of Technical Debt in Start-ups,"Context: Software start-ups are young companies aiming to build and market software-intensive products fast with little resources. Aiming to accelerate time-to-market, start-ups often opt for ad-hoc engineering practices, make shortcuts in product engineering, and accumulate technical debt. Objective: In this paper we explore to what extent precedents, dimensions and outcomes associated with technical debt are prevalent in start-ups. Method: We apply a case survey method to identify aspects of technical debt and contextual information characterizing the engineering context in start-ups. Results: By analyzing responses from 86 start-up cases we found that start-ups accumulate most technical debt in the testing dimension, despite attempts to automate testing. Furthermore, we found that start-up team size and experience is a leading precedent for accumulating technical debt: larger teams face more challenges in keeping the debt under control. Conclusions: This study highlights the necessity to monitor levels of technical debt and to preemptively introduce practices to keep the debt under control. Adding more people to an already di cult to maintain product could amplify other precedents, such as resource shortages, communication issues and negatively a ect decisions pertaining to the use of good engineering practices.",2017.0,2018 IEEE/ACM 40th International Conference on Software Engineering: Software Engineering in Practice Track (ICSE-SEIP),software engineering,A*,Unknown,0.0,no_match,
891f74b4ce0926239b60a85a5509bfbd96cb4d4e,Predicting Community Smells’ Occurrence on Individual Developers by Sentiments,"Community smells appear in sub-optimal software development community structures, causing unforeseen additional project costs, e.g., lower productivity and more technical debt. Previous studies analyzed and predicted community smells in the granularity of community sub-groups using socio-technical factors. However, refactoring such smells requires the effort of developers individually. To eliminate them, supportive measures for every developer should be constructed according to their motifs and working states. Recent work revealed developers’ personalities could influence community smells’ variation, and their sentiments could impact productivity. Thus, sentiments could be evaluated to predict community smells’ occurrence on them. To this aim, this paper builds a developer-oriented and sentiment-aware community smell prediction model considering 3 smells such as Organizational Silo, Lone Wolf, and Bottleneck. Furthermore, it also predicts if a developer quitted the community after being affected by any smell. The proposed model achieves cross- and within-project prediction F-Measure ranging from 76% to 93%. Research also reveals 6 sentimental features having stronger predictive power compared with activeness metrics. Imperative and indicative expressions, politeness, and several emotions are the most powerful predictors. Finally, we test statistically the mean and distribution of sentimental features. Based on our findings, we suggest developers should communicate in a straightforward and polite way.",2021.0,IEEE International Conference on Program Comprehension,program comprehension,A,Unknown,0.0,no_match,
8f24f839cb98ce03f6e9c0a2dcac6169b4e45748,Why do builds fail? - A conceptual replication study,"Previous studies have investigated a wide range of factors potentially explaining software build breakages, focusing primarily on build-triggering code changes or previous CI outcomes. However, code quality factors such as the presence of code/test smells have not been yet evaluated in the context of CI, even though such factors have been linked to problems of comprehension and technical debt, and hence might introduce bugs and build breakages. This paper performs a conceptual replication study on 27,675 Travis CI builds of 15 GitHub projects, considering the features reported by Rausch et al. and Zolfagharinia et al., as well as those related to code/test smells. Using a multivariate model constructed from nine dimensions of features, results indicate a precision (recall) ranging between 58.3% and 79.0% (52.4% and 69.6%) in balanced project datasets, and between 2.5% and 37.5% (2.5% and 12.4%) in imbalanced project datasets. Models trained on our balanced project datasets were later used to perform cross-project prediction on the imbalanced projects, achieving an average improvement of 9.3% (16.2%) in precision (recall). Statistically, the results conﬁrm that features from the build history, author, code complexity, and code/test smell dimensions are the most important predictors of build failures.",2021.0,Journal of Systems and Software,journal of systems and software,A,Unknown,0.0,no_match,
926e5b150777ac02aeae3fb7372ee640125672af,Good Fences Make Good Neighbours? On the Impact of Cultural and Geographical Dispersion on Community Smells,"Software development is de facto a social activity that often involves people from all places to join forces globally. In such common instances, project managers must face social challenges, e.g., personality conflicts and language barriers, which often amount literally to “culture shock”. In this paper, we seek to analyze and illustrate how cultural and geographical dispersion-that is, how much a com-munity is diverse in terms of its members‘ cultural attitudes and geographical collocation-influence the emergence of collaboration and communication problems in open-source communities, a.k.a. community smells, the socio-technical precursors of unforeseen, often nasty organizational conditions amounting collectively to the phenomenon called social debt. We perform an extensive empirical study on cultural characteristics of GITHUB developers, and build a regression model relating the two types of dispersion-cultural and geographical-with the emergence of four types of commu-nity smells, i.e., Organizational Silo, Lone Wolf, Radio Silence, and Black Cloud. Results indicate that cultural and geographical factors influence collaboration and communication within open-source communities, to an extent which incites-or even more interestingly mitigates, in some cases-community smells, e.g., Lone Wolf, in development teams. Managers can use these findings to address their own organizational structure and tentatively diagnose any nasty phenomena related to the conditions under study. To what extent does the global and multi-cultural nature of software engineering influence software processes welfare? More specifically, does an increase in “globalization” of software activities negatively or positively influence known nasty effects common in the pro-cess of software construction? Rotating around these questions, this research finds that there is in fact evidence of the aforementioned in-fluence but it does not provide for positive effects only. Specifically, a decrease of globalization does not necessarily bode positively on conditions such as lone developers working in an individualistic fashion-a phenomenon known as “lone wolf” effect-and other nasty organizational phenomena potentially slowing down or halting software construction and maintenance activities.",2022.0,2022 IEEE/ACM 44th International Conference on Software Engineering: Software Engineering in Society (ICSE-SEIS),software engineering,A*,Empirical Study,1.0,,\bempirical study\b
a1efea3dedf2a2253da2aebfe84c4ce7110b2bb6,Investment and financing decisions in the presence of time-to-build,"Abstract We study a firm’s optimal decisions on investment, default, and financing when the amount of time and the running costs for project completion are uncertain. In the presence of time-to-build, a firm makes conservative investment and financing decisions; investment is delayed, and the optimal leverage ratio is inverted U-shaped with respect to the size of the lag. Although equity holders can choose to default before the project has been completed, the default probability in the presence of time-to-build is lower than that in the absence of a lag in most cases because of the conservative investment and financing decisions. Given the lower default probability, equity holders may benefit more from debt financing in the presence of time-to-build than they would in the absence of a lag. When firms can shorten their expected time-to-build by bearing more costs, unlevered firms strive to reduce the lag more than optimally levered firms do. However, highly levered firms utilize more resources to reduce the lag than all-equity firms do because equity holders are more concerned about the possibility of default before the project’s completion.",2021.0,European Journal of Operational Research,european journal of operational research,A,Unknown,0.0,no_match,
a5d4bd9a048b4bcd132f657b88059ebae12410fd,Quantifying and characterizing clones of self-admitted technical debt in build systems,"Self-Admitted Technical Debt (SATD) annotates development decisions that intentionally exchange long-term software artifact quality for short-term goals. Recent work explores the existence of SATD clones (duplicate or near duplicate SATD comments) in source code. Cloning of SATD in build systems (e.g., CMake and Maven) may propagate suboptimal design choices, threatening qualities of the build system that stakeholders rely upon (e.g., maintainability, reliability, repeatability). Hence, we conduct a large-scale study on 50,608 SATD comments extracted from Autotools, CMake, Maven, and Ant build systems to investigate the prevalence of SATD clones and to characterize their incidences. We observe that: (i) prior work suggests that 41–65% of SATD comments in source code are clones, but in our studied build system context, the rates range from 62% to 95%, suggesting that SATD clones are a more prevalent phenomenon in build systems than in source code; (ii) statements surrounding SATD clones are highly similar, with 76% of occurrences having similarity scores greater than 0.8; (iii) a quarter of SATD clones are introduced by the author of the original SATD statements; and (iv) among the most commonly cloned SATD comments, external factors (e.g., platform and tool configuration) are the most frequent locations, limitations in tools and libraries are the most frequent causes, and developers often copy SATD comments that describe issues to be fixed later. Our work presents the first step toward systematically understanding SATD clones in build systems and opens up avenues for future work, such as distinguishing different SATD clone behavior, as well as designing an automated recommendation system for repaying SATD effectively based on resolved clones.",2024.0,Empirical Software Engineering,empirical software engineering,A,Empirical Study,1.0,,\blarge[- ]scale study\b
b7c535d5ad1c1e6a811eb175278a5ad8c6e070d5,Build Code Needs Maintenance Too: A Study on Refactoring and Technical Debt in Build Systems,"In modern software engineering, build systems play the crucial role of facilitating the conversion of source code into software artifacts. Recent research has explored high-level causes of build failures, but has largely overlooked the structural properties of build files. Akin to source code, build systems face technical debt challenges that hinder maintenance and optimization. While refactoring is often seen as a key tool for addressing technical debt in source code, there is a significant research gap regarding the specific refactoring changes developers apply to build code and whether these refactorings effectively address technical debt.In this paper, we address this gap by examining refactorings applied to build scripts in open-source projects, covering the widely used build systems of Gradle, Ant, and Maven. Additionally, we investigate whether these refactorings are used to tackle technical debts in build systems. Our analysis was conducted on 725 examined build-file-related commits. We identified 24 build-related refactorings, which we divided into 6 main categories. These refactorings are organized into the first empirically derived taxonomy of build system refactorings. Furthermore, we investigate how developers employ these refactoring types to address technical debts via a manual commitanalysis and a developer survey. In this context, we identified 5 technical debts addressed by these refactorings and discussed their correlation with the different refactorings. Finally, we introduce BuildRefMiner, an LLM-powered tool leveraging GPT40 to automate the detection of refactorings within build systems. We evaluated its performance and found that it achieves an F1 score of 0.76 across all build systems.This study will serve as a foundational building block for guiding future research and practice in the maintenance and optimization of build systems. BuildRefMiner and the replication package for this study are available at [1]",2025.0,IEEE Working Conference on Mining Software Repositories,mining software repositories,A,Unknown,0.0,tie:Survey|Theoretical Contribution,\b(?:a |new )?taxonomy\b; \bdeveloper survey\b
c1c9e67b27118c6dfe8d0c37141941ae814ea2e7,An empirical study on self-admitted technical debt in Dockerfiles,"In software development, ad hoc solutions that are intentionally implemented by developers are called self-admitted technical debt (SATD). Because the existence of SATD spreads poor implementations, it is necessary to remove it as soon as possible. Meanwhile, container virtualization has been attracting attention in recent years as a technology to support infrastructure such as servers. Currently, Docker is the de facto standard for container virtualization. In Docker, a file describing how to build a container (Dockerfile) is a set of procedural instructions; thus, it can be considered as a kind of source code. Moreover, because Docker is a relatively new technology, there are few developers who have accumulated good or bad practices for building Docker container. Hence, it is likely that Dockerfiles contain many SATDs, as is the case with general programming language source code analyzed in previous SATD studies. The goal of this paper is to categorize SATDs in Dockerfiles and to share knowledge with developers and researchers. To achieve this goal, we conducted a manual classification for SATDs in Dockerfile. We found that about 3.0% of the comments in Dockerfile are SATD. In addition, we have classified SATDs into five classes and eleven subclasses. Among them, there are some SATDs specific to Docker, such as SATDs for version fixing and for integrity check. The three most common classes of SATD were related to lowering maintainability, testing, and defects.",2022.0,Empirical Software Engineering,empirical software engineering,A,Empirical Study,1.0,,\bempirical study\b
c75b8cd418191fdd35cae5949c48aca4b7267128,Predicting the Dynamics of Earned Value Creation in the Presence of Technical Debt,"Technical debt, the long-term impact of decisions made to achieve a short-term benefit, has a unique impact on a project schedule. Technical debt does not impact the ability to complete the task on which it is incurred but rather impacts successor tasks causing unplanned schedule delays or budget increases. The impact of technical debt is uncertain and therefore must be modeled probabilistically. When unaccounted for and unmanaged, technical debt can build up in the project with increasing impact, eventually forcing forward progress to stop while the technical debt is remedied. Traditional project scheduling methods allow for uncertain task durations but do not provide explicit means of modeling the impacts of technical debt. Instead, they assume that each task is unaffected by the completion status of its predecessors and its duration is only dependent upon the initial estimates. This research addresses this gap by providing a novel model of the impact of technical debt on the project schedule through estimating the dynamics of value creation in the presence of technical debt. Equations are developed for estimating the probabilistic impacts of technical debt on the generation of earned value. These equations are then inverted and used to calculate task duration in the presence of technical debt and included in a Monte Carlo analysis. Comparisons are made to an existing Monte Carlo schedule analysis and technical debt impacts are explored.",2023.0,IEEE Access,access,A,Unknown,0.0,no_match,
f29599399def2cadb8e9a7fafec5b7bdf58382aa,Exploiting gated graph neural network for detecting and explaining self-admitted technical debts,"Self-admitted technical debt (SATD) refers to a specific type of technical debt that is introduced intentionally in the software development and maintenance processes. SATD enables practitioners to take some temporary solutions instead of making comprehensive decisions, which will lead to the high complexity of the software. However, most existing studies relied on manual methods for detecting SATDs. A recent study proposed a method HATD that used a hybrid attention-based method to automatically detect SATDs and it achieved the state-of-the-art performance. However, HATD mainly focused on the locality of the comment instances and lacked of the relationship between long-distance and discontinuous comment instances. To address such an issue, in this work, we propose a novel approach named GGSATD. Specifically, GGSATD first builds the graph for comment instances and then employs the gated graph neural network to iteratively update node representation. The global representation can be obtained by the soft attention mechanism and pooling operation. Experiments on 10 projects show that our GGSATD method obtains promising performance against five baseline methods in both within-project and cross-project scenarios. Extended experiments on seven real-world projects illustrate the effectiveness of our GGSATD method.",2022.0,Journal of Systems and Software,journal of systems and software,A,Empirical Study,1.0,,\b\d+ (?:open[- ]source |open )?projects?\b
ff1aa584d050f5d24812f45575dd1cc52c3831d4,Navigating Flexibility and Standardisation in Low‐Code/No‐Code Development,"Low‐code/no‐code (LCNC) platforms, such as ServiceNow and Microsoft Power Platform, enable employees without formal IT training to build applications and automate workflows, thus driving agility and reducing dependence on traditional IT teams. However, LCNC platforms also pose a persistent challenge for organisations: while they offer flexibility and freedom by enabling decentralised development, they also require standardisation and control to manage risks that can be exacerbated by these platforms, such as shadow IT and technical debt. Striking the right balance is difficult—too much flexibility can compromise stability, while too much standardisation can stifle the autonomy and creativity that make LCNC platforms valuable in the first place. This study explores flexibility–standardisation tensions in LCNC development through an investigation of two multinational technology firms with differing LCNC maturity levels, both using ServiceNow. Drawing from 57 interviews, we identify three types of flexibility‐standardisation tensions shaped by three key elements of LCNC development: the platform itself, the people using the platform and the organisational processes targeted for improvement. We derive six guidelines used to navigate flexibility–standardisation tensions and demonstrate how these are applied across different stages of LCNC maturity. Building on these insights, we provide concrete, context‐sensitive recommendations to help organisations adapt the guidelines to their specific environments. We conclude with forward‐looking reflections on how firms can dynamically make sense of these tensions as LCNC platforms and practices evolve. Overall, our findings show that effective LCNC governance requires a dynamic approach—one that balances flexibility and standardisation simultaneously rather than treating them as opposing choices.",2025.0,Information Systems Journal,information systems journal,A*,Unknown,0.0,no_match,
0012161114f6bc912b6ab585db978c6e996d8c46,What Can Self-Admitted Technical Debt Tell Us About Security? A Mixed-Methods Study,"Self-Admitted Technical Debt (SATD) encompasses a wide array of sub-optimal design and implementation choices reported in software artefacts (e.g., code comments and commit messages) by developers themselves. Such reports have been central to the study of software maintenance and evolution over the last decades. However, they can also be deemed as dreadful sources of information on potentially exploitable vulnerabilities and security flaws. Objective: This work investigates the security implications of SATD from a technical and developer-centred perspective. On the one hand, it analyses whether security pointers disclosed inside SATD sources can be used to characterise vulnerabilities in Open-Source Software (OSS) projects and repositories. On the other hand, it delves into developers’ perspectives regarding the motivations behind this practice, its prevalence, and its potential negative consequences. Method: We followed a mixed-methods approach consisting of (i) the analysis of a preexisting dataset containing 8,812 SATD instances and (ii) an online survey with 222 OSS practitioners. Results: We gathered 201 SATD instances through the dataset analysis and mapped them to different Common Weakness Enumeration (CWE) identifiers. Overall, 25 different types of CWEs were spotted across commit messages, pull requests, code comments, and issue sections, from which 8 appear among MITRE’s Top-25 most dangerous ones. The survey shows that software practitioners often place security pointers across SATD artefacts to promote a security culture among their peers and help them spot flaky code sections, among other motives. However, they also consider such a practice risky as it may facilitate vulnerability exploits. Implications: Our findings suggest that preserving the contextual integrity of security pointers disseminated across SATD artefacts is critical to safeguard both commercial and OSS solutions against zero-day attacks.CCS CONCEPTS•Security and privacy → Human and societal aspects of security and privacy; Software security engineering; • Software and its engineering → Maintaining software.",2024.0,IEEE Working Conference on Mining Software Repositories,mining software repositories,A,Survey,1.0,,\bonline survey\b
015837116c98eddd3d881d82e0c476354937fe58,Racing Against the Clock: Exploring the Impact of Scheduled Deadlines on Technical Debt,"Background: Technical Debt (TD) describes suboptimal software development practices with long-term consequences, such as defects and vulnerabilities. Deadlines are a leading cause of the emergence of TD in software systems. While multiple aspects of TD have been studied, the empirical research findings on the impact of deadlines are still inconclusive. Aims: This study investigates the impact of scheduled deadlines on TD. It analyzes how scheduled deadlines affect code quality, commit activities, and issues in issue-tracking systems. Method: We analyzed eight Open Source Software (OSS) projects with regular release schedules using SonarQube. We analyzed 12.3k commits and 371 releases across these eight OSS projects. The study combined quantitative metrics with qualitative analyses to comprehensively understand TD accumulation under scheduled deadlines. Results: Our findings indicated that some projects had a clear increase in TD as deadlines approached (with above 50% of releases having increasing TD accumulation as deadlines approached), while others managed to maintain roughly the same amount of TD. Analysis of commit activities and issue tracking revealed that deadline proximity could lead to increased commit frequency and bug-related issue creation. Conclusions: Our study highlights that, in some cases, impending deadlines have a clear impact on TD. The findings pinpoint the need to mitigate last-minute coding rushes and the risks associated with deadline-driven TD accumulation.",2025.0,International Conference on Evaluation & Assessment in Software Engineering,evaluation and assessment in software engineering,A,Unknown,0.0,no_match,
01871666b9e7af56e4bec4f095fa9a33d5d0f073,WeakSATD: Detecting Weak Self-admitted Technical Debt,"Speeding up development may produce technical debt, i.e., not-quite-right code for which the effort to make it right increases with time as a sort of interest. Developers may be aware of the debt as they admit it in their code comments. Literature reports that such a self-admitted technical debt survives for a long time in a program, but it is not yet clear its impact on the quality of the code in the long term. We argue that self-admitted technical debt contains a number of different weaknesses that may affect the security of a program. Therefore, the longer a debt is not paid back the higher is the risk that the weaknesses can be exploited. To discuss our claim and rise the developers' awareness of the vulnerability of the self-admitted technical debt that is not paid back, we explore the self-admitted technical debt in the Chromium C-code to detect any known weaknesses. In this preliminary study, we first mine the Common Weakness Enumeration repository to define heuristics for the automatic detection and fix of weak code. Then, we parse the C-code to find self-admitted technical debt and the code block it refers to. Finally, we use the heuristics to find weak code snippets associated to self-admitted technical debt and recommend their potential mitigation to developers. Such knowledge can be used to prioritize self-admitted technical debt for repair. A prototype has been developed and applied to the Chromium code. Initial findings report that 55% of self-admitted technical debt code contains weak code of 14 different types.",2022.0,IEEE Working Conference on Mining Software Repositories,mining software repositories,A,Position Paper,1.0,,\bwe argue\b
019107b48a19aafa6b1477a258f0ca951e15433e,An Experience Report on Technical Debt in Pull Requests: Challenges and Lessons Learned,"Background: GitHub is a collaborative platform for global software development, where Pull Requests (PRs) are essential to bridge code changes with version control. However, developers often trade software quality for faster implementation, incurring Technical Debt (TD). When developers undertake reviewers’ roles and evaluate PRs, they can often detect TD instances, leading to either PR rejection or discussions. Aims: We investigated whether Pull Request Comments (PRCs) indicate TD by assessing three large-scale repositories: Spark, Kafka, and React. Method: We combined manual classification with automated detection using machine learning and deep learning models. Results: We classified two datasets and found that 37.7 and 38.7% of PRCs indicate TD, respectively. Our best model achieved F1 = 0.85 when classifying TD during the validation phase. Conclusions: We faced several challenges during this process, which may hint that TD in PRCs is discussed differently from other software artifacts (e.g., code comments, commits, issues, or discussion forums). Thus, we present challenges and lessons learned to assist researchers in pursuing this area of research.",2022.0,International Symposium on Empirical Software Engineering and Measurement,empirical software engineering and measurement,A,Experience Report,1.0,,\bexperience report\b; \blessons learned\b
033f5eb9b4e2c8a95702f7ac49f5c0912188c7a1,dalex: Responsible Machine Learning with Interactive Explainability and Fairness in Python,"The increasing amount of available data, computing power, and the constant pursuit for higher performance results in the growing complexity of predictive models. Their black-box nature leads to opaqueness debt phenomenon inflicting increased risks of discrimination, lack of reproducibility, and deflated performance due to data drift. To manage these risks, good MLOps practices ask for better validation of model performance and fairness, higher explainability, and continuous monitoring. The necessity of deeper model transparency appears not only from scientific and social domains, but also emerging laws and regulations on artificial intelligence. To facilitate the development of responsible machine learning models, we showcase dalex, a Python package which implements the model-agnostic interface for interactive model exploration. It adopts the design crafted through the development of various tools for responsible machine learning; thus, it aims at the unification of the existing solutions. This library's source code and documentation are available under open license at this https URL",2020.0,Journal of machine learning research,journal of machine learning research,A*,Unknown,0.0,no_match,
03dfde809f11f2cead916a16874d07fd9cf76341,SATDAUG - A Balanced and Augmented Dataset for Detecting Self-Admitted Technical Debt,"Self-admitted technical debt (SATD) refers to a form of technical debt in which developers explicitly acknowledge and document the existence of technical shortcuts, workarounds, or temporary solutions within the codebase. Over recent years, researchers have manually labeled datasets derived from various software development artifacts: source code comments, messages from the issue tracker and pull request sections, and commit messages. These datasets are designed for training, evaluation, performance validation, and improvement of machine learning and deep learning models to accurately identify SATD instances. However, class imbalance poses a serious challenge across all the existing datasets, particularly when researchers are interested in categorizing the specific types of SATD. In order to address the scarcity of labeled data for SATD identification (i.e., whether an instance is SATD or not) and categorization (i.e., which type of SATD is being classified) in existing datasets, we share the SATDAUG dataset, an augmented version of existing SATD datasets, including source code comments, issue tracker, pull requests, and commit messages. These augmented datasets have been balanced in relation to the available artifacts and provide a much richer source of labeled data for training machine learning or deep learning models.",2024.0,IEEE Working Conference on Mining Software Repositories,mining software repositories,A,Unknown,0.0,no_match,
04af4773b11a8b78dd4a2b5fd7fa3cf29bbe8a06,Quantifying Requirements Technical Debt: A Systematic Mapping Study and a Conceptual Model,"Requirements Technical Debt (RTD) is a research area where the Technical Debt (TD) metaphor is used to capture the consequences of sub-optimal decisions made concerning Requirements. Understanding the quantification of RTD is key to its management. To facilitate this understanding, we model the quantification of RTD. Our work is grounded in the literature found via a Systematic Mapping Study (SMS) and informed by prior work modeling the quantification of TD for software code-related TD types. This paper reports on the SMS and the development of our model, the RTD Quantification Model (RTDQM). The key observation from our work is that, although RTD is similar in most aspects to TD in software code, it also has its own components. Requirement artifacts have a feedback loop involving the User to precisely capture User Needs. RTD Interest (i.e., additional costs due to sub-optimal decisions concerning Requirements) can incur during both Requirements Engineering and Implementation activities. Furthermore, RTD can incur regardless of the presence of software code-related TD. Similar to benefits accrued by refactoring software code, rectifying RTD can also accrue benefits.",2023.0,IEEE International Requirements Engineering Conference,international requirements engineering conference,A,Systematic Literature Review,0.667,,\bsystematic mapping study\b; \bsystematic mapping\b
0a14ff6c087f09b9650e6d85540f551159621466,Feature toggles as code: Heuristics and metrics for structuring feature toggles,"Context: Using feature toggles is a technique to turn a feature either on or oﬀ in program code by checking the value of a variable in a conditional statement. This technique is increasingly used by software practitioners to support continuous integration and continuous delivery (CI/CD). However, using feature toggles may increase code complexity, create dead code, and decrease the quality of a codebase. Objective: The goal of this research is to aid software practitioners in structuring feature toggles in the codebase by proposing and evaluating a set of heuristics and corresponding complexity, comprehensibility, and maintainability metrics based upon an empirical study of open source repositories. Method: We identiﬁed 80 GitHub repositories that use feature toggles in their development cycle. We conducted a qualitative analysis using 60 of the 80 repositories to identify heuristics and metrics. Then, we conducted a survey of practitioners of 80 repositories to obtain their feedback that the proposed heuristics can be used to guide the structure of feature toggles and to reduce technical debt. We also conducted a case study of the all 80 repositories to analyze relations between heuristics and metrics. Results: From the qualitative analysis, we proposed 7 heuristics to guide structuring feature toggles and identiﬁed 12 metrics to support the principles",2022.0,Information and Software Technology,information and software technology,A,Survey,0.667,,\bwe (?:conducted|ran|carried out) a survey\b; \bsurvey of (?:developers|practitioners|professionals|engineers)\b
0abbdf7f495004180c5ebd02bcf0f8977752d3a5,Self-Admitted Technical Debt and comments’ polarity: an empirical study,"Self-Admitted Technical Debt (SATD) consists of annotations—typically, but not only, source code comments—pointing out incomplete features, maintainability problems, or, in general, portions of a program not-ready yet. The way a SATD comment is written, and specifically its polarity, may be a proxy indicator of the severity of the problem and, to some extent, of the priority with which it should be addressed. In this paper, we study the relationship between different types of SATD comments in source code and their polarity, to understand in which circumstances (and why) developers use negative or rather neutral comments to highlight an SATD. To address this goal, we combine a manual analysis of 1038 SATD comments from a curated dataset with a survey involving 46 professional developers. First of all, we categorize SATD content into its types. Then, we study the extent to which developers express negative sentiment in different types of SATD as a proxy for priority, and whether they believe this can be considered as an acceptable practice. Finally, we look at whether such annotations contain additional details such as bug references and developers’ names/initials. Results of the study indicate that SATD comments are mainly used for annotating poor implementation choices (≃\documentclass[12pt]{minimal} \usepackage{amsmath} \usepackage{wasysym} \usepackage{amsfonts} \usepackage{amssymb} \usepackage{amsbsy} \usepackage{mathrsfs} \usepackage{upgreek} \setlength{\oddsidemargin}{-69pt} \begin{document}$\simeq $\end{document}41%) and partially implemented functionality (≃\documentclass[12pt]{minimal} \usepackage{amsmath} \usepackage{wasysym} \usepackage{amsfonts} \usepackage{amssymb} \usepackage{amsbsy} \usepackage{mathrsfs} \usepackage{upgreek} \setlength{\oddsidemargin}{-69pt} \begin{document}$\simeq $\end{document}22%). The latter may depend from “waiting” for other features being implemented, and this makes SATD comments more negatives than in other cases. Around 30% of the survey respondents agree on using/interpreting negative sentiment as a proxy for priority, while 50% of them indicate that it would be better to discuss SATD on issue trackers and not in the source code. However, while our study indicates that open-source developers use links to external systems, such as bug identifiers, to annotate high-priority SATD, better tool support is required for SATD management.",2022.0,Empirical Software Engineering,empirical software engineering,A,Unknown,0.0,tie:Survey|Empirical Study,\bempirical study\b; \bsurvey respondents?\b
0c4ce3c4a05ee326f4cbcb128df93baa7ac7dc45,Can Clean New Code Reduce Technical Debt Density?,"While technical debt grows in absolute numbers as software systems evolve over time, the density of technical debt (technical debt divided by lines of code) is reduced in some cases. This can be explained by either the application of refactorings or the development of new artifacts with limited Technical Debt. In this paper we explore the second explanation, by investigating the relation between the amount of Technical Debt in new code and the evolution of Technical Debt in the system. To this end, we compare the Technical Debt Density of new code with existing code, and we investigate which of the three major types of code changes (additions, deletions and modifications) is primarily responsible for changes in the evolution of Technical Debt density. Furthermore, we study whether there is a relation between code quality practices and the ‘cleanness’ of new code. To obtain the required data, we have performed a large-scale case study on twenty-seven open-source software projects by the Apache Software Foundation, analyzing 66,661 classes and 56,890 commits. The results suggest that writing “clean” (or at least “cleaner”) new code can be an efficient strategy for reducing Technical Debt Density, and thus preventing software decay over time. The findings also suggest that projects adopting an explicit policy for quality improvement, e.g., through discussions on code quality in board meetings, are associated with a higher frequency of cleaner new code commits. Therefore, we champion the establishment of processes that monitor the density of Technical Debt of new code to control the accumulation of Technical Debt in a software system.",2020.0,IEEE Transactions on Software Engineering,transactions on software engineering,A*,Case Study,1.0,,\bcase study\b
0e14e7e96e027cb1e375e97a4c6654cd4f75ac9a,On the diffuseness of technical debt items and accuracy of remediation time when using SonarQube,"Abstract Context. Among the static analysis tools available, SonarQube is one of the most used. SonarQube detects Technical Debt (TD) items—i.e., violations of coding rules—and then estimates TD as the time needed to remedy TD items. However, practitioners are still skeptical about the accuracy of remediation time estimated by the tool. Objective. In this paper, we analyze both diffuseness of TD items and accuracy of remediation time, estimated by SonarQube, to fix TD items on a set of 21 open-source Java projects. Method. We designed and conducted a case study where we asked 81 junior developers to fix TD items and reduce the TD of 21 projects. Results. We observed that TD items are diffused in the analyzed projects and most items are code smells. Moreover, the results point out that the remediation time estimated by SonarQube is inaccurate and, as compared to the actual time spent to fix TD items, is in most cases overestimated. Conclusions. The results of our study are promising for practitioners and researchers. The former can make more aware decisions during project execution and resource management, the latter can use this study as a starting point for improving TD estimation models.",2020.0,Information and Software Technology,information and software technology,A,Case Study,1.0,,\bcase study\b
1055a0d184421f360aad53e22c46dcdb7510bba2,Was Self-Admitted Technical Debt Removal a Real Removal? An In-Depth Perspective,"Technical Debt (TD) has been defined as ""code being not quite right yet"", and its presence is often self-admitted by developers through comments. The purpose of such comments is to keep track of TD and appropriately address it when possible. Building on a previous quantitative investigation by Maldonado et al. on the removal of self-admitted technical debt (SATD), in this paper we perform an in-depth quantitative and qualitative study of how SATD is addressed in five Java open source projects. On the one hand, we look at whether SATD is ""accidentally"" removed, and the extent to which the SATD removal is being documented. We found that that (i) between 20% and 50% of SATD comments are accidentally removed while entire classes or methods are dropped, (ii) 8% of the SATD removal is acknowledged in commit messages, and (iii) while most of the changes addressing SATD require complex source code changes, very often SATD is addressed by specific changes to method calls or conditionals. Our results can be used to better plan TD management or learn patterns for addressing certain kinds of TD and provide recommendations to developers.",2018.0,IEEE Working Conference on Mining Software Repositories,mining software repositories,A,Unknown,0.0,no_match,
16dae0b5dca5aa1f6addbe250d06a66b9ef36790,"DebtViz: A Tool for Identifying, Measuring, Visualizing, and Monitoring Self-Admitted Technical Debt","Technical debt, specifically Self-Admitted Technical Debt (SATD), remains a significant challenge for software developers and managers due to its potential to adversely affect long-term software maintainability. Although various approaches exist to identify SATD, tools for its comprehensive management are notably lacking. This paper presents DebtViz, an innovative SATD tool designed to automatically detect, classify, visualize and monitor various types of SATD in source code comments and issue tracking systems. DebtViz employs a Convolutional Neural Network-based approach for detection and a deconvolution technique for keyword extraction. The tool is structured into a back-end service for data collection and pre-processing, a SATD classifier for data categorization, and a front-end module for user interaction. DebtViz not only makes the management of SATD more efficient but also provides in-depth insights into the state of SATD within software systems, fostering informed decision-making on managing it. The scalability and deployability of DebtViz also make it a practical tool for both developers and managers in diverse software development environments. The source code of DebtViz is available at https://github.com/yikun-li/visdom-satd-management-system and the demo of DebtViz is at https://youtu.be/QXH6Bj0HQew.",2023.0,IEEE International Conference on Software Maintenance and Evolution,software maintenance and evolution,A,Tool Paper,1.0,,"\bthe tool (?:supports?|allows?|enables?|provides?|is)\b; \b(?:github|gitlab)\.com/\S+; \bavailable (?:at|on)\b.{0,30}\bhttp"
17dcb02bdb7067b31a130ca4ba28c37ff711cc85,Evaluating Time-Dependent Methods and Seasonal Effects in Code Technical Debt Prediction,"Background. Code Technical Debt (Code TD) prediction has gained significant attention in recent software engineering research. However, no standardized approach to Code TD prediction fully captures the factors influencing its evolution. Objective. Our study aims to assess the impact of time-dependent models and seasonal effects on Code TD prediction. It evaluates such models against widely used Machine Learning models, also considering the influence of seasonality on prediction performance. Methods. We trained 11 prediction models with 31 Java open-source projects. To assess their performance, we predicted future observations of the SQALE index. To evaluate the practical usability of our TD forecasting model and its impact on practitioners, we surveyed 23 software engineering professionals. Results. Our study confirms the benefits of time-dependent techniques, with the ARIMAX model outperforming the others. Seasonal effects improved predictive performance, though the impact remained modest. \ReviewerA{ARIMAX/SARIMAX models demonstrated to provide well-balanced long-term forecasts. The survey highlighted strong industry interest in short- to medium-term TD forecasts. Conclusions. Our findings support using techniques that capture time dependence in historical software metric data, particularly for Code TD. Effectively addressing this evidence requires adopting methods that account for temporal patterns.",2024.0,Journal of Systems and Software,journal of systems and software,A,Unknown,0.0,no_match,
183ce484493bbfe1b1da5ed41d374dc749f6c7c2,Automatic identification of self-admitted technical debt from four different sources,"Technical debt refers to taking shortcuts to achieve short-term goals while sacrificing the long-term maintainability and evolvability of software systems. A large part of technical debt is explicitly reported by the developers themselves; this is commonly referred to as Self-Admitted Technical Debt or SATD . Previous work has focused on identifying SATD from source code comments and issue trackers. However, there are no approaches available for automatically identifying SATD from other sources such as commit messages and pull requests, or by combining multiple sources. Therefore, we propose and evaluate an approach for automated SATD identification that integrates four sources: source code comments, commit messages, pull requests, and issue tracking systems. Our findings show that our approach outperforms baseline approaches and achieves an average F1-score of 0.611 when detecting four types of SATD (i.e., code/design debt, requirement debt, documentation debt, and test debt) from the four aforementioned sources. Thereafter, we analyze 23.6M code comments, 1.3M commit messages, 3.7M issue sections, and 1.7M pull request sections to characterize SATD in 103 open-source projects. Furthermore, we investigate the SATD keywords and relations between SATD in different sources. The findings indicate, among others, that: 1) SATD is evenly spread among all sources; 2) issues and pull requests are the two most similar sources regarding the number of shared SATD keywords, followed by commit messages, and then followed by code comments; 3) there are four kinds of relations between SATD items in the different sources.",2022.0,Empirical Software Engineering,empirical software engineering,A,Empirical Study,1.0,,\b\d+ (?:open[- ]source |open )?projects?\b
187193c6b811b61dacbd7e52ea620bc8b3b712ea,Profiling Developers Through the Lens of Technical Debt,"Context: Technical Debt needs to be managed to avoid disastrous consequences, and investigating developers' habits concerning technical debt management is invaluable information in software development. Objective: This study aims to characterize how developers manage technical debt based on the code smells they induce and the refactorings they apply. Method: We mined a publicly-available Technical Debt dataset for Git commit information, code smells, coding violations, and refactoring activities for each developer of a selected project. Results: By combining this information, we profile developers to recognize prolific coders, highlight activities that discriminate among developer roles (reviewer, lead, architect), and estimate coding maturity and technical debt tolerance.",2020.0,International Symposium on Empirical Software Engineering and Measurement,empirical software engineering and measurement,A,Unknown,0.0,no_match,
18da7fdc55ee54048757abaa0a7f81395f5c7eff,Self-Admitted Technical Debts Identification: How Far Are We?,"Self-admitted technical debt (SATD) is a kind of technical debt that is already acknowledged by the developers and needs additional work or resources to address in the future. In recent years, though many methods have been proposed to detect SATDs, these methods have mainly focused on Java-type code comments published by Maldonado et al. It is unclear whether these methods trained on Maldonado's code comments dataset can find SATD in other programming languages or other software artifacts, such as issue trackers, pull requests, and commit messages effectively. In order to answer the above confusion and investigate how far our community has progressed in the field of SATD identification, we first collect a comprehensive dataset that contains SATDs in code comments from four different programming languages (java, python, docker file, XML) and SATDs in other different artifacts (issue tracker, pull requests, commit messages) from previous papers working in the field of SATD. Then, we re-train the existing models with Maldonado's code comments dataset and test all the models on other programming languages and other artifacts. The results show that existing SATD identification methods can find SATDs in other non-Java languages, but perform poorly in identifying SATDs from three other different artifacts. In addition, in order to simultaneously identify four different artifacts of SATDs, we develop a Multi-Task Learning model utilizing BERT for SATD identification (MT-BERT-SATD). Considering four different artifacts and the SATD identification tasks, MT-BERT-SATD achieves an average F1-score of 0.712 (0.625-0.859), which is superior to existing models from 4.6% to 30.4%. Results show that MT-BERT-SATD can effectively identify SATD instances across explored programming languages and software artifacts, indicating its capability to identify SATD instances in new and unexplored programming languages and software artifacts.",2024.0,"IEEE International Conference on Software Analysis, Evolution, and Reengineering",software analysis evolution and reengineering,A,Unknown,0.0,no_match,
18ecb8ef59ca47d8dbbee006a7341bc7fc172d4c,Quality Assurance of LLM-generated Code: Addressing Non-Functional Quality Characteristics,"In recent years, large language models have been widely integrated into software engineering workflows, supporting tasks like code generation. While prior evaluations focus on functional correctness, there is still a limited understanding of the non-functional quality characteristics of generated code. Guided by the ISO/IEC 25010 quality model, this study adopts a multi-methods approach comprising three complementary elements: a literature review of 109 papers, two industry workshops with practitioners from multiple organizations, and an empirical analysis of patching real-world software issues using three LLMs. Motivated by insights from both the literature and practitioners, the empirical study examined the quality of generated patches regarding security, maintainability, and performance efficiency, which were identified as critical code-level quality attributes. Our results indicate that existing research primarily emphasizes security, performance efficiency, and maintainability, while other quality attributes are understudied. In contrast, practitioners prioritize maintainability and readability, warning that generated code may accelerate the accumulation of technical debt. The empirical evaluation demonstrates the instability of optimizing NFQCs through prompts in practical software engineering settings. Overall, our findings expose a misalignment between academic focus, industry priorities, and observed model behavior, highlighting the need to integrate quality assurance mechanisms into LLM code generation pipelines to ensure that future generated code not only passes tests but truly passes with quality.",2025.0,Journal of Systems and Software,journal of systems and software,A,Empirical Study,1.0,,\bempirical study\b; \bempirical evaluation\b; \bempirical analysis\b
1f4ef21dd1f5d7fad2180ecb433a94d9ebef7ba0,An Empirical Study of Quick Remedy Commits,"Software systems are continuously modified to implement new features, to fix bugs, and to improve quality attributes. Most of these activities are not atomic changes, but rather the result of several related changes affecting different parts of the code. For this reason, it may happen that developers omit some of the needed changes and, as a consequence, leave a task partially unfinished, introduce technical debt or, in the worst case scenario, inject bugs. Knowing the changes that are mistakenly omitted by developers can help in designing recommender systems able to automatically identify risky situations in which, for example, the developer is likely to be pushing an incomplete change to the software repository. We present a qualitative study investigating“quick remedy commits” performed by developers with the goal of implementing changes omitted in previous commits. With quick remedy commits we refer to commits that (i) quickly follow a commit performed by the same developer in the same repository, and (ii) aim at remedying issues introduced as the result of code changes omitted in the previous commit (e.g., fix references to code components that have been broken as a consequence of a rename refactoring). Through a manual analysis of 500 quick remedy commits, we define a taxonomy categorizing the types of changes that developers tend to omit. The defined taxonomy can guide the development of tools aimed at detecting omitted changes, and possibly autocomplete them.",2020.0,IEEE International Conference on Program Comprehension,program comprehension,A,Unknown,0.0,tie:Empirical Study|Theoretical Contribution,\b(?:a |new )?taxonomy\b; \bempirical study\b
24574a3ec3d7efbc23db9aecb61dc5fc86aae9e9,Evaluating Unit Testing Practices in R Packages,"Testing Technical Debt (TTD) occurs due to shortcuts (non-optimal decisions) taken about testing; it is the test dimension of technical debt. R is a package-based programming ecosystem that provides an easy way to install third-party code, datasets, tests, documentation and examples. This structure makes it especially vulnerable to TTD because errors present in a package can transitively affect all packages and scripts that depend on it. Thus, TTD can effectively become a threat to the validity of all analysis written in R that rely on potentially faulty code. This two-part study provides the first analysis in this area. First, 177 systematically-selected, open-source R packages were mined and analysed to address quality of testing, testing goals, and identify potential TTD sources. Second, a survey addressed how R package developers perceive testing and face its challenges (response rate of 19.4%). Results show that testing in R packages is of low quality; the most common smells are inadequate and obscure unit testing, improper asserts, inexperienced testers and improper test design. Furthermore, skilled R developers still face challenges such as time constraints, emphasis on development rather than testing, poor tool documentation and a steep learning curve.",2021.0,International Conference on Software Engineering,software engineering,A*,Unknown,0.0,no_match,
27c0b3467106c49e1d365b44e6a4cedc5b8972c4,FedCSD: A Federated Learning Based Approach for Code-Smell Detection,"Software quality is critical, as low quality, or “Code smell,” increases technical debt and maintenance costs. There is a timely need for a collaborative model that detects and manages code smells by learning from diverse and distributed data sources while respecting privacy and providing a scalable solution for continuously integrating new patterns and practices in code quality management. However, the current literature is still missing such capabilities. This paper addresses the previous challenges by proposing a Federated Learning Code Smell Detection (FedCSD) approach, specifically targeting “God Class,” to enable organizations to train distributed ML models while safeguarding data privacy collaboratively. We conduct experiments using manually validated datasets to detect and analyze code smell scenarios to validate our approach. Experiment 1, a centralized training experiment, revealed varying accuracies across datasets, with dataset two achieving the lowest accuracy (92.30%) and datasets one and three achieving the highest (98.90% and 99.5%, respectively). Experiment 2, focusing on cross-evaluation, showed a significant drop in accuracy (lowest: 63.80%) when fewer smells were present in the training dataset, reflecting technical debt. Experiment 3 involved splitting the dataset across 10 companies, resulting in a global model accuracy of 98.34%, comparable to the centralized model’s highest accuracy. The application of federated ML techniques demonstrates promising performance improvements in code-smell detection, benefiting both software developers and researchers.",2023.0,IEEE Access,access,A,Unknown,0.0,no_match,
2c254ec3f4412b634f9315b43766e9acfacf7ea7,Do LLMs Provide Links to Code Similar to What They Generate? A Study with Gemini and Bing CoPilot,"Large Language Models (LLMs) are currently used for various software development tasks, including generating code snippets to solve specific problems. Unlike reuse from the Web, LLMs are limited in providing provenance information about the generated code, which may have important trustworthiness and legal consequences. While LLM-based assistants may provide external links that are “related” to the generated code, we do not know how relevant such links are. This paper presents the findings of an empirical study assessing the extent to which 243 and 194 code snippets, across six programming languages, generated by Bing CoPilot and Google Gemini, likely originate from the links provided by these two LLM-based assistants. The study leverages automated code similarity assessments with thorough manual analysis. The study’s findings indicate that the LLM-based assistants provide a mix of relevant and irrelevant links having a different nature. Specifically, although 66% of the links from Bing CoPilot and 28% from Google Gemini are relevant, LLMs-based assistants still suffer from serious “provenance debt”.",2025.0,IEEE Working Conference on Mining Software Repositories,mining software repositories,A,Empirical Study,1.0,,\bempirical study\b
2c2aec170844db350515781811134f1c8b83bc23,A Taxonomy of Self-Admitted Technical Debt in Deep Learning Systems,"The development of Machine Learning (ML)- and, more recently, of Deep Learning (DL)-intensive systems requires suitable choices, e.g., in terms of technology, algorithms, and hyper-parameters. Such choices depend on developers' experience, as well as on proper experimentation. Due to limited time availability, developers may adopt suboptimal, sometimes temporary choices, leading to a technical debt (TD) specifically related to the ML code. This paper empirically analyzes the presence of Self-Admitted Technical Debt (SATD) in DL systems. After selecting 100 open-source Python projects using popular DL frameworks, we identified SATD from their source comments and created a stratified sample of 443 SATD to analyze manually. We derived a taxonomy of DL-specific SATD through open coding, featuring seven categories and 41 leaves. The identified SATD categories pertain to different aspects of DL models, some of which are technological (e.g., due to hardware or libraries) and some related to suboptimal choices in the DL process, model usage, or configuration. Our findings indicate that DL-specific SATD differs from DL bugs found in previous studies, as it typically pertains to suboptimal solutions rather than functional (e.g., blocking) problems. Last but not least, we found that state-of-the-art static analysis tools do not help developers avoid such problems, and therefore, specific support is needed to cope with DL-specific SATD.",2024.0,IEEE International Conference on Software Maintenance and Evolution,software maintenance and evolution,A,Theoretical Contribution,1.0,,\b(?:a |new )?taxonomy\b
2caeed4221ccada11a19fcc27c3c637aeda43574,When code smells meet ML: on the lifecycle of ML-specific code smells in ML-enabled systems,"The adoption of Machine Learning (ML)-enabled systems is growing rapidly, introducing novel challenges in maintaining quality and managing technical debt in these complex systems. Among the key quality threats are ML-specific code smells (ML-CSs), suboptimal implementation practices in ML pipelines that can compromise system performance, reliability, and maintainability. Although these smells have been defined in the literature, detailed insights into their characteristics, evolution, and mitigation strategies are still needed to help developers address these quality issues effectively. In this paper, we investigate the emergence and evolution of ML-CSs through a large-scale empirical study focusing on (i) their prevalence in real ML-enabled systems, (ii) how they are introduced and removed, and (iii) their survivability. We analyze over 400,000 commits from 337 ML-enabled projects, leveraging CodeSmile, a novel ML smell detector that we developed to enable our investigation and identify ML-specific code smells. Our results reveal that: (1) CodeSmile can detect ML-CSs with precision and recall rates of 87.4% and 78.6%, respectively; (2) ML-CSs are frequently introduced during file modifications in new feature tasks; (3) smells are typically removed during tasks related to new features, enhancements, or refactoring; and (4) the majority of ML-CSs are resolved within the first 10% of commits. Based on these findings, we provide actionable conclusions and insights to guide future research and quality assurance practices for ML-enabled systems.",2024.0,Empirical Software Engineering,empirical software engineering,A,Empirical Study,1.0,,\bempirical study\b
2d20970dbcd403bc96939306d03f2684e67ab02d,Piranha: Reducing Feature Flag Debt at Uber,"Feature flags are commonly used in mobile app development and can introduce technical debt related to deleting their usage from the codebase. This can adversely affect the overall reliability of the apps and increase their maintenance complexity. Reducing this debt without imposing additional overheads on the developers necessitates the design of novel tools and automated workflows.In this paper, we describe the design and implementation of PIRANHA, an automated code refactoring tool which is used to automatically generate differential revisions (a.k. a diffs) to delete code corresponding to stale feature flags. PIRANHA takes as input the name of the flag, expected treatment behavior, and the name of the flag’s author. It analyzes the ASTs of the program to generate appropriate refactorings which are packaged into a diff. The diffis assigned to the author of the flag for further processing, who can land it after performing any additional refactorings.We have implemented PIRANHA to delete code in Objective-C, Java, and Swift programs, and deployed it to handle stale flags in multiple Uber apps. We present our experiences with the deployment of PIRANHA from Dec 2017 to May 2019, including the following highlights: (a) generated code cleanup diffs for 1381 flags (17% of total flags), (b) 65% of the diffs landed without any changes, (c) over 85% of the generated diffs compile and pass tests successfully, (d) around 80% of the diffs affect more than one file, (e) developers process more than 88% of the generated diffs, (f) 75% of the generated diffs are processed within a week, and (g) PIRANHA diffs have been interacted with by~200 developers across Uber. Piranha is available as open source at https://github.com/uber/ piranha.CCS CONCEPTS• Software and its engineering → Software maintenance tools.",2020.0,2020 IEEE/ACM 42nd International Conference on Software Engineering: Software Engineering in Practice (ICSE-SEIP),software engineering,A*,Unknown,0.0,tie:Tool Paper|Experience Report,\b(?:at|inside) (?:microsoft|google|facebook|meta|amazon|netflix|ibm|abb|ericsson|sap|spotify|uber|airbnb)\b; \b(?:github|gitlab)\.com/\S+
2e89170cea58f705d294c0f190359e49f3286234,Automatic Detection and Analysis of Technical Debts in Peer-Review Documentation of R Packages,"Technical debt (TD) is a metaphor for code-related problems that arise as a result of prioritizing speedy delivery over perfect code. Given that the reduction of TDs can have long-term positive impact in the software engineering life-cycle (SDLC), TDs are studied extensively in the literature. However, very few of the existing research focused on the technical debts of R programming language despite its popularity and usage. Recent research by Codabux et al. [21] finds that $R$ packages can have 10 diverse TD types analyzing peer-review documentation. However, the findings are based on the manual analysis of a small sample of R package review comments. In this paper, we develop a suite of Machine Learning (ML) classifiers to detect the 10 TDs automatically. The best performing classifier is based on the deep ML model BERT, which achieves F1-scores of 0.71 - 0.91. We then apply the trained BERT models on all available peer-review issue comments from two platforms, rOpenSci and BioConductor (13.5K review comments coming from a total of 1297 R packages). We conduct an empirical study on the prevalence and evolution of 10 TDs in the two R platforms. We discovered documentation debt is the most prevalent among all types of TD, and it is also expanding rapidly. We also find that R packages of generic platform (i.e. rOpenSci) are more prone to TD compared to domain-specific platform (i.e. BioConductor). Our empirical study findings can guide future improvements opportunities in R package documentation. Our ML models can be used to automatically monitor the prevalence and evolution of TDs in R package documentation.",2022.0,"IEEE International Conference on Software Analysis, Evolution, and Reengineering",software analysis evolution and reengineering,A,Empirical Study,1.0,,\bempirical study\b
2eb06ecd0718cd2a9ed0edfe7f2b92257a753dac,Unadmitted Technical Debt: Dataset and Detection Approaches,"In recent years, researchers have proposed various approaches to detect code comments that explicitly acknowledge Technical Debt (TD), which are referred to as Self-Admitted Technical Debt (SATD) comments. Previous studies have proven that hidden patterns can be learned from SATD code snippets to predict whether the code snippets hold TD without the aid of comments. In this study, we refer to such TD as unadmitted TD, i.e., TD whose code snippets exhibit patterns similar to those of SATD, but are not annotated with comments indicating the existence of TD. Given that current unadmitted TD datasets are limited to method-level and conditional-statement-level code snippets, we construct the world’s most comprehensive dataset of code snippets and their corresponding comments, which includes 18 popular Java open-source projects and covers code snippets at the file, class, method and block levels. Around this dataset, we have conducted four key research activities. Firstly, we propose an automated framework for data collection and annotation, which extracts commented code snippets of varying granularity from projects and assigns SATD labels using three state-of-the-art SATD detection approaches. Secondly, we conduct a rigorous evaluation process, including the validity test, reliability test and manual verification, to ensure the accuracy and consistency of the dataset before further analysis and utilization. Additionally, we propose a metric-based detection approach named LiteM that detects unadmitted TD solely based on code metrics. As for the real-world scenarios where training data is scarce, we further introduce LiteMC, which generates pseudo-labels for commented code snippets and then employs LiteM to train a model on these pseudo-labeled data, enabling the detection of unadmitted TD in uncommented code snippets. The experimental results demonstrate the effectiveness and efficiency of both LiteM and LiteMC. The dataset and the code are available at https://github.com/HduDBSI/Dataset4TD.",2025.0,IEEE Transactions on Software Engineering,transactions on software engineering,A*,Tool Paper,1.0,,"\b(?:github|gitlab)\.com/\S+; \bavailable (?:at|on)\b.{0,30}\bhttp"
2fce737dc0260deb288f8434d7d4221778177288,On the Relationship Between Developer Experience and Refactoring: An Exploratory Study and Preliminary Results,"Refactoring is one of the means of managing technical debt and maintaining a healthy software structure through enforcing best design practices, or coping with design defects. Previous refactoring surveys have shown that these code restructurings are mainly executed by developers who have sufficient knowledge of the system's design, and disposing of leadership roles in their development teams. However, these surveys were mainly limited to specific projects and companies. In this paper, we explore the generalizability of the previous results though analyzing 800 open-source projects. We mine their refactoring activities, and we identify their corresponding contributors. Then, we associate an expertise score to each contributor in order to test the hypothesis of whether developers with higher scores tend to perform a higher number of refactoring operations. We found that (1) although refactoring is not restricted to a subset of developers, those with higher experiences score tend to perform more refactorings than others; (2) our qualitative analysis of three randomly sampled projects show that the developers who are responsible for the majority of refactoring activities are typically on advanced positions in their development teams, demonstrating their extensive knowledge of the design of the systems they contribute to.",2020.0,International Conference on Software Engineering,software engineering,A*,Empirical Study,1.0,,\bexploratory study\b; \b\d+ (?:open[- ]source |open )?projects?\b
3405d983891ba2b060a2962cd66dcef37c25a093,SATDBailiff- Mining and Tracking Self-Admitted Technical Debt,"Self-Admitted Technical Debt (SATD) is a metaphorical concept to describe the self-documented addition of technical debt to a software project in the form of source code comments. SATD can linger in projects and degrade source-code quality, but it can also be more visible than unintentionally added or undocumented technical debt. Understanding the implications of adding SATD to a software project is important because developers can benefit from a better understanding of the quality trade-offs they are making. However, empirical studies, analyzing the survivability and removal of SATD comments, are challenged by potential code changes or SATD comment updates that may interfere with properly tracking their appearance, existence, and removal. In this paper, we propose SATDBailiff, a tool that uses an existing state-of-the-art SATD detection tool, to identify SATD in method comments, then properly track their lifespan. SATDBailiff is given as input links to open source projects, and its output is a list of all identified SATDs, and for each detected SATD, SATDBailiff reports all its associated changes, including any updates to its text, all the way to reporting its removal. The goal of SATDBailiff is to aid researchers and practitioners in better tracking SATDs instances and providing them with a reliable tool that can be easily extended. SATDBailiff was validated using a dataset of previously detected and manually validated SATD instances. 
SATDBailiff is publicly available as an open-source, along with the manual analysis of SATD instances associated with its validation, on the project website",2021.0,Science of Computer Programming,science of computer programming,A,Unknown,0.0,no_match,
36e86224f1350fb7f382d4215644c896a6f2c21f,Splicing Community Patterns and Smells: A Preliminary Study,"Software engineering projects are now more than ever a community effort. In the recent past, researchers have shown that their success may not only depend on source code quality, but also on other aspects like the balance of distance, culture, global engineering practices, and more. In such a scenario, understanding the characteristics of the community around a project and foresee possible problems may be the key to develop successful systems. In this paper, we focus on this research problem and propose an exploratory study on the relation between community patterns, i.e., recurrent mixes of organizational or social structure types, and smells, i.e., sub-optimal patterns across the organizational structure of a software development community that may be precursors of some sort of social debt. We exploit association rule mining to discover frequent relations between them. Our findings show that different organizational patterns are connected to different forms of socio-technical problems, possibly suggesting that practitioners should put in place specific preventive actions aimed at avoiding the emergence of community smells depending on the organization of the project.",2020.0,International Conference on Software Engineering,software engineering,A*,Empirical Study,1.0,,\bexploratory study\b
3bd2e3d6d071971de73a49b1c3ed0429e8f50cbd,Experience With Managing Technical Debt in Scientific Software Development Using the EXA2PRO Framework,"Technical Debt (TD) is a software engineering metaphor that resembles the production of poor-quality code to going into debt. In particular, a development team that “saves” effort while developing by not removing inefficiencies, has to “pay-back” with interest, in the form of additional maintenance costs (i.e., fixing bugs, adding features, etc.) due to the poor maintainability of the developed code. Although maintainability assurance is an established practice in traditional software development (lately known as TD management), it has still not attracted the attention of scientific software developers; i.e., researchers writing code and developing tools for purely research purposes. Nevertheless, based on the literature and practice, maintainability seems to be ranked as an important key-driver for the development of such applications; since the effort needed to update the code before the experimentation (e.g., executing a simulation) is common and should not receive low priority. In this paper, we present the outcome of a 3-year research project on Technical Debt Management (TDM) for scientific software development. The outcome of the project is a framework (termed: EXA2PRO TDM framework) and an accompanying platform for assisting scientific software developers in managing the TD of their applications. The framework is a collection of methods tailored for the mainstream programming languages of scientific software development, which have been empirically validated through five pilot applications. The majority of the EXA2PRO framework suggestions have been applied by scientific software developers and eased future maintenance activities.",2021.0,IEEE Access,access,A,Experience Report,1.0,,\bexperience (?:with|using|applying)\b
3c4196bb29763441ec1bd7d22fa87eb5b0ee1719,GitDelver Enterprise Dataset (GDED): An Industrial Closed-source Dataset for Socio-Technical Research,"Conducting socio-technical software engineering research on closed-source software is difficult as most organizations do not want to give access to their code repositories. Most experiments and publications therefore focus on open-source projects, which only provides a partial view of software development communities. Yet, closing the gap between open and closed source software industries is es-sential to increase the validity and applicability of results stemming from socio-technical software engineering research. We contribute to this effort by sharing our work in a large company counting 4,800 employees. We mined 101 repositories and produced the GDED dataset containing socio-technical information about 106,216 commits, 470,940 file modifications and 3,471,556 method modifications from 164 developers during the last 13 years, using various programming languages. For that, we used GitDelver, an open-source tool we developed on top of Pydriller, and anonymized and scrambled the data to comply with legal and corporate requirements. Our dataset can be used for various purposes and provides information about code complexity, self-admitted technical debt, bug fixes, as well as temporal information. We also share our experience regarding the processing of sensitive data to help other organizations making datasets publicly available to the research community.",2022.0,IEEE Working Conference on Mining Software Repositories,mining software repositories,A,Unknown,0.0,tie:Tool Paper|Experience Report,\bopen[- ]source tool\b; \bour experience\b
3d919732b600dc8f557c31e321d5999a888bbc3d,Identifying self-admitted technical debt through code comment analysis with a contextualized vocabulary,"Abstract Context Previous work has shown that one can explore code comments to detect Self-Admitted Technical Debt (SATD) using a contextualized vocabulary. However, current detection strategies still return a large number of false positives items. Moreover, those strategies do not allow the automatic identification of the type of debt of the identified items. Objective This work applies, evaluates, and improves a set of contextualized patterns we built to detect self-admitted technical debt using code comment analysis. We refer to this set of patterns as the self-admitted technical debt identification vocabulary. Method We carry out three empirical studies. Firstly, 23 participants analyze the patterns of a previously defined contextualized vocabulary and register their level of importance in identifying SATD items. Secondly, we perform a qualitative analysis to investigate the relation between each pattern and types of debt. Finally, we perform a feasibility study using a new vocabulary, improved based on the results of the previous empirical studies, to automatically identify self-admitted technical debt items, and types of debt, that exist in three open source projects. Results More than half of the new patterns were considered decisive or very decisive to detect technical debt items. The new vocabulary was able to find items associated to code, design, defect, documentation, and requirement debt. Thus, the result of the work is an improved vocabulary that considers the level of importance of each pattern and the relationship between patterns and debt types to support the identification and classification of SATD items. Conclusion The studies allowed us to improve a vocabulary to identify self-admitted technical debt items through code comments analysis. The results show that the use of pattern-based code comment analysis can contribute to improve existing methods, or create new ones, for automatically identifying and classifying technical debt items.",2020.0,Information and Software Technology,information and software technology,A,Unknown,0.0,no_match,
3ebd93358472dcdb1ece04b787c122bcd6948cb3,Augmenting commit classification by using fine-grained source code changes and a pre-trained deep neural language model,"Abstract Context: Analyzing software maintenance activities is very helpful in ensuring cost-effective evolution and development activities. The categorization of commits into maintenance tasks supports practitioners in making decisions about resource allocation and managing technical debt. Objective: In this paper, we propose to use a pre-trained language neural model, namely BERT (Bidirectional Encoder Representations from Transformers) for the classification of commits into three categories of maintenance tasks — corrective, perfective and adaptive. The proposed commit classification approach will help the classifier better understand the context of each word in the commit message. Methods: We built a balanced dataset of 1793 labeled commits that we collected from publicly available datasets. We used several popular code change distillers to extract fine-grained code changes that we have incorporated into our dataset as additional features to BERT’s word representation features. In our study, a deep neural network (DNN) classifier has been used as an additional layer to fine-tune the BERT model on the task of commit classification. Several models have been evaluated to come up with a deep analysis of the impact of code changes on the classification performance of each commit category. Results and conclusions: Experimental results have shown that the DNN model trained on BERT’s word representations and Fixminer code changes (DNN@BERT+Fix_cc) provided the best performance and achieved 79.66% accuracy and a macro-average f1 score of 0.8. Comparison with the state-of-the-art model that combines keywords and code changes (RF@KW+CD_cc) has shown that our model achieved approximately 8% improvement in accuracy. Results have also shown that a DNN model using only BERT’s word representation features achieved an improvement of 5% in accuracy compared to the RF@KW+CD_cc model.",2021.0,Information and Software Technology,information and software technology,A,Unknown,0.0,no_match,
4053adcc254898ac50abe5f3c701c27b4cbce33b,An empirical study on the effectiveness of large language models for SATD identification and classification,"Self-Admitted Technical Debt (SATD), a concept highlighting sub-optimal choices in software development documented in code comments or other project resources, poses challenges in the maintainability and evolution of software systems. Large language models (LLMs) have demonstrated significant effectiveness across a broad range of software tasks, especially in software text generation tasks. Nonetheless, their effectiveness in tasks related to SATD is still under-researched. In this paper, we investigate the efficacy of LLMs in both identification and classification of SATD. For both tasks, we investigate the performance gain from using more recent LLMs, specifically the Flan-T5 family, across different common usage settings. Our results demonstrate that for SATD identification, all fine-tuned LLMs outperform the best existing non-LLM baseline, i.e., the CNN model, with a 4.4% to 7.2% improvement in F1 score. In the SATD classification task, while our largest fine-tuned model, Flan-T5-XL, still led in performance, the CNN model exhibited competitive results, even surpassing four of six LLMs. We also found that the largest Flan-T5 model, i.e., Flan-T5-XXL, when used with a zero-shot in-context learning (ICL) approach that only provides instructions for SATD identification, yields competitive results with traditional approaches but performs 6.4% to 9.2% worse than fine-tuned LLMs. For SATD classification, few-shot ICL approach, incorporating examples and category descriptions in prompts, outperforms the zero-shot approach and even surpasses the fine-tuned smaller Flan-T5 models. Moreover, our experiments demonstrate that incorporating contextual information, such as surrounding code, into the SATD classification task enables larger fine-tuned LLMs to improve their performance. Our study highlights the capabilities and limitations of LLMs for SATD tasks and the role of contextual information in achieving higher performance with larger LLMs, setting a foundation for future efforts to enhance these models for more effective technical debt management.",2024.0,Empirical Software Engineering,empirical software engineering,A,Empirical Study,1.0,,\bempirical study\b
413f2bc634d54baec015563b60b049d10477fe76,"PENTACET data - 23 Million Contextual Code Comments and 250,000 SATD comments","Most Self-Admitted Technical Debt (SATD) research utilizes explicit SATD features such as ‘TODO’ and ‘FIXME’ for SATD detection. A closer look reveals several SATD research uses simple SATD (‘Easy to Find’) code comments without contextual data (preceding and succeeding source code context). This work addresses this gap through PENTACET (or 5C dataset) data. PENTACET is a large Curated Contextual Code Comments per Contributor and the most extensive SATD data. We mine 9,096 Open Source Software Java projects totaling over 400 million LOC. The outcome is a dataset with 23 million code comments, preceding and succeeding source code context for each comment, and more than 250,000 SATD comments, including both ‘Easy to Find’ and ‘Hard to Find’ SATD. We believe PENTACET data will further SATD research using Artificial Intelligence techniques.",2023.0,IEEE Working Conference on Mining Software Repositories,mining software repositories,A,Position Paper,1.0,,\bwe believe\b
418b890d6ab810b45ad9fc1e9619694682fd38e4,Self-Admitted Technical Debt in the Embedded Systems Industry: An Exploratory Case Study,"Technical debt denotes shortcuts taken during software development, mostly for the sake of expedience. When such shortcuts are admitted explicitly by developers (e.g., writing a TODO/Fixme comment), they are termed as Self-Admitted Technical Debt or SATD. There has been a fair amount of work studying SATD management in Open Source projects, but SATD in industry is relatively unexplored. At the same time, there is no work focusing on developers’ perspectives towards SATD and its management. To address this, we conducted an exploratory case study in cooperation with an industrial partner to study how they think of SATD and how they manage it. Specifically, we collected data by identifying and characterizing SATD in different sources (issues, source code comments, and commits) and carried out a series of interviews with 12 software practitioners. The results show: 1) the core characteristics of SATD in industrial projects; 2) developers’ attitudes towards identified SATD and statistics; 3) triggers for practitioners to introduce and repay SATD; 4) relations between SATD in different sources; 5) practices used to manage SATD; 6) challenges and tooling ideas for SATD management.",2022.0,IEEE Transactions on Software Engineering,transactions on software engineering,A*,Case Study,1.0,,\bcase study\b; \bexploratory case study\b
42db9067e9abef0ea3813b7d60b1c66f6b754d0e,A First Look at Duplicate and Near-duplicate Self-admitted Technical Debt Comments,"Self-admitted technical debt (SATD) refers to technical debt that is intentionally introduced by developers and explicitly documented in code comments or other software artifacts (e.g., issue reports) to annotate sub-optimal decisions made by developers in the software development process. In this work, we take the first look at the existence and char-acteristics of duplicate and near-duplicate SATD comments in five popular Apache OSS projects, i.e., JSPWiki, Helix, Jackrab-bit, Archiva, and SystemML. We design a method to automatically identify groups of duplicate and near-duplicate SATD comments and track their evolution in the software system by mining the com-mit history of a software project. Leveraging the proposed method, we identified 3,520 duplicate and near-duplicate SATD comments from the target projects, which belong to 1,141 groups. We man-ually analyze the content and context of a sample of 1,505 SATD comments (by sampling 100 groups for each project) and identify if they annotate the same root cause. We also investigate whether du-plicate SATD comments exist in code clones, whether they co-exist in the same file, and whether they are introduced and removed simultaneously. Our preliminary study reveals several surprising findings that would shed light on future studies aiming to improve the management of duplicate SATD comments. For instance, only 48.5% duplicate SATD comment groups with the same root cause exist in regular code clones, and only 33.9% of the duplicate SATD comment pairs are introduced in the same commit.",2022.0,IEEE International Conference on Program Comprehension,program comprehension,A,Unknown,0.0,no_match,
43a0e96ad770d6d5cc5cdbc098d70ecc5ad610da,Insights Into Test Code Quality Prediction: Managing Machine Learning Techniques,"Test cases represent the first line of defence against the introduction of software faults, especially when testing for regressions. They must be constantly maintained and updated as part of software components to keep them useful. With the help of testing frameworks, developers create test methods and run them periodically on their code. The entire team relies on the results from these tests to decide whether to merge a pull request or deploy the system. Unfortunately, tests are not immune to bugs or technical debts: indeed, they often suffer from issues that can preclude their effectiveness. Typical problems in test cases are called flaky tests and test smells. Over the last decades, the software engineering research community has been proposing a number of static and dynamic approaches to assist developers with the (semi-)automatic detection and removal of these problems. Despite this, most of these approaches rely on expensive dynamic steps and depend on tunable thresholds. These limitations have been partially targeted through machine learning solutions that could predict test quality issues using various features, like source code vocabulary or a mixture of static and dynamic metrics. In this tutorial, I will discuss our experience building prediction models to detect quality issues in test code. The tutorial will discuss the design choices to make in the context of test code quality prediction and the implications these choices have for the reliability of the resulting models.",2024.0,International Conference on Evaluation & Assessment in Software Engineering,evaluation and assessment in software engineering,A,Experience Report,1.0,,\bour experience\b
43c1ab325c53da9ad4422127f896340f450f4e9b,How do Technical Debt Payment Practices Relate to the Effects of the Presence of Debt Items in Software Projects?,"Context: Knowing the effects of technical debt (TD) can support software development teams in the prioritization of TD items to pay off. However, little is known about the relations between the effects of TD and TD payment practices. Having this knowledge can provide valuable information for decision making about which payment practice can be applied given the presence of specific effects of TD. Aims: To investigate, from the point of view of software practitioners, (i) which TD payment practices have been used when certain effects of the presence of debt are felt in software projects and (ii) the reasons for not paying debt items despite the effects they are causing to the project. Method: We analyze quantitatively and qualitatively data collected from a survey with 432 practitioners across four countries. Results: Among the identified relations, the practice ""code refactoring"" is commonly used to pay debt items off when the effects ""delivery delay"" and ""rework"" are felt in software projects. On the other hand, when practitioners face the TD effects ""low external quality"" and ""delivery delay"", ，they commonly justify the non- payment of the debt items indicating the need of ""focusing on short term goals"". Conclusion: We organize the relationship between TD effects, and payment practices and reasons for not eliminating debt items. All this information is structured in an alluvial diagram, which can facilitate the visualization of the identified relations.",2021.0,"IEEE International Conference on Software Analysis, Evolution, and Reengineering",software analysis evolution and reengineering,A,Unknown,0.0,no_match,
451f395456f1a053d1d1cbf85874dc2a8eb3b55c,How do Community Smells Influence Self-Admitted Technical Debt in Machine Learning Projects?,"Background: Community smells reflect poor organizational practices that often lead to socio-technical issues and the accumulation of Self-Admitted Technical Debt (SATD). While prior studies have explored these problems in general software systems, their interplay in machine learning (ML)-based projects remains largely under-examined. Aims: In this study, we aim to investigate the prevalence of community smells and their relationship with SATD in open-source ML projects, analyzing data at the release level. Methods: We analyzed $\mathbf{1 5 5 ~ M L}$-based systems across multiple releases to examine the prevalence of ten community smell types. Then we detected SATD at the release level and applied statistical analysis to examine its correlation with community smells. Next, we considered the six identified types of SATD to determine which community smells are the most associated with each debt category. Finally, we analyzed how the community smells and SATD evolve over the releases, uncovering project size-dependent trends and shared trajectories. Results: Community smells are found to be widespread, exhibiting distinct distribution patterns across small, medium and large projects. Certain smells, such as Radio Silence and Organizational Silos, are strongly correlated with higher SATD occurrences, while authority- and communication-related smells often co-occur with persistent code and design debt. Temporal analysis revealed shared evolutionary trajectories of smells and SATD, influenced by project size. Conclusion: Our findings emphasize the importance of early detection and mitigation of socio-technical issues to maintain the long-term quality and sustainability of ML-based systems.",2025.0,International Symposium on Empirical Software Engineering and Measurement,empirical software engineering and measurement,A,Unknown,0.0,no_match,
497d1d1856f88e367524c98b9a999807d45e3250,Neural Network-based Detection of Self-Admitted Technical Debt,"Technical debt is a metaphor to reflect the tradeoff software engineers make between short-term benefits and long-term stability. Self-admitted technical debt (SATD), a variant of technical debt, has been proposed to identify debt that is intentionally introduced during software development, e.g., temporary fixes and workarounds. Previous studies have leveraged human-summarized patterns (which represent n-gram phrases that can be used to identify SATD) or text-mining techniques to detect SATD in source code comments. However, several characteristics of SATD features in code comments, such as vocabulary diversity, project uniqueness, length, and semantic variations, pose a big challenge to the accuracy of pattern or traditional text-mining-based SATD detection, especially for cross-project deployment. Furthermore, although traditional text-mining-based method outperforms pattern-based method in prediction accuracy, the text features it uses are less intuitive than human-summarized patterns, which makes the prediction results hard to explain. To improve the accuracy of SATD prediction, especially for cross-project prediction, we propose a Convolutional Neural Network-- (CNN) based approach for classifying code comments as SATD or non-SATD. To improve the explainability of our model’s prediction results, we exploit the computational structure of CNNs to identify key phrases and patterns in code comments that are most relevant to SATD. We have conducted an extensive set of experiments with 62,566 code comments from 10 open-source projects and a user study with 150 comments of another three projects. Our evaluation confirms the effectiveness of different aspects of our approach and its superior performance, generalizability, adaptability, and explainability over current state-of-the-art traditional text-mining-based methods for SATD classification.",2019.0,ACM Transactions on Software Engineering and Methodology,transactions on software engineering and methodology,A*,Empirical Study,1.0,,\b\d+ (?:open[- ]source |open )?projects?\b
4d1f2c9b70891a4d43f2a86644df29e2b8e78a58,Technical debt and agile software development practices and processes: An industry practitioner survey,"Abstract Context: Contemporary software development is typically conducted in dynamic, resource-scarce environments that are prone to the accumulation of technical debt. While this general phenomenon is acknowledged, what remains unknown is how technical debt specifically manifests in and affects software processes, and how the software development techniques employed accommodate or mitigate the presence of this debt. Objectives: We sought to draw on practitioner insights and experiences in order to classify the effects of agile method use on technical debt management, given the popularity and perceived success of agile methods. We explore the breadth of practitioners’ knowledge about technical debt; how technical debt is manifested across the software process; and the perceived effects of common agile software development practices and processes on technical debt. In doing so, we address a research gap in technical debt knowledge and provide novel and actionable managerial recommendations. Method: We designed, tested and executed a multi-national survey questionnaire to address our objectives, receiving 184 responses from practitioners in Brazil, Finland, and New Zealand. Results: Our findings indicate that: 1) Practitioners are aware of technical debt, although, there was under utilization of the concept, 2) Technical debt commonly resides in legacy systems, however, concrete instances of technical debt are hard to conceptualize which makes it problematic to manage, 3) Queried agile practices and processes help to reduce technical debt; in particular, techniques that verify and maintain the structure and clarity of implemented artifacts (e.g., Coding standards and Refactoring) positively affect technical debt management. Conclusions: The fact that technical debt instances tend to have characteristics in common means that a systematic approach to its management is feasible. However, notwithstanding the positive effects of some agile practices on technical debt management, competing stakeholders’ interests remain a concern.",2017.0,Information and Software Technology,information and software technology,A,Survey,1.0,,\bquestionnaire\b; \bpractitioner survey\b
5256f2da6ccb01c73576f8aa3e95c8a11b715274,What Made This Test Flake? Pinpointing Classes Responsible for Test Flakiness,"Flaky tests are defined as tests that manifest non-deterministic behaviour by passing and failing intermittently for the same version of the code. These tests cripple continuous integration with false alerts that waste developers’ time and break their trust in regression testing. To mitigate the effects of flakiness, both researchers and industrial experts proposed strategies and tools to detect and isolate flaky tests. However, flaky tests are rarely fixed as developers struggle to localise and understand their causes. Additionally, developers working with large codebases often need to know the sources of non-determinism to preserve code quality, i.e., avoid introducing technical debt linked with non-deterministic behaviour, and to avoid introducing new flaky tests. To aid with these tasks, we propose re-targeting Fault Localisation techniques to the flaky component localisation problem, i.e., pinpointing program classes that cause the non-deterministic behaviour of flaky tests. In particular, we employ Spectrum-Based Fault Localisation (SBFL), a coverage-based fault localisation technique commonly adopted for its simplicity and effectiveness. We also utilise other data sources, such as change history and static code metrics, to further improve the localisation. Our results show that augmenting SBFL with change and code metrics ranks flaky classes in the top-1 and top-5 suggestions, in 26% and 47% of the cases. Overall, we successfully reduced the average number of classes inspected to locate the first flaky class to 19% of the total number of classes covered by flaky tests. Our results also show that localisation methods are effective in major flakiness categories, such as concurrency and asynchronous waits, indicating their general ability to identify flaky components.",2022.0,IEEE International Conference on Software Maintenance and Evolution,software maintenance and evolution,A,Unknown,0.0,no_match,
54aa0379ba22c91045fe853f31e9489c528e27d6,Some SonarQube Issues have a Significant but SmallEffect on Faults and Changes. A large-scale empirical study,"Context. Companies commonly invest effort to remove technical issues believed to impact software qualities, such as removing anti-patterns or coding styles violations. Objective. Our aim is to analyze the diffuseness of Technical Debt (TD) items in software systems and to assess their impact on code changes and fault-proneness, considering also the type of TD items and their severity. Method. We conducted a case study among 33 Java projects from the Apache Software Foundation (ASF) repository. We analyzed 726 commits containing 27K faults and 12M changes. The projects violated 173 SonarQube rules generating more than 95K TD items in more than 200K classes. Results. Clean classes (classes not affected by TD items) are less change-prone than dirty ones, but the difference between the groups is small. Clean classes are slightly more change-prone than classes affected by TD items of type Code Smell or Security Vulnerability. As for fault-proneness, there is no difference between clean and dirty classes. Moreover, we found a lot of incongruities in the type and severity level assigned by SonarQube. Conclusions. Our result can be useful for practitioners to understand which TD items they should refactor and for researchers to bridge the missing gaps. They can also support companies and tool vendors in identifying TD items as accurately as possible.",2019.0,Journal of Systems and Software,journal of systems and software,A,Unknown,0.0,tie:Empirical Study|Case Study,\bcase study\b; \bempirical study\b
5536a222b4c844bc9f9930a350ad7f850f4ba895,Local and Global Explainability for Technical Debt Identification,"In recent years, we have witnessed an important increase in research focusing on how machine learning (ML) techniques can be used for software quality assessment and improvement. However, the derived methodologies and tools lack transparency, due to the black-box nature of the employed machine learning models, leading to decreased trust in their results. To address this shortcoming, in this paper we extend the state-of-the-art and -practice by building explainable AI models on top of machine learning ones, to interpret the factors (i.e. software metrics) that constitute a module as in risk of having high technical debt (HIGH TD), to obtain thresholds for metric scores that are alerting for poor maintainability, and finally, we dig further to achieve local interpretation that explains the specific problems of each module, pinpointing to specific opportunities for improvement during TD management. To achieve this goal, we have developed project-specific classifiers (characterizing modules as HIGH and NOT-HIGH TD) for 21 open-source projects, and we explain their rationale using the SHapley Additive exPlanation (SHAP) analysis. Based on our analysis, complexity, comments ratio, cohesion, nesting of control flow statements, coupling, refactoring activity, and code churn are the most important reasons for characterizing classes as in HIGH TD risk. The analysis is complemented with global and local means of interpretation, such as metric thresholds and case-by-case reasoning for characterizing a class as in-risk of having HIGH TD. The results of the study are compared against the state-of-the-art and are interpreted from the point of view of both researchers and practitioners.",2024.0,IEEE Transactions on Software Engineering,transactions on software engineering,A*,Unknown,0.0,tie:Systematic Literature Review|Empirical Study,\b\d+ (?:open[- ]source |open )?projects?\b; \bquality assessment\b
5811730096701f5e9815f0b3b4d17e81a42774c3,Metamodel deprecation to manage technical debt in model co-evolution,"Model-Driven Engineering helps formalize problem-domains by using metamodels. Modeling ecosystems consisting of purposely designed editors, transformations, and code generators are defined on top of the metamodels. Analogously to other software forms, metamodels can evolve---consequently, the validity of existing artifacts might be compromised. Coupled evolution provides techniques for restoring artifacts' validity in response to metamodel evolution. In this paper, we propose using deprecation in metamodeling to mitigate the difficulties in performing a class of adaptations that must be operated manually. Technical debt in co-evolution can be regarded as the outcome of procrastinating the migration of artifacts and, thus, must be reduced if not eliminated. Tool support for the adoption of deprecation and technical debt is used to demonstrate the feasibility of the methods.",2020.0,ACM/IEEE International Conference on Model Driven Engineering Languages and Systems,model driven engineering languages and systems,A,Unknown,0.0,no_match,
59fe9c5443d0ed636d63caa4b960dedf7049a282,Identification of Self-Admitted Technical Debt Using Enhanced Feature Selection Based on Word Embedding,"Self-admitted technical debt (SATD) is annotated in source code comments by developers and has been recognized as a great source of discovering flawed software. To reduce manual effort, some recent studies have focused on automated detection of SATD using text classification methods. To train their classifier, these methods need labeled samples, which also require a lot of effort to obtain. We developed a new SATD identification method, which takes advantage of a large corpus of unlabeled code comments, extracted from open source projects, to train a word embedding model. After applying feature selection, the pre-trained word embedding is used for discovering semantically similar features in source code comments to enhance the original feature set. By using such enhanced feature set for classification, our goal was to improve the identification of SATD when compared to existing methods. The proposed feature enhancement method was used with the three most common feature selection methods (CHI, IG, and MI), and three well-known text classification algorithms (NB, SVM, and ME) and was tested on ten open source projects. The experimental results show a significant improvement in SATD identification over the compared methods. With an achieved 82% of correct predictions of SATD, the proposed method seems to be a good candidate to be adopted in practice.",2019.0,IEEE Access,access,A,Unknown,0.0,no_match,
5a14c8fdba4fbfb6d7a5a10c754951d962e936c5,Usability Technical Debt in Software Projects: A Multi-Case Study,"Background: Over the years, several studies were conducted aiming at understanding the Technical Debt (TD) phenomenon and its implications on software development. Most of these studies focus on source code related TD types. The absence of empirical studies on usability debt motivated our research. Aims: The goal of this paper is to provide an initial usability debt characterization in software projects regarding its occurrence, type, and resolution effort. Method: We conducted a multi-case study, analyzing TD items of five software projects from four different companies. Results: We identified and classified 145 TD items in the projects. The analysis of these items allowed us to observe that the frequency of usability TD items ranged from 10.4% to 20.8% in the projects. The usability debt items cover a range of usability issues, violating eight out of the ten Nielsen usability heuristics. Regarding effort for paying the TD, usability debt items require a relatively low effort, ranging from 5.1% to 6.7% of the total TD resolution effort in the analyzed projects. Conclusions: Usability TD items are frequent, concern relevant usability issues and typically require low effort for their payment. Hence, paying this type of TD should receive high priority in TD management strategies.",2019.0,International Symposium on Empirical Software Engineering and Measurement,empirical software engineering and measurement,A,Case Study,1.0,,\bcase study\b; \b(?:multiple|multi)[- ]case study\b
5ab16c6857f358dc7b41efc84ac492837e02a820,Self-Claimed Assumptions in Deep Learning Frameworks: An Exploratory Study,"Deep learning (DL) frameworks have been extensively designed, implemented, and used in software projects across many domains. However, due to the lack of knowledge or information, time pressure, complex context, etc., various uncertainties emerge during the development, leading to assumptions made in DL frameworks. Though not all the assumptions are negative to the frameworks, being unaware of certain assumptions can result in critical problems (e.g., system vulnerability and failures). As the first step of addressing the critical problems, there is a need to explore and understand the assumptions made in DL frameworks. To this end, we conducted an exploratory study to understand self-claimed assumptions (SCAs) about their distribution, classification, and impacts using code comments from nine popular DL framework projects on GitHub. The results are that: (1) 3,084 SCAs are scattered across 1,775 files in the nine DL frameworks, ranging from 1,460 (TensorFlow) to 8 (Keras) SCAs. (2) There are four types of validity of SCAs: Valid SCA, Invalid SCA, Conditional SCA, and Unknown SCA, and four types of SCAs based on their content: Configuration and Context SCA, Design SCA, Tensor and Variable SCA, and Miscellaneous SCA. (3) Both valid and invalid SCAs may have an impact within a specific scope (e.g., in a function) on the DL frameworks. Certain technical debt is induced when making SCAs. There are source code written and decisions made based on SCAs. This is the first study on investigating SCAs in DL frameworks, which helps researchers and practitioners to get a comprehensive understanding on the assumptions made. We also provide the first dataset of SCAs for further research and practice in this area.",2021.0,International Conference on Evaluation & Assessment in Software Engineering,evaluation and assessment in software engineering,A,Empirical Study,1.0,,\bexploratory study\b
5f46d387a1afce4248d121f36906187c66c791d9,Refactoring Debt: Myth or Reality? An Exploratory Study on the Relationship Between Technical Debt and Refactoring,"To meet project timelines or budget constraints, developers intentionally deviate from writing optimal code to feasible code in what is known as incurring Technical Debt (TD). Furthermore, as part of planning their correction, developers document these deficiencies as comments in the code (i.e., self-admitted technical debt or SATD). As a means of improving source code quality, developers often apply a series of refactoring operations to their codebase. In this study, we explore developers repaying this debt through refactoring operations by examining occurrences of SATD removal in the code of 76 open-source Java systems. Our findings show that TD payment usually occurs with refactoring activities and developers refactor their code to remove TD for specific reasons. We envision our findings supporting vendors in providing tools to better support developers in the automatic repayment of technical debt.",2022.0,IEEE Working Conference on Mining Software Repositories,mining software repositories,A,Empirical Study,1.0,,\bexploratory study\b
6013f32135bf2788e4d66294123e9afa141deaf8,Understanding and Identifying Technical Debt in the Co-Evolution of Production and Test Code,"The co-evolution of production and test code (PT co-evolution) has received increasing attention in recent years. However, we found that existing work did not comprehensively study various PT co-evolution scenarios, such as the qualification and persistence of their effects on software. Inspired by technical debt (TD), we refer to TD generated during the co-evolution between production and test code as PT co-evolution technical debt (PTCoTD). To better understand PT co-evolution, we first conducted an exploratory study on its characteristics on 15 open-source projects, finding unbalanced PT co-evolution prevalent and summarizing five potential PT flaws. Then we proposed an approach to identify and quantify PTCoTDs of these flaw patterns, considering evolutionary and structural relationships. We also built prediction models to describe cost trajectories and rank all PTCoTDs to prioritize expensive ones. The evaluation on the 15 projects shows that our approach can identify PTCoTDs that deserve attention. The identified PTCoTDs account for about half of the project's total maintenance costs, and the cost proportion of the expensive Top-5 is 1.8x more than the file proportion they contain. Almost all covered maintenance costs persist as PTCoTD in the future, with an average increase of 6.8% between the last two releases. Our approach also accurately predicts the costs of PTCoTD with an average prediction deviation of only 8.3%. Our study provides valuable insights into PT co-evolution scenarios and their effects, which can guide practices and inspire future work on software testing and maintenance.",2025.0,IEEE Transactions on Software Engineering,transactions on software engineering,A*,Empirical Study,1.0,,\bexploratory study\b; \b\d+ (?:open[- ]source |open )?projects?\b
615ab5cccdb5f0c9b3de1e3af21f9d01133bdede,A Novel Four-Way Approach Designed With Ensemble Feature Selection for Code Smell Detection,"Purpose: Code smells are residuals of technical debt induced by the developers. They hinder evolution, adaptability and maintenance of the software. Meanwhile, they are very beneficial in indicating the loopholes of problems and bugs in the software. Machine learning has been extensively used to predict Code Smells in research. The current study aims to optimise the prediction using Ensemble Learning and Feature Selection techniques on three open-source Java data sets. Design and Results: The work Compares four varied approaches to detect code smells using four performance measures Accuracy(P1), G-mean1 (P2), G-mean2 (P3), and F-measure (P4). The study found out that values of the performance measures did not degrade it instead of either remained same or increased with feature selection and Ensemble Learning. Random Forest turns out to be the best classifier while Correlation-based Feature selection(BFS) is best amongst Feature Selection techniques. Ensemble Learning aggregators, i.e. ET5C2 (BFS intersection Relief with classifier Random Forest), ET6C2 (BFS union Relief with classifier Random Forest), and ET5C1 (BFS intersection Relief with Bagging) and Majority Voting give best results from all the aggregation combinations studied. Conclusion: Though the results are good, but using Ensemble learning techniques needs a lot of validation for a variety of data sets before it can be standardised. The Ensemble Learning techniques also pose a challenge concerning diversity and reliability and hence needs exhaustive studies.",2021.0,IEEE Access,access,A,Unknown,0.0,no_match,
63377fd01c4678cc4f636aad0e92a966fb58e4c0,Long-Term Evaluation of Technical Debt in Open-Source Software,"Background: A consistent body of research and practice have identified that technical debt provides valuable and actionable insight into the design and implementation deficiencies of complex software systems. Existing software tools enable characterizing and measuring the amount of technical debt at selective granularity levels; by providing a computational model, they enable stakeholders to measure and ultimately control this phenomenon. Aims: In this paper we aim to study the evolution and characteristics of technical debt in open-source software. For this, we carry out a longitudinal study that covers the entire development history of several complex applications. The goal is to improve our understanding of how the amount and composition of technical debt changes in evolving software. We also study how new technical debt is introduced in software, as well as identify how developers handle its accumulation over the long term. Method: We carried out our evaluation using three complex, open-source Java applications. All 110 released versions, covering more than 10 years of development history for each application were analyzed using SonarQube. We studied how the amount, composition and history of technical debt changed during development, compared our results across the studied applications and present our most important findings. Results: For each application, we identified key versions during which large amounts of technical debt were added, removed or both. This had significantly more impact when compared to the lines of code or class count increases that generally occurred during development. However, within each version, we found high correlation between file lines of code and technical debt. We observed that the Pareto principle was satisfied for the studied applications, as 20% of issue types generated around 80% of total technical debt. Interestingly, there was a large degree of overlap between the issues that generated most of the debt across the studied applications. Conclusions: Early application versions showed greater fluctuation in the amount of existing technical debt. We found application size to be an unreliable predictor for the quantity of technical debt. Most debt was introduced in applications as part of milestone releases that expanded their feature set; likewise, we identified releases where extensive refactoring significantly reduced the level of debt. We also discovered that technical debt issues persist for a long time in source code, and their removal did not appear to be prioritized according to type or severity.",2020.0,International Symposium on Empirical Software Engineering and Measurement,empirical software engineering and measurement,A,Unknown,0.0,no_match,
64f34a2a88dac51b957e4a5d4a5d9800ce85819a,Understanding Self-Admitted Technical Debt in Test Code: An Empirical Study,"Developers often opt for easier but non-optimal implementation to meet deadlines or create rapid prototypes, leading to additional effort known as technical debt to improve the code later. Oftentimes, developers explicitly document the technical debt in code comments, referred to as Self-Admitted Technical Debt (SATD). Numerous researchers have investigated the impact of SATD on different aspects of software quality and development processes. However, most of these studies focus on SATD in production code, often overlooking SATD in the test code or assuming that it shares similar characteristics with SATD in production code. In fact, a significant amount of SATD is also present in the test code, with many instances not fitting into existing categories for the production code. This study aims to fill this gap and disclose the nature of SATD in the test code by examining its distribution and types. Moreover, the relation between its presence and test quality is also analyzed. Our empirical study, involving 17,766 SATD comments (14,987 from production code, 2,779 from test code) collected from 50 repositories, demonstrates that while SATD widely exists in test code, it is not directly associated with test smells. Our study also presents comprehensive categories of SATD types in the test code, and machine learning models are developed to automatically classify SATD comments based on their types for easier management. Our results show that the CodeBERT-based model outperforms other machine learning models in terms of recall and F1-score. However, the performance varies on different types of SATD.",2025.0,ACM Transactions on Software Engineering and Methodology,transactions on software engineering and methodology,A*,Empirical Study,1.0,,\bempirical study\b
683d027c72a0218b2bf79a001a65aaac809a83a7,Refactoring Recommendations Based on the Optimization of Socio-Technical Congruence,"Software development is known to be a social activity that involves developers, project managers, and stakeholders. Recent studies have proved a direct relation between social and technical aspects, e.g., poor coordination among developers may lead to an increase of technical debt in source code. The so-called socio-technical congruence measures the level of coordination existing in an organization at their different levels. In this late-breaking idea paper, we propose a novel way to employ the socio-technical congruence in the context of source code quality improvement: we design a community-based refactoring recommendation approach that aims at optimizing socio-technical congruence while keeping into account the source code dependencies among the components of a software project. A search-based algorithm is employed to this purpose and we envision the novel approach to be suitable for providing Extract Class and Extract Package refactoring recommendations.",2020.0,IEEE International Conference on Software Maintenance and Evolution,software maintenance and evolution,A,Unknown,0.0,no_match,
6cbb9b0801b5ed3480d3929d943f77d7f54768bc,U Owns the Code That Changes and How Marginal Owners Resolve Issues Slower in Low-Quality Source Code,"[Context] Accurate time estimation is a critical aspect of predictable software engineering. Previous work shows that low source code quality increases the uncertainty in issue resolution times. [Objective] Our goal is to evaluate how developers’ project experience and file ownership are related to issue resolution times. [Method] We mine 40 proprietary software repositories and conduct an observational study. Using CodeScene, we measure source code quality and active development time connected to Jira issues. [Results] Most source code changes are made by either a marginal or dominant code owner. Also, most changes to low-quality source code are made by developers with low levels of ownership. In low-quality source code, marginal owners need 45% more time for small changes, and 93% more time for large changes. [Conclusions] Collective code ownership is a popular target, but industry practice results in many dominant and marginal owners. Marginal owners are particularly hampered when working with low-quality source code, which leads to productivity losses. In codebases plagued by technical debt, newly onboarded developers will require more time to complete tasks.",2023.0,International Conference on Evaluation & Assessment in Software Engineering,evaluation and assessment in software engineering,A,Empirical Study,1.0,,\bobservational study\b
6d1e06e2c28ea92b9c93cb93004a5095631fa5e7,The broken windows theory applies to technical debt,"The term technical debt (TD) describes the aggregation of sub-optimal solutions that serve to impede the evolution and maintenance of a system. Some claim that the broken windows theory (BWT), a concept borrowed from criminology, also applies to software development projects. The theory states that the presence of indications of previous crime (such as a broken window) will increase the likelihood of further criminal activity; TD could be considered the broken windows of software systems. To empirically investigate the causal relationship between the TD density of a system and the propensity of developers to introduce new TD during the extension of that system. The study used a mixed-methods research strategy consisting of a controlled experiment with an accompanying survey and follow-up interviews. The experiment had a total of 29 developers of varying experience levels completing system extension tasks in already existing systems with high or low TD density. The analysis revealed significant effects of TD level on the subjects’ tendency to re-implement (rather than reuse) functionality, choose non-descriptive variable names, and introduce other code smells identified by the software tool SonarQube, all with at least 95%\documentclass[12pt]{minimal} \usepackage{amsmath} \usepackage{wasysym} \usepackage{amsfonts} \usepackage{amssymb} \usepackage{amsbsy} \usepackage{mathrsfs} \usepackage{upgreek} \setlength{\oddsidemargin}{-69pt} \begin{document}$$95\%$$\end{document} credible intervals. Three separate significant results along with a validating qualitative result combine to form substantial evidence of the BWT’s existence in software engineering contexts. This study finds that existing TD can have a major impact on developers propensity to introduce new TD of various types during development.",2022.0,Empirical Software Engineering,empirical software engineering,A,Controlled Experiment,1.0,,\bcontrolled experiment\b
6e0f0302b032416b9ecc9166bea52b8c99d44744,"""Refactoring"" Refactoring","Code refactoring’s primary impetus is to control technical debt, a metaphor for the cost in software development due to the extraneous human effort needed to resolve confusing, obfuscatory, or hastily-crafted program code. While these issues are often described as causing “bad smells,” not all bad smells emanate from the code itself. Some (often the most pungent and costly) originate in the formation, or expressions, of the antecedent intensions the software proposes to satisfy. Paying down such technical debt requires more than grammatical manipulations of the code. Rather, refactoring in this case must attend to a more inclusive perspective; particularly how stakeholders perceive the artifact; and their conception of quality – their appreciative system. First, this paper explores refactoring as an evolutionary design activity. Second, we generalize, or “refactor,” the concept of code refactoring, beyond changes to code structure, to improving design quality by incorporating the stakeholders’ experience of the artifact as it relates to their intensions. Third, we integrate this refactored refactoring as the organizing principle of design as a reflective practice. The objective is to improve the clarity, understandability, maintainability, and extensibility manifest in the stakeholder intensions, in the artifact, and in their interrelationship!",2017.0,Hawaii International Conference on System Sciences,hawaii international conference on system sciences,A,Unknown,0.0,no_match,
71d5b576592f5a58bdddf05bebdcacfc9e884653,Quick remedy commits and their impact on mining software repositories,"Most changes during software maintenance and evolution are not atomic changes, but rather the result of several related changes affecting different parts of the code. It may happen that developers omit needed changes, thus leaving a task partially unfinished, introducing technical debt or injecting bugs. We present a study investigating “quick remedy commits” performed by developers to implement changes omitted in previous commits. With quick remedy commits we refer to commits that (i) quickly follow a commit performed by the same developer, and (ii) aim at remedying issues introduced as the result of code changes omitted in the previous commit (e.g., fix references to code components that have been broken as a consequence of a rename refactoring) or simply improve the previously committed change (e.g., improve the name of a newly introduced variable). Through a manual analysis of 500 quick remedy commits, we define a taxonomy categorizing the types of changes that developers tend to omit. The taxonomy can (i) guide the development of tools aimed at detecting omitted changes and (ii) help researchers in identifying corner cases that must be properly handled. For example, one of the categories in our taxonomy groups the reverted commits, meaning changes that are undone in a subsequent commit. We show that not accounting for such commits when mining software repositories can undermine one’s findings. In particular, our results show that considering completely reverted commits when mining software repositories accounts, on average, for 0.07 and 0.27 noisy data points when dealing with two typical MSR data collection tasks (i.e., bug-fixing commits identification and refactoring operations mining, respectively).",2021.0,Empirical Software Engineering,empirical software engineering,A,Unknown,0.0,tie:Empirical Study|Theoretical Contribution,\b(?:a |new )?taxonomy\b; \bmining software repositories?\b
75db1aee7a8fa9b5463bd55bdbc06adb512722b7,A Large-Scale Empirical Evaluation of LLMs for Automated Self-Admitted Technical Debt Repayment,"Self-Admitted Technical Debt (SATD), cases where developers intentionally acknowledge suboptimal solutions in code through comments, poses a significant challenge to software maintainability. Left unresolved, SATD can degrade code quality, increase maintenance costs, and hinder long-term software sustainability. Manually identifying and resolving SATD is time-consuming and error-prone, often competing with feature development and release deadlines. Automating SATD repayment is therefore essential to alleviate developer burden. While Large Language Models (LLMs) have shown promise in tasks like code generation and program repair, their potential in automated SATD repayment remains underexplored. In this paper, we identify three key technical challenges in training and evaluating LLMs for SATD repayment: (1) dataset representativeness and scalability, (2) removal of irrelevant SATD repayment samples, and (3) limitations of existing evaluation metrics, i.e., BLEU and CrystalBLEU. To address the first two dataset-related challenges, we adopt a language-independent SATD tracing tool and design a 10-step filtering pipeline to extract SATD repayments from repository commit histories, leveraging LLM-as-judge for relevance filtering. This results in two new large-scale SATD repayment datasets: 58,722 items for Python and 97,347 items for Java. To improve evaluation, we introduce two diff-based metrics, BLEU-diff and CrystalBLEU-diff, which measure code changes rather than whole code, thereby mitigating the impact of SATD-irrelevant source code. Additionally, we propose a new metric, Line-Level Exact Match on Diff (LEMOD), which is both interpretable and informative, providing fine-grained insights into SATD repayment quality. Using our new benchmarks and evaluation metrics, we evaluate two types of automated SATD repayment methods: fine-tuning smaller models (a few hundred million parameters) and prompt engineering with large-scale models, including four SOTA open-source LLMs and GPT-4o-mini. Our results reveal that while fine-tuned smaller models achieve Exact Match (EM) scores comparable to prompt-based approaches, they underperform on BLEU-based metrics and LEMOD. The best EM performance is achieved by Gemma-2-9B, correctly addressing 10.1% of Python SATDs and 8.1% of Java SATDs with a simple prompt. The only previous study in this domain focused solely on Java, achieving an EM score of 2.3%. When using BLEU-diff, CrystalBLEU-diff, and LEMOD metrics, Llama-3.1-70B-Instruct and GPT-4o-mini deliver the highest performance. While our three proposed metrics demonstrate strong correlations with EM (0.65~0.84), both BLEU and CrystalBLEU show almost no correlation with this intuitive metric (0.01~0.08), highlighting their largely unpredictable behavior when applied directly to the entire code rather than the diff. Our work contributes a robust benchmark, improved evaluation metrics, and a comprehensive evaluation of LLMs, advancing research on automated SATD repayment.",2026.0,ACM Transactions on Software Engineering and Methodology,transactions on software engineering and methodology,A*,Empirical Study,1.0,,\bempirical evaluation\b
7756ef763dd2003ab13f344e19c7d603fbf86802,Leveraging Context Information for Self-Admitted Technical Debt Detection,"Self-Admitted Technical Debt (SATD) refers to nonoptimal software design or implementation that is acknowledged and explicitly documented in the code by developers. Detecting SATD and understanding its evolution can help developers better manage their development activities and monitor the software quality. In recent years, numerous approaches have been proposed to automatically identify SATD. However, these approaches still suffer from a high number of false positives (i.e., non-SATD comments being detected as SATD). To further advance this field, in this paper, we conduct an empirical study to evaluate the performance of the state-of-theart SATD detection tools and investigate the causes behind the false positives. By manually analyzing 135 false positive cases, we identify the main types of comments that are easily misclassified. To address this issue, we propose a new approach, CASTI, which integrates context information into CodeBERT, a pre-trained model for programming languages. Our evaluation demonstrates that CASTI can significantly reduce the false positives and that the context information does help improve the performance.",2025.0,IEEE International Conference on Program Comprehension,program comprehension,A,Empirical Study,1.0,,\bempirical study\b
778f087808b5e4d9b57a0e8aa80ef93068ee138d,The entrepreneurial logic of startup software development: A study of 40 software startups,"Software startups are an essential source of innovation and software-intensive products. The need to understand product development in startups and to provide relevant support are highlighted in software research. While state-of-the-art literature reveals how startups develop their software, the reasons why they adopt these activities are underexplored. This study investigates the tactics behind software engineering (SE) activities by analyzing key engineering events during startup journeys. We explore how entrepreneurial mindsets may be associated with SE knowledge areas and with each startup case. Our theoretical foundation is based on causation and effectuation models. We conducted semi-structured interviews with 40 software startups. We used two-round open coding and thematic analysis to describe and identify entrepreneurial software development patterns. Additionally, we calculated an effectuation index for each startup case. We identified 621 events merged into 32 codes of entrepreneurial logic in SE from the sample. We found a systemic occurrence of the logic in all areas of SE activities. Minimum Viable Product (MVP), Technical Debt (TD), and Customer Involvement (CI) tend to be associated with effectual logic, while testing activities at different levels are associated with causal logic. The effectuation index revealed that startups are either effectuation-driven or mixed-logics-driven. Software startups fall into two types that differentiate between how traditional SE approaches may apply to them. Effectuation seems the most relevant and essential model for explaining and developing suitable SE practices for software startups.",2021.0,Empirical Software Engineering,empirical software engineering,A,Unknown,0.0,no_match,
77ff58544ea3bd7ab1ebef48bc3749025be5ab8a,Estimating Technical Debt Through Changes Related to Code Smells in the Evolution of Software Projects,"Technical debt and code smells are related concepts used to describe the trade-offs and consequences of suboptimal coding practices. Leaving code smells in the code means that developers choose a quick solution instead of the optimal code, and this can be a sign of technical debt or the implied cost of additional work during maintenance. Technical debt measurement must be applied to better manage code smells during the evolution of a software project. However, existing approaches to measuring the principal, i.e., the effort required to refactor the suboptimal code to pay off the debt, are limited, such that the effort measurement is coarse-grained or insensitive to the characteristics of code smell instances and their changes over time. Moreover, none of the existing approaches measure the interest, i.e., the extra effort developers spend understanding or working around code smells during maintenance. This research presents a method to estimate technical debt in terms of the effort to pay off the principal and the effort that has been paid for the interest. The method comprises a set of fine-grained metrics for measuring the sizes of change activities that are related to code smells in each version of the software project history. The sizes of change activities are then applied to a maintenance effort estimation model to determine the principal and interest. An experiment compared the application of two maintenance effort estimation models, COCOMO II and Change Acceptance Analysis (CAA), to the proposed method and suggested COCOMO II for technical debt estimation.",2025.0,IEEE Access,access,A,Unknown,0.0,no_match,
78861f8e3902ad888035b6fb38b74e6c32aa414d,Does Editing Improve Answer Quality on Stack Overflow? A Data-Driven Investigation,"High-quality answers in technical Q&A platforms like Stack Overflow (SO) are crucial as they directly influence software development practices. Poor-quality answers can introduce inefficiencies, bugs, and security vulnerabilities, and thus increase maintenance costs and technical debt in production software. To improve content quality, SO allows collaborative editing, where users revise answers to enhance clarity, correctness, and formatting. Several studies have examined rejected edits and identified the causes of rejection. However, prior research has not systematically assessed whether accepted edits enhance key quality dimensions. While one study investigated the impact of edits on $\mathrm{C} / \mathrm{C}++$ vulnerabilities, broader quality aspects remain unexplored. In this study, we analyze 94,994 Python-related answers that have at least one accepted edit to determine whether edits improve (1) semantic relevance, (2) code usability, (3) code complexity, (4) security vulnerabilities, (5) code optimization, and (6) readability. Our findings show both positive and negative effects of edits. While 53.3% of edits improve how well answers match questions, 38.1% make them less relevant. Some previously broken code (9%) becomes executable, yet working code (14.7%) turns non-parsable after edits. Many edits increase complexity (32.3%), making code harder to maintain. Instead of fixing security issues, 20.5% of edits introduce additional issues. Even though 51.0% of edits optimize performance, execution time still increases overall. Readability also suffers, as 49.7% of edits make code harder to read. This study highlights the inconsistencies in editing outcomes and provides insights into how edits impact software maintainability, security, and efficiency that might caution users and moderators and help future improvements in collaborative editing systems.",2025.0,IEEE International Conference on Software Maintenance and Evolution,software maintenance and evolution,A,Unknown,0.0,no_match,
80d375f0c9ce40b053968e0f4c33df593ef3c867,Surveying Software Practitioners on Technical Debt Payment Practices and Reasons for not Paying off Debt Items,"Background: Little is known about the practices used for technical debt (TD) payment. The study of payment practices, as well as the reasons for not applying them, can help practitioners to control and manage TD items. Aims: To investigate, from the point of view of software practitioners, if TD items have been paid off in software projects, the practices that have been used to pay off TD and the reasons that hamper the implementation of these practices. Method: We analyzed - both quantitatively and qualitatively - a corpus of responses from a survey of 432 practitioners, from four countries, about the possibility of TD payment. Results: We found that, for most of the cases, TD items have not been eliminated from software projects. The main reasons for not paying off TD are lack of organizational interest, low priority on the debt, focus on short-term goals, cost, and lack of time. On the other hand, we identified that code refactoring, design refactoring, and update system documentation are the most used practices for TD payment. Practitioners also cited practices related to the prevention, prioritization, and creation of a favorable setting as part of TD payment initiatives. Conclusion: This paper summarizes the identified practices and reasons for not paying off debt items in a map. Our map reveals that the majority of payment practices are of a technical nature while the majority of reasons for not paying off debts are associated with non-technical issues.",2020.0,International Conference on Evaluation & Assessment in Software Engineering,evaluation and assessment in software engineering,A,Unknown,0.0,no_match,
8530974d720fb85e747a0df8a562e5d07b7e05d4,Toward Automated Detecting Unanticipated Price Feed in Smart Contract,"Decentralized finance (DeFi) based on smart contracts has reached a total value locked (TVL) of over USD 200 billion in 2022. In DeFi ecosystems, price oracles play a critical role in providing real-time price feeds for cryptocurrencies to ensure accurate asset pricing in smart contracts. However, the price oracle also faces security issues, including the possibility of unanticipated price feeds, which can lead to imbalances in debt and assets in the DeFi protocol. However, existing solutions cannot effectively combine transactions and code for real-time monitoring of price oracles. To address this limitation, we first categorize price oracles as either DON oracles, DEX oracles, or internal oracles based on trusted parties, and analyze their security risks, data sources, price duration, and query fees. Then, we propose VeriOracle, a formal verification framework for the automated detection of unanticipated price feeds in smart contracts. VeriOracle can deploy a formal semantic model of the price oracle on the blockchain to detect the status of smart contracts and identify unanticipated price feed transactions in real time. We apply VeriOracle to verify over 500,000 transactions of 13 vulnerable DeFi protocols in the real world. The experimental results show that (1) VeriOracle is effective and it can detect unanticipated price feeds before DeFi attacks (33,714 blocks ahead of the attacker in the best case); (2) VeriOracle is efficient in that its verification time (about 4s) is less than the block time of Ethereum (about 14s), which means VeriOracle can detect unsafe transactions in real time; and (3) VeriOracle is extendable for verifying defense strategies. Attacks using unanticipated price feeds can only succeed in particular smart contract states. VeriOracle can verify which smart contract states can defend against attacks.",2023.0,International Symposium on Software Testing and Analysis,software testing and analysis,A,Unknown,0.0,no_match,
86307d2d7fb734deaa6660ed22d155385ce7fb58,Self-Admitted Technical Debt Removal and Refactoring Actions: Co-Occurrence or More?,"Technical Debt (TD) concerns the lack of an adequate solution in a software project, from its design to the source code. Its admittance through comments or commit messages is referred to as Self-Admitted Technical Debt (SATD). Previous research has studied SATD from different perspectives, including its distribution, impact on software quality, and removal. In this paper, we investigate the relationship between refactorings and SATD removal. By leveraging a dataset of SATD and their removals in four open-source projects and by using an automated refactoring detection tool, we study the co-occurrence of refactorings and SATD removals. Results of the study indicate that refactorings are more likely to co-occur with SATD removals than with other commits, however, in most cases, they belong to different quality improvement activities performed at the same time.",2019.0,IEEE International Conference on Software Maintenance and Evolution,software maintenance and evolution,A,Unknown,0.0,no_match,
864fac3e7cc1849d0c94bbb559709d7e82cdf80b,Just-In-Time TODO-Missed Commits Detection,"TODO comments play an important role in helping developers to manage their tasks and communicate with other team members. TODO comments are often introduced by developers as a type of technical debt, such as a reminder to add/remove features or a request to optimize the code implementations. These can all be considered as notifications for developers to revisit regarding the current suboptimal solutions. TODO comments often bring short-term benefits – higher productivity or shorter development cost – and indicate attention needs to be paid for the long-term software quality. Unfortunately, due to their lack of knowledge or experience and/or the time constraints, developers sometimes may forget or even not be aware of suboptimal implementations. The loss of the TODO comments for these suboptimal solutions may hurt the software quality and reliability in the long-term. Therefore it is beneficial to remind the developers of the suboptimal solutions whenever they change the code. In this work, we refer this problem to the task of detecting TODO-missed commits, and we propose a novel approach named TDReminder (TODO comment Reminder) to address the task. With the help of TDReminder, developers can identify possible missing TODO commits just-in-time when submitting a commit. Our approach has two phases: offline training and online inference. We first embed code change and commit message into contextual vector representations using two neural encoders respectively. The association between these representations is learned by our model automatically. In the online inference phase, TDReminder leverages the trained model to compute the likelihood of a commit being a TODO-missed commit. We evaluate TDReminder on datasets crawled from 10k popular Python and Java repositories in GitHub respectively. Our experimental results show that TDReminder outperforms a set of benchmarks by a large margin in TODO-missed commits detection. Moreover, to better help developers use TDReminder in practice, we have incorporated Large Language Models (LLMs) with our approach to provide explainable recommendations. The user study shows that our tool can effectively inform developers not only “when” to add TODOs, but also “where” and “what” TODOs should be added, verifying the value of our tool in practical application.",2024.0,IEEE Transactions on Software Engineering,transactions on software engineering,A*,Tool Paper,1.0,,\bour tool\b
86e0b85db2ad60d2adac2da411b910a0c0557975,Wait for it: identifying “On-Hold” self-admitted technical debt,"Self-admitted technical debt refers to situations where a software developer knows that their current implementation is not optimal and indicates this using a source code comment. In this work, we hypothesize that it is possible to develop automated techniques to understand a subset of these comments in more detail, and to propose tool support that can help developers manage self-admitted technical debt more effectively. Based on a qualitative study of 333 comments indicating self-admitted technical debt, we first identify one particular class of debt amenable to automated management: on-hold self-admitted technical debt (on-hold SATD), i.e., debt which contains a condition to indicate that a developer is waiting for a certain event or an updated functionality having been implemented elsewhere. We then design and evaluate an automated classifier which can identify these on-hold instances with an area under the receiver operating characteristic curve (AUC) of 0.98 as well as detect the specific conditions that developers are waiting for. Our work presents a first step towards automated tool support that is able to indicate when certain instances of self-admitted technical debt are ready to be addressed.",2019.0,Empirical Software Engineering,empirical software engineering,A,Unknown,0.0,no_match,
901df1c03de2d9f3e4d2690b3a1ed84cca9c2169,Technical Debt Diffuseness in the Apache Ecosystem: A Differentiated Replication,"Technical debt management is a critical activity that is gaining the attention of both practitioners and researchers. Several tools providing automatic support for technical debt management have been introduced over the last years. SonarQube is one of the most widely applied tools to automatically measure technical debt in software systems. SonarQube has been adopted to quantify the diffuseness of technical debt in projects of the Apache Software Foundation ecosystem. Lenarduzzi et al. [1] found that the vast majority of technical debt issues in the code are code smells and that, surprisingly, developers tend to take more time to remove severe issues than the less-severe ones. While this study provides very interesting insights both for researchers and practitioners interested in technical debt management, we identified some major limitations that could have led to results that do not perfectly reflect reality. This study aims to address such limitations by presenting a differentiated replication study. Our findings have pointed out significant differences with the reference work. The results show that technical debt issues appear much more rarely than what the reference work reported.In this study, we implemented a new methodology to calculate the diffuseness of SonarQube issues at project and commit level, based on the reconstruction of the SonarQube quality profile in order to understand how the quality profile has evolved and to compare the number of active rules per category and severity level with the respective number of issues found. The results show that over 50% of rules active in the quality profile, are Code Smell rules and that over 90% of the issues belong to Code Smell category. Furthermore, analyzing the life span of the issues, we found that developers take into account the level of severity of the issues only for the Bug category, thus fixing the issues starting from the most severe, which is not the case for the other categories.",2023.0,"IEEE International Conference on Software Analysis, Evolution, and Reengineering",software analysis evolution and reengineering,A,Unknown,0.0,no_match,
9813e43f7b558d0e1d4f1d6d105623aa5098f142,Are Static Analysis Violations Really Fixed? A Closer Look at Realistic Usage of SonarQube,"The use of automatic static analysis tools (ASATs) has gained increasing attention in the last few years. Even though available research have already explored ASATs issues and how they are fixed, these studies rely on revisions of the software, instead of mining real usage of these tools and real issue reports. In this paper we contribute with a comprehensive, multi-method study about the usage of SonarQube (a popular static analysis tool), mining 421,976 issues from 246 projects in four different instance of SonarQube: two hosted in open-source communities (Eclipse and Apache) and two hosted in Brazilian government institutions (Brazilian Court of Account (TCU) and Brazilian Federal Police (PF)). We first surveyed team leaders of the analyzed projects and found that they mostly consider ASATs warning messages as relevant for overall software improvement. Second, we found that both Eclipse and TCU employ highly customized instance of SonarQube, with more than one thousand distinct checkers–though just a subset of these checkers actually led to issues' reports. Surprisingly, we found a low resolution rate per project in all organizations–on average, 13% of the issues have been solved in the systems. We conjecture that just a subset of the checkers reveal real design and coding flaws, and this might artificially increase the technical debt of the systems. Nevertheless, considering all systems, there is a central tendency(median) of fixing issues after 18.99 days they had been reported, faster than the period for fixing bugs as reported in previous studies.",2019.0,IEEE International Conference on Program Comprehension,program comprehension,A,Empirical Study,1.0,,\b\d+ (?:open[- ]source |open )?projects?\b
9899d9965c5e89504abac7c13f61e5739573be59,Evidence is All We Need: Do Self-Admitted Technical Debts Impact Method-Level Maintenance?,"Self-Admitted Technical Debt (SATD) refers to the phenomenon where developers explicitly acknowledge technical debt through comments in the source code. While considerable research has focused on detecting and addressing SATD, its true impact on software maintenance remains underexplored. The few studies that have examined this critical aspect have not provided concrete evidence linking SATD to negative effects on software maintenance. These studies, however, focused only on file- or class-level code granularity. This paper aims to empirically investigate the influence of SATD on various facets of software maintenance at the method level. We assess SATD’s effects on code quality, bug susceptibility, change frequency, and the time practitioners typically take to resolve SATD.By analyzing a dataset of 774,051 methods from 49 opensource projects, we discovered that methods containing SATD are not only larger and more complex but also exhibit lower readability and a higher tendency for bugs and changes. We also found that SATD often remains unresolved for extended periods, adversely affecting code quality and maintainability. Our results provide empirical evidence highlighting the necessity of early identification, resource allocation, and proactive management of SATD to mitigate its long-term impacts on software quality and maintenance costs.",2024.0,IEEE Working Conference on Mining Software Repositories,mining software repositories,A,Unknown,0.0,no_match,
99978e857467a1ee7d084c696e7537a80d16aca0,An exploratory study on automatic identification of assumptions in the development of deep learning frameworks,"Stakeholders constantly make assumptions in the development of deep learning (DL) frameworks. These assumptions are related to various types of software artifacts (e.g., requirements, design decisions, and technical debt) and can turn out to be invalid, leading to system failures. Existing approaches and tools for assumption management usually depend on manual identification of assumptions. However, assumptions are scattered in various sources (e.g., code comments, commits, pull requests, and issues) of DL framework development, and manually identifying assumptions has high costs. This study intends to evaluate different classification models for the purpose of identification with respect to assumptions from the point of view of developers and users in the context of DL framework projects (i.e., issues, pull requests, and commits) on GitHub. First, we constructed a new and largest dataset (i.e., the AssuEval dataset) of assumptions collected from the TensorFlow and Keras repositories on GitHub. Then we explored the performance of seven non-transformers based models (e.g., Support Vector Machine, Classification and Regression Trees), the ALBERT model, and three decoder-only models (i.e., ChatGPT, Claude, and Gemini) for identifying assumptions on the AssuEval dataset. The study results show that ALBERT achieves the best performance (f1-score: 0.9584) for identifying assumptions on the AssuEval dataset, which is much better than the other models (the 2nd best f1-score is 0.8858, achieved by the Claude 3.5 Sonnet model). Though ChatGPT, Claude, and Gemini are popular models, we do not recommend using them to identify assumptions in DL framework development because of their low performance. Fine-tuning ChatGPT, Claude, Gemini, or other language models (e.g., Llama3, Falcon, and BLOOM) specifically for assumptions might improve their performance for assumption identification.",2024.0,Science of Computer Programming,science of computer programming,A,Empirical Study,1.0,,\bexploratory study\b
99a4f2a544ce16e4b6a38118c8167063f76aa24d,Refactoring Community Smells in the Wild: The Practitioner’s Field Manual,"Community smells have been defined as sub-optimal organizational structures that may lead to social debt. Previous studies have shown that they are highly diffused in both open- and closed-source projects, are perceived as harmful by practitioners, and can even lead to the introduction of technical debt in source code. Despite the presence of this body of research, little is known on the practitioners’ perceived prominence of community smells in practice as well as on the strategies adopted to deal with them. This paper aims at bridging this gap by proposing an empirical study in which 76 software practitioners are inquired on (i) the prominence of four well-known community smells, i.e., Organizational Silo, Black Cloud, Lone Wolf, and Radio Silence, in their contexts and (ii) the methods they adopted to “refactor” them. Our results first reveal that community smells frequently manifest themselves in software projects and, more importantly, there exist specific refactoring practices to deal with each of the considered community smells.",2020.0,2020 IEEE/ACM 42nd International Conference on Software Engineering: Software Engineering in Society (ICSE-SEIS),software engineering,A*,Empirical Study,1.0,,\bempirical study\b
99fc614bb482c84246fda9fbd0ab2bf6ef1b22c6,Self-Admitted Technical Debt in Ethereum Smart Contracts: A Large-Scale Exploratory Study,"Programmable blockchain platforms such as Ethereum offer unique benefits to application development, including a decentralized infrastructure, tamper-proof transactions, and auditability. These benefits enable new types of applications that can bring competitive advantage to several business segments. Nonetheless, the pressure of time-to-market combined with relatively immature development technologies (e.g., the Solidity programming language), lack of high-quality training resources, and an unclear roadmap for Ethereum creates a context that favors the introduction of technical debt (e.g., code hacks, workarounds, and suboptimal implementations) into application code. In this paper, we study self-admitted technical debt (SATD) in smart contracts. SATD refers to technical debt that is explicitly acknowledged in the source code by developers via code comments. We extract 726 k real-world contracts from Ethereum and apply both quantitative and qualitative methods in order to (i) determine SATD prevalence, (ii) understand the relationship between code cloning and SATD prevalence, and (iii) uncover the different categories of SATD. Our findings reveal that, while SATD is not a widespread phenomenon (1.5% of real-world contracts contain SATD), SATD does occur in extremely relevant contracts (e.g., multi-million contracts). We also observed a strong connection between SATD prevalence and code cloning activities, leading us to conclude that the former cannot be reliably studied without taking the latter into consideration. Finally, we produced a taxonomy for SATD that consists of 6 major and 26 minor categories. We note that several minor categories are bound to the domain of blockchain and smart contracts, including gas-inefficient implementations and Solidity-induced workarounds. Based on our results, we derive a set of practical recommendations for contract developers and introduce open research questions to guide future research on the topic.",2023.0,IEEE Transactions on Software Engineering,transactions on software engineering,A*,Unknown,0.0,tie:Empirical Study|Position Paper|Theoretical Contribution,\b(?:a |new )?taxonomy\b; \bexploratory study\b; \broadmap\b
9de12199d6777bf23e8fd72e05f6a53f69c4e78f,Refactoring in Computational Notebooks,"Due to the exploratory nature of computational notebook development, a notebook can be extensively evolved even though it is small, potentially incurring substantial technical debt. Indeed, in interview studies notebook authors have attested to performing ongoing tidying and big cleanups. However, many notebook authors are not trained as software developers, and environments like JupyterLab possess few features to aid notebook maintenance. As software refactoring is traditionally a critical tool for reducing technical debt, we sought to better understand the unique and growing ecology of computational notebooks by investigating the refactoring of public Jupyter notebooks. We randomly selected 15,000 Jupyter notebooks hosted on GitHub and studied 200 with meaningful commit histories. We found that notebook authors do refactor, favoring a few basic classic refactorings as well as those involving the notebook cell construct. Those with a computing background refactored differently than others, but not more so. Exploration-focused notebooks had a unique refactoring profile compared to more exposition-focused notebooks. Authors more often refactored their code as they went along, rather than deferring maintenance to big cleanups. These findings point to refactoring being intrinsic to notebook development.",2022.0,ACM Transactions on Software Engineering and Methodology,transactions on software engineering and methodology,A*,Unknown,0.0,no_match,
a36bc577b54fbec7de7f0400c74bccdb86522db6,SoCCMiner: A Source Code-Comments and Comment-Context Miner,"Numerous tools exist for mining source code and software development process metrics. However, very few publicly available tools focus on source code comments, a crucial software artifact. This paper presents SoCCMiner (Source Code-Comments and Comment-Context Miner), a tool that offers multiple mining pipelines. It is the first readily available (plug-and-play) and customizable open-source tool for mining source code contextual information of comments at different granularities (Class comments, Method comments, Interface comments, and other granular comments). Mining comments at different source code granularities can aid researchers and practitioners working in a host of applications that focus on source code comments, such as Self-Admitted Technical Debt, Program Comprehension, and other applications. Furthermore, SoCCMiner is highly adaptable and extendable to include additional attributes and support other programming languages. This prototype supports the Java programming language.",2022.0,IEEE Working Conference on Mining Software Repositories,mining software repositories,A,Tool Paper,1.0,,\bopen[- ]source tool\b
a4d0a6ae1c62c940c72f3c306b0643e93c8798d9,Governing the commons: code ownership and code-clones in large-scale software development,"In software development organizations employing weak or collective ownership, different teams are allowed and expected to autonomously perform changes in various components. This creates diversity both in the knowledge of, and in the responsibility for, individual components. Our objective is to understand how and why different teams introduce technical debt in the form of code clones as they change different components. We collected data about change size and clone introductions made by ten teams in eight components which was part of a large industrial software system. We then designed a Multi-Level Generalized Linear Model (MLGLM), to illustrate the teams’ differing behavior. Finally, we discussed the results with three development teams, plus line manager and the architect team, evaluating whether the model inferences aligned with what they expected. Responses were recorded and thematically coded. The results show that teams do behave differently in different components, and the feedback from the teams indicates that this method of illustrating team behavior can be useful as a complement to traditional summary statistics of ownership. We find that our model-based approach produces useful visualizations of team introductions of code clones as they change different components. Practitioners stated that the visualizations gave them insights that were useful, and by comparing with an average team, inter-team comparisons can be avoided. Thus, this has the potential to be a useful feedback tool for teams in software development organizations that employ weak or collective ownership.",2024.0,Empirical Software Engineering,empirical software engineering,A,Unknown,0.0,no_match,
a58bb6a371d576569e47162eeac0d81ab56d5b60,Multi-Step Automated Generation of Parameter Docstrings in Python: An Exploratory Study,"Documentation debt hinders the effective utilisation of open-source software. Although code summarisation tools have been helpful for developers, most would prefer a detailed account of each parameter in a function rather than a high-level summary. However, generating such a summary is too intricate for a single generative model to produce reliably due to the lack of high-quality training data. Thus, we propose a multi-step approach that combines multiple task-specific models, each adept at producing a specific section of a docstring. The combination of these models ensures the inclusion of each section in the final docstring. We compared the results from our approach with existing generative models using both automatic metrics and a human-centred evaluation with 17 participating developers, which proves the superiority of our approach over existing methods.",2024.0,2024 IEEE/ACM 46th International Conference on Software Engineering: Companion Proceedings (ICSE-Companion),software engineering,A*,Empirical Study,1.0,,\bexploratory study\b
a6b0cd8cefa94dc761730a66136dbbc509a2d588,Self-Admitted Technical Debt in R Packages: An Exploratory Study,"Self-Admitted Technical Debt (SATD) is a particular case of Technical Debt (TD) where developers explicitly acknowledge their sub-optimal implementation decisions. Though previous studies have demonstrated that SATD is common in software projects and negatively impacts their maintenance, they have mostly approached software systems coded in traditional object-oriented programming (OOP), such as Java, C++ or .NET. This paper studies SATD in R packages, and reports results of a three-part study. The first part mined more than 500 R packages available on GitHub, and manually analysed more than 164k of comments to generate a dataset. The second part administered a crowd-sourcing to analyse the quality of the extracted comments, while the third part conducted a survey to address developers’ perspectives regarding SATD comments. The main findings indicate that a large amount of outdated code is left commented, with SATD accounting for about 3% of comments. Code Debt was the most common type, but there were also traces of Algorithm Debt, and there is a considerable amount of comments dedicated to circumventing CRAN checks. Moreover, package authors seldom address the SATD they encounter and often add it as self-reminders.",2021.0,IEEE Working Conference on Mining Software Repositories,mining software repositories,A,Empirical Study,1.0,,\bexploratory study\b
a6f1ac4bc20b28de3c42e2c88a776edd3c893487,Ghost Echoes Revealed: Benchmarking Maintainability Metrics and Machine Learning Predictions Against Human Assessments,"As generative AI is expected to increase global code volumes, the importance of maintainability from a human perspective will become even greater. Various methods have been developed to identify the most important maintainability issues, including aggregated metrics and advanced Machine Learning (ML) models. This study benchmarks several maintainability prediction approaches, including State-of-the-Art (Sot$A$) ML, SonarQube's Maintainability Rating, CodeScene's Code Health, and Microsoft's Maintainability Index. Our results indicate that CodeScene matches the accuracy of SotA ML and outperforms the average human expert. Importantly, unlike SotA ML, Code-Scene also provides end users with actionable code smell details to remedy identified issues. Finally, caution is advised with SonarQube due to its tendency to generate many false positives. Unfortunately, our findings call into question the validity of previous studies that solely relied on SonarQube output for establishing ground truth labels. To improve reliability in future maintainability and technical debt studies, we recommend em-ploying more accurate metrics. Moreover, reevaluating previous findings with Code Health would mitigate this revealed validity threat.",2024.0,IEEE International Conference on Software Maintenance and Evolution,software maintenance and evolution,A,Unknown,0.0,no_match,
a70943612074530cd56d4b178c388a4afb9e3e30,An empirical study on self-admitted technical debt in modern code review,"Technical debt is a sub-optimal state of development in projects. In particular, the type of technical debt incurred by developers themselves (e.g., comments that mean the implementation is imperfect and should be replaced with another implementation) is called self-admitted technical debt (SATD). In theory, technical debt should not be left for a long period because it accumulates more cost over time, making it more diﬃcult to process. Accordingly, developers have traditionally conducted code reviews to ﬁnd technical debt. In fact, we observe that many SATD comments are often introduced during modern code reviews (MCR) that are light-weight reviews with web applications. However, it is uncertain about the nature of SATD comments that are introduced in the review process: impact, frequency, characteristics, and triggers. Herein, this study empirically examines the relationship between SATD and MCR. Our case study of 156,372 review records from the Qt and OpenStack systems shows that (i) review records involving SATD are about 6–7% less likely to be accepted by reviews than those without SATD; (ii) review records involving SATD tend to require two to three more revisions compared with those without SATD; (iii) 28–48% of SATD comments are introduced during code reviews; (iv) SATD during reviews works for communicating between authors and reviewers; and (v) 20% of the SATD comments are introduced due to reviewers’ requests.",2022.0,Information and Software Technology,information and software technology,A,Unknown,0.0,tie:Empirical Study|Case Study,\bcase study\b; \bempirical study\b
a7e087113e2f88d53b21a209e13cf70580fdfbd2,Crowdsmelling: A preliminary study on using collective knowledge in code smells detection,"Code smells are seen as major source of technical debt and, as such, should be detected and removed. However, researchers argue that the subjectiveness of the code smells detection process is a major hindrance to mitigate the problem of smells-infected code. This paper presents the results of a validation experiment for the Crowdsmelling approach proposed earlier. The latter is based on supervised machine learning techniques, where the wisdom of the crowd (of software developers) is used to collectively calibrate code smells detection algorithms, thereby lessening the subjectivity issue. In the context of three consecutive years of a Software Engineering course, a total “crowd” of around a hundred teams, with an average of three members each, classified the presence of 3 code smells (Long Method, God Class, and Feature Envy) in Java source code. These classifications were the basis of the oracles used for training six machine learning algorithms. Over one hundred models were generated and evaluated to determine which machine learning algorithms had the best performance in detecting each of the aforementioned code smells. Good performances were obtained for God Class detection (ROC= 0.896 for Naive Bayes) and Long Method detection (ROC= 0.870 for AdaBoostM1), but much lower for Feature Envy (ROC= 0.570 for Random Forrest). The results suggest that Crowdsmelling is a feasible approach for the detection of code smells. Further validation experiments based on dynamic learning are required to a comprehensive coverage of code smells to increase external validity.",2020.0,Empirical Software Engineering,empirical software engineering,A,Unknown,0.0,no_match,
a80abce3b32bad9a9b7708f7bcea4de123ae4467,SoHist: A Tool for Managing Technical Debt through Retro Perspective Code Analysis,"Technical debt is often the result of Short Run decisions made during code development, which can lead to long-term maintenance costs and risks. Hence, evaluating the progression of a project and understanding related code quality aspects is essential. Fortunately, the prioritization process for addressing technical debt can be expedited with code analysis tools like the established SonarQube. Unfortunately, we experienced some limitations with this tool and have had some requirements from the industry that were not yet addressed. Through this experience report and the analysis of scientific papers, this work contributes: (1) a reassessment of technical debt within the industry, (2) considers the benefits of employing SonarQube as well as its limitations when evaluating and prioritizing technical debt, (3) introduces a novel tool named SoHist which addresses these limitations and offers additional features for the assessment and prioritization of technical debt, and (4) exemplifies the usage of this tool in two industrial settings in the ITEA3 SmartDelta project.",2023.0,International Conference on Evaluation & Assessment in Software Engineering,evaluation and assessment in software engineering,A,Experience Report,1.0,,\bexperience report\b
aa6274e4fdb5bd4d653976203fd1a20b36d33104,Beyond the Code: Mining Self-Admitted Technical Debt in Issue Tracker Systems,"Self-admitted technical debt (SATD) is a particular case of Technical Debt (TD) where developers explicitly acknowledge their sub-optimal implementation decisions. Previous studies mine SATD by searching for specific TD-related terms in source code comments. By contrast, in this paper we argue that developers can admit technical debt by other means, e.g., by creating issues in tracking systems and labelling them as referring to TD. We refer to this type of SATD as issue-based SATD or just SATD-I. We study a sample of 286 SATD-I instances collected from five open source projects, including Microsoft Visual Studio and GitLab Community Edition. We show that only 29% of the studied SATD-I instances can be tracked to source code comments. We also show that SATD- I issues take more time to be closed, compared to other issues, although they are not more complex in terms of code churn. Besides, in 45% of the studied issues TD was introduced to ship earlier, and in almost 60% it refers to Design flaws. Finally, we report that most developers pay SATD-I to reduce its costs or interests (66%). Our findings suggest that there is space for designing novel tools to support technical debt management, particularly tools that encourage developers to create and label issues containing TD concerns.",2020.0,IEEE Working Conference on Mining Software Repositories,mining software repositories,A,Position Paper,1.0,,\bwe argue\b
acb894ea77480107f3ac87ed83320278fe211eb6,BreakBot: Analyzing the Impact of Breaking Changes to Assist Library Evolution,"“If we make this change to our code, how will it impact our clients?” It is difficult for library maintainers to answer this simple—yet essential!—question when evolving their libraries. Library maintainers are constantly balancing between two opposing positions: make changes at the risk of breaking some of their clients, or avoid changes and maintain compatibility at the cost of immobility and growing technical debt. We argue that the lack of objective usage data and tool support leaves maintainers with their own subjective perception of their community to make these decisions.We introduce BreakBot, a bot that analyses the pull requests of Java libraries on GitHub to identify the breaking changes they introduce and their impact on client projects. Through static analysis of libraries and clients, it extracts and summarizes objective data that enrich the code review process by providing maintainers with the appropriate information to decide whether—and how—changes should be accepted, directly in the pull requests.",2021.0,2022 IEEE/ACM 44th International Conference on Software Engineering: New Ideas and Emerging Results (ICSE-NIER),software engineering,A*,Position Paper,1.0,,\bwe argue\b
ad0819ece7a3e5d49f0f25b288a6a69e439cfd9e,Multiclass Classification for Self-Admitted Technical Debt Based on XGBoost,"In software development, due to the demands from users or the limitations of time and resources, developers tend to adopt suboptimal solutions to achieve quick software development. In such a way, the released software usually involves not-quite-right code that is called technical debt, which will significantly decrease the quality of software and increase the maintenance cost. Recently, the concept of self-admitted technical debt (SATD) is proposed and refers to technical debt that is self-admitted by developers in code comments. Existing studies mainly focus on detecting technical debt by classifying code comments into either “SATD” or “non-SATD.” However, different types of SATD has different impacts on software maintenance and needs to be handled by different developers. Therefore, the detected SATD should be further classified so that developers can understand and remove technical debt better. In this article, we propose a new method based on eXtreme Gradient Boosting (XGBoost) to classify SATD into multiple classes. In our approach, we first preprocess the original code comments and adopt the easy data augmentation strategy to overcome the class unbalance problem. Then, chi-square is leveraged to select representative features from the textual feature set. Finally, we apply XGBoost to train a classifier and use the trained classifier to partition each comment into the corresponding class. We experimentally investigate the effectiveness of our approach on a public dataset, including 62 566 code comments from 10 open-source projects. Experimental results show that our approach achieves 56.66% in terms of macroaveraged precision, 59.07% in terms of macroaveraged recall, and 55.77% in terms of macroaveraged F-measure on average, and outperforms the natural language processing based method by 4.98%, 5.32%, and 3.17%, respectively. In addition, the experimental results also demonstrate that the data augmentation strategy is effective in improving the effectiveness of our approach.",2022.0,IEEE Transactions on Reliability,transactions on reliability,A,Empirical Study,1.0,,\b\d+ (?:open[- ]source |open )?projects?\b
ae3426dd85a679f8ec8c81eab4444b1659daa9d7,Identifying self-admitted technical debt in issue tracking systems using machine learning,"Technical debt is a metaphor indicating sub-optimal solutions implemented for short-term benefits by sacrificing the long-term maintainability and evolvability of software. A special type of technical debt is explicitly admitted by software engineers (e.g. using a TODO comment); this is called Self-Admitted Technical Debt or SATD. Most work on automatically identifying SATD focuses on source code comments. In addition to source code comments, issue tracking systems have shown to be another rich source of SATD, but there are no approaches specifically for automatically identifying SATD in issues. In this paper, we first create a training dataset by collecting and manually analyzing 4,200 issues (that break down to 23,180 sections of issues) from seven open-source projects (i.e., Camel, Chromium, Gerrit, Hadoop, HBase, Impala, and Thrift) using two popular issue tracking systems (i.e., Jira and Google Monorail). We then propose and optimize an approach for automatically identifying SATD in issue tracking systems using machine learning. Our findings indicate that: 1) our approach outperforms baseline approaches by a wide margin with regard to the F1-score; 2) transferring knowledge from suitable datasets can improve the predictive performance of our approach; 3) extracted SATD keywords are intuitive and potentially indicating types and indicators of SATD; 4) projects using different issue tracking systems have less common SATD keywords compared to projects using the same issue tracking system; 5) a small amount of training data is needed to achieve good accuracy.",2022.0,Empirical Software Engineering,empirical software engineering,A,Unknown,0.0,no_match,
ae44aa57f0c41a505c4f884f5d2626697933a87d,Leveraging Multi-Task Learning to Improve the Detection of SATD and Vulnerability,"Multi-task learning is a paradigm that leverages information from related tasks to improve the performance of machine learning. Self-Admitted Technical Debt (SATD) are comments in the code that indicate not-quite-right code introduced for short-term needs, i.e., technical debt (TD). Previous research has provided evidence of a possible relationship between SATD and the existence of vulnerabilities in the code. In this work, we investigate if multi-task learning could leverage the information shared between SATD and vulnerabilities to improve the automatic detection of these issues. To this aim, we implemented VulSATD, a deep learner that detects vulnerable and SATD code based on CodeBERT, a pre-trained transformers model. We evaluated VulSATD on MADE-WIC, a fused dataset of functions annotated for TD (through SATD) and vulnerability. We compared the results using single and multi-task approaches, obtaining no significant differences even after employing a weighted loss. Our findings indicate the need for further investigation into the relationship between these two aspects of low-quality code. Specifically, it is possible that only a subset of technical debt is directly associated with security concerns. Therefore, the relationship between different types of technical debt and software vulnerabilities deserves future exploration and a deeper understanding.",2025.0,IEEE International Conference on Program Comprehension,program comprehension,A,Unknown,0.0,no_match,
aebebe6a528c8c29c2fee0b19c76a2866c19a9bb,Prioritizing Test Smells: An Empirical Evaluation of Quality Metrics and Developer Perceptions,"Test smells, suboptimal patterns in test code, impair software maintainability and reliability, especially in resourceconstrained open-source Python projects. While detection tools such as PyNose identify python-specific test smells, prioritizing them for refactoring remains a challenge due to the lack of test-specific frameworks. This study proposes a metric-driven approach that integrates Change Proneness (CP) and Fault Proneness (FP) metrics, computed via Spearman's rank correlation, to quantify maintenance and reliability risks across 15 test smells in 52 open-source Python projects. Complementing this, a survey of $\mathbf{4 5}$ developers captures subjective severity perceptions. By applying Martin Fowler's Technical Debt Quadrant, we classify smells based on empirical risk and developer insights into four categories, enabling better prioritization. Out of the 15 analyzed smells, Conditional Test Logic, Duplicate Assert, Obscure In-Line Setup, and Redundant Assertion belong to the highestpriority category for refactoring. These smells are characterized by both high empirical risk and strong developer agreement. This integrated framework advances test smell prioritization by combining data-driven analysis with practitioner perspectives, facilitating efficient refactoring decisions and improved test suite quality.",2025.0,IEEE International Conference on Software Maintenance and Evolution,software maintenance and evolution,A,Empirical Study,1.0,,\bempirical evaluation\b
b415aa07733973008c9175d0c92dea19778b5b09,Who (Self) Admits Technical Debt?,"Self-Admitted Technical Debt (SATD) are comments, left by developers in the source code or elsewhere, aimed at describing the presence of TD, i.e., source code ""not ready yet"". Although this was never stated in the original paper by Potdar and Shihab, the term SATD might suggest that it refers to a ""self-admission"" by whoever has written or changed the source code. This paper empirically investigates, using a curated SATD dataset from five Java open-source projects, (i) the extent to which SATD comments are introduced by authors different from those who have done last changes to the related source code, and (ii) when this happens, what is the level of ownership those developers have about the commented source code. Results of the study indicate that, depending on the project, the percentage of SATD admissions introduced or changed without modifying the related source code varies between 0% and 16%, and therefore represent a small, yet not negligible, phenomenon. The level of ownership of those developers is not particularly low, with a median value per project between 10% and 42%. This indicates the possible use of SATD as a different way to perform code review, although this behavior should be considered sub-optimal to the use of more traditional tools, which entail suitable notification mechanisms.",2020.0,IEEE International Conference on Software Maintenance and Evolution,software maintenance and evolution,A,Unknown,0.0,no_match,
b92d0ebc6257e579591f7fadc7f5ac1c3fbd4716,Predicting Vulnerable Code Changes Using Technical Debt Indicators,"Technical debt refers to the cost of delayed technical work and poor design choices in software systems. Software security focuses on protecting systems against vulnerabilities and exploits. In this study, we explore the relationship between technical debt and software vulnerabilities to understand how technical debt impacts software security. We collected real world data from six software projects, including code changes and corresponding vulnerabilities. We investigate various technical debt indicators, such as code smells, bugs, and software metrics, along with technical debt mitigation methods like refactoring activities, to predict vulnerabilities. The findings reveal a significant association between technical debt and vulnerabilities, highlighting the impact of technical debt on software security. We also identify specific artifacts, such as code smells, that contribute to the emergence of vulnerabilities. By understanding this relationship, software practitioners and project managers can gain insights into the risks associated with accumulated technical debt and take appropriate measures to enhance software security and quality.",2025.0,IEEE Access,access,A,Unknown,0.0,no_match,
bdcc8fc0df5f3459eeb8d7b2404945c404284050,CODE reuse in practice: Benefiting or harming technical debt,"Abstract During the last years the TD community is striving to offer methods and tools for reducing the amount of TD, but also understand the underlying concepts. One popular practice that still has not been investigated in the context of TD, is software reuse. The aim of this paper is to investigate the relation between white-box code reuse and TD principal and interest. In particular, we target at unveiling if the reuse of code can lead to software with better levels of TD. To achieve this goal, we performed a case study on approximately 400 OSS systems, comprised of 897 thousand classes, and compare the levels of TD for reused and natively-written classes. The results of the study suggest that reused code usually has less TD interest; however, the amount of principal in them is higher. A synthesized view of the aforementioned results suggest that software engineers shall opt to reuse code when necessary, since apart from the established reuse benefits (i.e., cost savings, increased productivity, etc.) are also getting benefits in terms of maintenance. Apart from understanding the phenomenon per se, the results of this study provide various implications to research and practice.",2020.0,Journal of Systems and Software,journal of systems and software,A,Case Study,1.0,,\bcase study\b
c0788c96a828828602e663e7d50d78a4bea61357,Forecasting the Principal of Code Technical Debt in JavaScript Applications,"JavaScript (JS) is one of the most popular programming languages for developing client-side applications mainly due to allowing the adoption of different programming styles, not having strict syntax rules, and supporting a plethora of frameworks. The flexibility that the language provides may accelerate the development of application, but also pose threats to the quality of the final software product, e.g., introducing Technical Debt (TD). TD reflects the additional cost of software maintenance activities to implement new features, occurring due to poorly developed solutions. Being able to forecast the levels of TD in the future can be extremely valuable in managing TD, since it can contribute to informed decision making when designating future repayments and refactoring budget among a company's projects. Despite the popularity of JS and the undoubtful benefits of accurate TD forecasting, in the literature, there is available only a limited number of tools and methodologies that are able to: (a) forecast TD during software evolution, (b) provide a ground-truth TD quantifications to train forecasting, since TD tools that are available are based on different rulesets and none is recognized as a state-of-the-art solution, (c) take into consideration the language-specific characteristics of JS. As a main contribution for this study, we propose a methodology (along with a supporting tool) that supports the aforementioned goals based on the Backward Stepwise Regression and Auto-Regressive Integrated Moving Average (ARIMA). We evaluate the proposed approach through a case study on 19,636 releases of 105 open-source applications. The results point out that: (a) the proposed model can lead to an accurate prediction of TD, and (b) the Number of appearances of the “new” and “eval” keyword along with the number of “anonymous” and “arrow” functions are among the features of JavaScript language that are related to high levels of TD.",2023.0,IEEE Transactions on Software Engineering,transactions on software engineering,A*,Case Study,1.0,,\bcase study\b
c0894faad40dc177856c2bff251e59d6614a5748,"Invisible Risks, Visible Code: A Vision for Understanding Ethical Debt in AI-Based Coding","Background: AI-based coding assistants such as GitHub Copilot, ChatGPT, and Amazon CodeWhisperer are transforming software development by automating tasks, generating code, and supporting prototyping. While these tools enhance productivity, they also pose ethical risks, including copyright violations, insecure code, and ambiguous accountability. Such risks may remain hidden during development but emerge later as legal, social, or technical liabilities. Existing constructs, such as technical debt, are insufficient to capture these challenges. Aims: This paper introduces and formalizes the concept of ethical debt—the accumulation of unresolved ethical risks in AI assisted software development. The objective is to conceptualize ethical debt as a distinct construct, identify its causes and consequences, and establish a research agenda for addressing it. Method: Inspired by the metaphor of technical debt, the paper develops a framework for ethical debt that defines its sources, manifestations, and outcomes. The proposed research program involves theorizing its dimensions, mapping accountability across developers, AI systems, and organizations, and designing empirical approaches for its detection and mitigation. Results: Illustrative cases and a structured research agenda demonstrate how ethical risks, typically invisible in early development, can be systematically surfaced and addressed. Conclusions: By framing hidden ethical risks as a form of debt, this work provides both a theoretical foundation and a practical pathway for responsible AI-enhanced software engineering. Ethical debt makes intangible risks visible and actionable, offering guidance for researchers, practitioners, and organizations to integrate ethical responsibility into modern software development.",2025.0,International Symposium on Empirical Software Engineering and Measurement,empirical software engineering and measurement,A,Position Paper,1.0,,\bresearch agenda\b
c18ed2512002e87d3a42d094cb595233dd8b44c6,Impacts of software community patterns on process and product: An empirical study,"Abstract Software engineering projects are now more than ever a community effort. In the recent past, researchers have shown that their success not only depends on source code quality, but also on other aspects like the balance of power distance, culture, and global engineering practices, and more. In such a scenario, understanding the characteristics of the community around a project and foresee possible problems may be the key to develop successful systems. In this paper, we focus on this research problem and propose an exploratory study on the relation between community patterns, i.e., recurrent mixes of organizational or social structure types, and aspects related to the quality of software products and processes. We first exploit association rule mining to discover frequent relations between community pattern and community smells, i.e., sub-optimal patterns across the organizational structure of a software development community that may be precursors of some form of social debt. Our findings show that different organizational patterns are connected to different forms of socio-technical problems; further on, specific combinations are set in equally specific contextual conditions. Findings support two possible conclusions: (1) practitioners should put in place specific preventive actions aimed at avoiding the emergence of community smells and (2) such actions should be drawn according to the contextual conditions of the organization and the project.",2022.0,Science of Computer Programming,science of computer programming,A,Empirical Study,1.0,,\bempirical study\b; \bexploratory study\b
c919e6db77c0f616354e36f5581a49c350a78ac2,Refactoring debt: myth or reality? an exploratory study on the relationship between technical debt and refactoring,"To meet project timelines or budget constraints, developers intentionally deviate from writing optimal code to feasible code in what is known as incurring Technical Debt (TD). Furthermore, as part of planning their correction, developers document these deficiencies as comments in the code (i.e., self-admitted technical debt or SATD). As a means of improving source code quality, developers often apply a series of refactoring operations to their codebase. In this study, we explore developers repaying this debt through refactoring operations by examining occurrences of SATD removal in the code of 76 open-source Java systems. Our findings show that TD payment usually occurs with refactoring activities and developers refactor their code to remove TD for specific reasons. We envision our findings supporting vendors in providing tools to better support developers in the automatic repayment of technical debt.",2022.0,IEEE Working Conference on Mining Software Repositories,mining software repositories,A,Empirical Study,1.0,,\bexploratory study\b
c9330e2e19bea0559bac93bbb051ec7ea1ae196e,How to Improve Deep Learning for Software Analytics (a case study with code smell detection),"To reduce technical debt and make code more maintainable, it is important to be able to warn programmers about code smells. State-of-the-art code small detectors use deep learners, usually without exploring alternatives. For example, one promising alternative is GHOST (from TSE'21) that relies on a combination of hyper-parameter optimization of feedforward neural networks and a novel oversampling technique. The prior study from TSE'21 proposing this novel “fuzzy sampling” was somewhat limited in that the method was tested on defect prediction, but nothing else. Like defect prediction, code smell detection datasets have a class imbalance (which motivated “fuzzy sampling”). Hence, in this work we test if fuzzy sampling is useful for code smell detection. The results of this paper show that we can achieve better than state-of-the-art results on code smell detection with fuzzy oversampling. For example, for “feature envy”, we were able to achieve 99+% AUC across all our datasets, and on 8/10 datasets for “misplaced class”. While our specific results refer to code smell detection, they do suggest other lessons for other kinds of analytics. For example: (a) try better preprocessing before trying complex learners (b) include simpler learners as a baseline in software analytics (c) try “fuzzy sampling” as one such baseline. In order to support others trying to reproduce/extend/refute this work, all our code and data is available online at https://github.com/yrahul3910/code-smell-detection.",2022.0,IEEE Working Conference on Mining Software Repositories,mining software repositories,A,Unknown,0.0,tie:Tool Paper|Case Study,\b(?:github|gitlab)\.com/\S+; \bcase study\b
c959d5452db6f120d98b893146f277f866a844c4,A comparison of quality flaws and technical debt in model transformation specifications,"Abstract The quality of model transformations (MT) has high impact on model-driven engineering (MDE) software development approaches, because of the central role played by transformations in MDE for refining, migrating, refactoring and other operations on models. For programming languages, a popular paradigm for code quality is the concept of technical debt (TD), which uses the analogy that quality flaws in code are a debt burden carried by the software, which must either be ‘redeemed’ by expending specific effort to remove its flaws, or be tolerated, with ongoing additional costs to maintenance due to the flaws. Whilst the analysis and management of quality flaws and TD in programming languages has been investigated in depth over several years, less research on the topic has been carried out for model transformations. In this paper we investigate the characteristics of quality flaws and technical debt in model transformation languages, based upon systematic analysis of over 100 transformation cases in four leading MT languages. Based on quality flaw indicators for TD, we identify significant differences in the level and kinds of technical debt in different MT languages, and we propose ways in which TD in MT can be reduced and managed.",2020.0,Journal of Systems and Software,journal of systems and software,A,Unknown,0.0,no_match,
cb6b3f6632833d19f03d14b2c792b9d82892111d,Potential Technical Debt and Its Resolution in Code Reviews: An Exploratory Study of the OpenStack and Qt Communities,"Background: Technical Debt (TD) refers to the situation where developers make trade-offs to achieve short-term goals at the expense of long-term code quality, which can have a negative impact on the quality of software systems. In the context of code review, such sub-optimal implementations have chances to be timely resolved during the review process before the code is merged. Therefore, we could consider them as Potential Technical Debt (PTD) since PTD will evolve into TD when it is injected into software systems without being resolved. Aim: To date, little is known about the extent to which PTD is identified in code reviews. Many tools have been provided to detect TD, but these tools lack consensus and a large amount of PTD are undetectable by tools while code review could help verify the quality of code that has been committed by identifying issues, such as PTD. To this end, we conducted an exploratory study in an attempt to understand the nature of PTD in code reviews and track down the resolution of PTD after being identified. Method: We randomly collected 2,030 review comments from the Nova project of OpenStack and the Qt Base project of Qt. We then manually checked these review comments, and obtained 163 PTD-related review comments for further analysis. Results: Our results show that: (1) PTD can be identified in code reviews but is not prevalent. (2) Design, defect, documentation, requirement, test, and code PTD are identified in code reviews, in which code and documentation PTD are the dominant. (3) 81.0% of the PTD identified in code reviews has been resolved by developers, and 78.0% of the resolved TD was resolved by developers within a week. (4) Code refactoring is the main practice used by developers to resolve the PTD identified in code reviews. Conclusions: Our findings indicate that: (1) review-based detection of PTD is seen as one of the trustworthy mechanisms in development, and (2) there is still a significant proportion of PTD (19.0%) remaining unresolved when injected into the software systems. Practitioners and researchers should establish effective strategies to manage and resolve PTD in development.",2022.0,International Symposium on Empirical Software Engineering and Measurement,empirical software engineering and measurement,A,Empirical Study,1.0,,\bexploratory study\b
cebc1f499168b96f81b8bd7b7cfe4faa232ad826,Monitoring Technical Debt in an Industrial Setting,"Context: Technical Debt (TD) quantification has been studied in the literature and is supported by various tools; however, there is no common ground on what information shall be presented to stakeholders. Similarly to other quality monitoring processes, it is desirable to provide several views of quality through a dashboard, in which metrics concerning the phenomenon of interest are displayed. Objective: The aim of this study is to investigate the indicators that shall be presented in such a dashboard, so as to: (a) be meaningful for industrial stakeholders, (b) present all necessary information, and (c) be simple enough so that stakeholders can use them. Method: We explore TD Management (TDM) activities (i.e., measurement, prioritization, repayment) and choose the main concepts that need to be visualized, based on existing literature and toolsupport. Next, we perform a survey with 60 software engineers (i.e., architects, developers, etc.) working for 11 software development companies located in 9 countries, to understand their needs for TDM. Results / Conclusions: The results of the study suggest that different stakeholders need a different view of the quality dashboard, but also some commonalities can be identified. For example, on the one hand, managers are mostly interested in financial concepts, whereas on the other hand developers are more interested in the nature of the problems that exist in the code. The outcomes of this study can be useful to both researchers and practitioners, in the sense that the former can focus their efforts on aspects that are meaningful to industry, whereas the latter to develop meaningful dashboards, with multiple views.",2019.0,International Conference on Evaluation & Assessment in Software Engineering,evaluation and assessment in software engineering,A,Unknown,0.0,no_match,
cf5ec9625e0d9ec2175dd8c3183392428f075ec4,Early evaluation of technical debt impact on maintainability,"Abstract It is widely claimed that Technical Debt is related to quality problems being often produced by poor processes, lack of verification or basic incompetence. Several techniques have been proposed to detect Technical Debt in source code, as identification of modularity violations, code smells or grime buildups. These approaches have been used to empirically demonstrate the relation among Technical Debt indicators and quality harms. However, these works are mainly focused on programming level, when the system has already been implemented. There may also be sources of Technical Debt in non-code artifacts, e.g. requirements, and its identification may provide important information to move refactoring efforts to previous stages and reduce future Technical Debt interest. This paper presents an empirical study to evaluate whether modularity anomalies at requirements level are directly related to maintainability attributes affecting systems quality and increasing, thus, system's interest. The study relies on a framework that allows the identification of modularity anomalies and its quantification by using modularity metrics. Maintainability metrics are also used to assess dynamic maintainability properties. The results obtained by both sets of metrics are pairwise compared to check whether the more modularity anomalies the system presents, the less stable and more difficult to maintain it is.",2018.0,Journal of Systems and Software,journal of systems and software,A,Empirical Study,1.0,,\bempirical study\b
d12f61cf0cf2690fef51fce27f5d37a6f18b983d,Are SonarQube Rules Inducing Bugs?,"The popularity of tools for analyzing Technical Debt, and particularly the popularity of SonarQube, is increasing rapidly. SonarQube proposes a set of coding rules, which represent something wrong in the code that will soon be reflected in a fault or will increase maintenance effort. However, our local companies were not confident in the usefulness of the rules proposed by SonarQube and contracted us to investigate the fault-proneness of these rules. In this work we aim at understanding which SonarQube rules are actually fault-prone and to understand which machine learning models can be adopted to accurately identify fault-prone rules. We designed and conducted an empirical study on 21 well-known mature open-source projects. We applied the SZZ algorithm to label the fault-inducing commits. We analyzed the fault-proneness by comparing the classification power of seven machine learning models. Among the 202 rules defined for Java by SonarQube, only 25 can be considered to have relatively low fault-proneness. Moreover, violations considered as “bugs” by SonarQube were generally not fault-prone and, consequently, the fault-prediction power of the model proposed by SonarQube is extremely low. The rules applied by SonarQube for calculating technical debt should be thoroughly investigated and their harmfulness needs to be further confirmed. Therefore, companies should carefully consider which rules they really need to apply, especially if their goal is to reduce fault-proneness.",2019.0,"IEEE International Conference on Software Analysis, Evolution, and Reengineering",software analysis evolution and reengineering,A,Empirical Study,1.0,,\bempirical study\b
d27a1635cd6a12f9f8eccc46bcf90206e13eca0f,On the Lack of Consensus Among Technical Debt Detection Tools,"A vigorous and growing set of technical debt analysis tools have been developed in recent years-both research tools and industrial products-such as Structure 101, SonarQube, and DV8. Each of these tools identifies problematic files using their own definitions and measures. But to what extent do these tools agree with each other in terms of the files that they identify as problematic? If the top-ranked files reported by these tools are largely consistent, then we can be confident in using any of these tools. Otherwise, a problem of accuracy arises. In this paper, we report the results of an empirical study analyzing 10 projects using multiple tools. Our results show that: 1) these tools report very different results even for the most common measures, such as size, complexity, file cycles, and package cycles. 2) These tools also differ dramatically in terms of the set of problematic files they identify, since each implements its own definitions of ""problematic"". After normalizing by size, the most problematic file sets that the tools identify barely overlap. 3) Our results show that code-based measures, other than size and complexity, do not even moderately correlate with a file's change-proneness or error-proneness. In contrast, co-change-related measures performed better. Our results suggest that, to identify files with true technical debt-those that experience excessive changes or bugs-co-change information must be considered. Code-based measures are largely ineffective at pinpointing true debt. Finally, this study reveals the need for the community to create benchmarks and data sets to assess the accuracy of software analysis tools in terms of commonly used measures.",2021.0,2021 IEEE/ACM 43rd International Conference on Software Engineering: Software Engineering in Practice (ICSE-SEIP),software engineering,A*,Empirical Study,1.0,,\bempirical study\b; \b\d+ (?:open[- ]source |open )?projects?\b
d2f3709702522a1f94db6ea6b7303d509c8216fa,Machine Learning for Technical Debt Identification,"Technical Debt (TD) is a successful metaphor in conveying the consequences of software inefficiencies and their elimination to both technical and non-technical stakeholders, primarily due to its monetary nature. The identification and quantification of TD rely heavily on the use of a small handful of sophisticated tools that check for violations of certain predefined rules, usually through static analysis. Different tools result in divergent TD estimates calling into question the reliability of findings derived by a single tool. To alleviate this issue we use 18 metrics pertaining to source code, repository activity, issue tracking, refactorings, duplication and commenting rates of each class as features for statistical and Machine Learning models, so as to classify them as High-TD or not. As a benchmark we exploit 18,857 classes obtained from 25 Java projects, whose high levels of TD has been confirmed by three leading tools. The findings indicate that it is feasible to identify TD issues with sufficient accuracy and reasonable effort: a subset of superior classifiers achieved an F<inline-formula><tex-math notation=""LaTeX"">$_2$</tex-math><alternatives><mml:math><mml:msub><mml:mrow/><mml:mn>2</mml:mn></mml:msub></mml:math><inline-graphic xlink:href=""tsoukalas-ieq1-3129355.gif""/></alternatives></inline-formula>-measure score of approximately 0.79 with an associated Module Inspection ratio of approximately 0.10. Based on the results a tool prototype for automatically assessing the TD of Java projects has been implemented.",2022.0,IEEE Transactions on Software Engineering,transactions on software engineering,A*,Unknown,0.0,no_match,
d641957e668d34f5aec9bcbb52fe0eed4cee1e66,Design Smell Detection and Analysis for Open Source Java Software,"Software design smells have gained significant importance in recent years since those directly lead to the increase of design debts and drastically affect software quality. Although the impact of design smells is manifold, techniques to detect design smells using both rule based and data mining approaches have been explored to a limited extent. This research aims to provide a tool which uses software metrics as a guide to detect smells and also deploys Spectral Clustering to mine the software repositories and group similar smells. The tool has been partially implemented till now and initial experiments on 2,59,509 Lines of Code (LoC) covering 3,306 classes of real life open source Java software show 2,220 occurrences of four types of design smells.",2019.0,IEEE International Conference on Software Maintenance and Evolution,software maintenance and evolution,A,Unknown,0.0,no_match,
d76228d085d1232b74ff443f249898b6dcc3306c,TFX: A TensorFlow-Based Production-Scale Machine Learning Platform,"Creating and maintaining a platform for reliably producing and deploying machine learning models requires careful orchestration of many components---a learner for generating models based on training data, modules for analyzing and validating both data as well as models, and finally infrastructure for serving models in production. This becomes particularly challenging when data changes over time and fresh models need to be produced continuously. Unfortunately, such orchestration is often done ad hoc using glue code and custom scripts developed by individual teams for specific use cases, leading to duplicated effort and fragile systems with high technical debt. We present TensorFlow Extended (TFX), a TensorFlow-based general-purpose machine learning platform implemented at Google. By integrating the aforementioned components into one platform, we were able to standardize the components, simplify the platform configuration, and reduce the time to production from the order of months to weeks, while providing platform stability that minimizes disruptions. We present the case study of one deployment of TFX in the Google Play app store, where the machine learning models are refreshed continuously as new data arrive. Deploying TFX led to reduced custom code, faster experiment cycles, and a 2% increase in app installs resulting from improved data and model analysis.",2017.0,Knowledge Discovery and Data Mining,knowledge discovery and data mining,A*,Unknown,0.0,tie:Case Study|Experience Report,\b(?:at|inside) (?:microsoft|google|facebook|meta|amazon|netflix|ibm|abb|ericsson|sap|spotify|uber|airbnb)\b; \bcase study\b
d9d4115fdef146632b21e1cb103dce41f472a466,What does a Public Discourse state about Requirements Process Debt Causes?,"[Context]. Requirements Process Debt (RPD) refers to shortcomings or inefficiencies in the requirements engineering process. Through an industry-wide survey, the InsighTD project identified the causes of RPD, its effects, and practices for its prevention and mitigation. Another approach to exploring RPD is by examining grey literature (GL), i.e., sources that have not been formally published. One such source is the discourse of solution providers, a specific type of web content. Although this discourse can enhance the knowledge gained through empirical studies, no research has yet explored it. [Aims]. To investigate how public discourse has discussed the causes of RPD. [Research Method]. We elicited public discourse on RPD causes using predefined search strings on Google and Bing. We collected web addresses where discussions on RPD causes were found and applied content analysis procedures to examine the data. [Results]. Based on public discourse, we produced 128 codes for causes, 60 for effects of RPD, along with 93 preventive and 70 mitigation practices. These elements were categorized to reveal their relationships within the software development process. [Conclusion]. Our study expands the body of knowledge on RPD causes, demonstrating that GL can serve as a valuable complementary source.",2025.0,IEEE International Requirements Engineering Conference,international requirements engineering conference,A,Unknown,0.0,no_match,
da1be6911509d0474f45a75d95e93f3516fa9b15,Do practitioners intentionally self-fix Technical Debt and why?,"The impact of Technical Debt (TD) on software maintenance and evolution is of great concern, but recent evidence shows that a considerable amount of TD is fixed by the same developers who introduced it; this is termed self-fixed TD. This characteristic of TD management can potentially impact team dynamics and practices in managing TD. However, the initial evidence is based on low-level source code analysis; this casts some doubt whether practitioners repay their own debt intentionally and under what circumstances. To address this gap, we conducted an online survey on 17 well-known Java and Python open-source software communities to investigate practitioners' intent and rationale for self-fixing technical debt. We also investigate the relationship between human-related factors (e.g., experience) and self-fixing. The results, derived from the responses of 181 participants, show that a majority addresses their own debt consciously and often. Moreover, those with a higher level of involvement (e.g., more experience in the project and number of contributions) tend to be more concerned about self-fixing TD. We also learned that the sense of responsibility is a common self-fixing driver and that decisions to fix TD are not superficial but consider balancing costs and benefits, among other factors. The findings in this paper can lead to improving TD prevention and management strategies.",2021.0,IEEE International Conference on Software Maintenance and Evolution,software maintenance and evolution,A,Survey,1.0,,\bonline survey\b
db325cc4eff690e16ee4996470acfd191350fd51,Are Prompt Engineering and TODO Comments Friends or Foes? An Evaluation on GitHub Copilot,"Code intelligence tools such as GitHub Copilot have begun to bridge the gap between natural language and programming language. A frequent software development task is the management of technical debts, which are suboptimal solutions or unaddressed issues which hinder future software development. Developers have been found to “self-admit” technical debts (SATD) in software artifacts such as source code comments. Thus, is it possible that the information present in these comments can enhance code generative prompts to repay the described SATD? Or, does the inclusion of such comments instead cause code generative tools to reproduce the harmful symptoms of described technical debt? Does the modification of SATD impact this reaction? Despite the heavy maintenance costs caused by technical debt and the recent improvements of code intelligence tools, no prior works have sought to incorporate SATD towards prompt engineering. Inspired by this, this paper contributes and analyzes a dataset consisting of 36,381 TODO comments in the latest available revisions of their respective 102,424 repositories, from which we sample and manually generate 1,140 code bodies using GitHub Copilot. Our experiments show that GitHub Copilot can generate code with the symptoms of SATD, both prompted and unprompted. Moreover, we demonstrate the tool's ability to automatically repay SATD under different circumstances and qualitatively investigate the characteristics of successful and unsuccessful comments. Finally, we discuss gaps in which GitHub Copilot's successors and future researchers can improve upon code intelligence tasks to facilitate AI-assisted software maintenance.",2024.0,International Conference on Software Engineering,software engineering,A*,Unknown,0.0,no_match,
db3d439c205900e6c1c35ad3725a70d9662ba552,AI Mentor System: Building a Technical Debt Dashboard for Low Code,"Low-code platforms enable rapid development of complex mission-critical software applications. High-level abstractions accompanied by AI assistance allow users with less technical backgrounds to become proficient developers. Technical debt is the cost of additional rework in software development caused by choosing a fast delivery over maintainability. Even though low-code abstracts significantly complex applications, projects can still suffer from technical debt. OutSystems guides developers through the AI Mentor System (AIMS), a centralized platform to monitor code quality. This paper explores the application of state-of-the-art tools in an industry setting of low-code editors. OutSystems has users with and without technical background, providing new challenges and mixed user feedback. We address the challenges of managing technical debt, where users have a wide range of experience, focusing on the results of the different patterns present in AIMS since its release in 2017. For instance, the usefulness of a pattern is determined not only by its correct detection, as it can have an unclear path (or be time-consuming) for refactoring. In the paper, we deep dive into the feedback and insights focusing primarily on two patterns: duplicated code and missing descriptions. Finally, we discuss the broader challenges of developing and evolving AIMS itself, particularly in the context of the mental models and expectations that low-code users bring.",2025.0,IEEE International Conference on Software Maintenance and Evolution,software maintenance and evolution,A,Unknown,0.0,no_match,
df54e86570cb18ae5e1e9cd9948ff8465b22c330,Rubbing salt in the wound? A large-scale investigation into the effects of refactoring on security,"Software refactoring is a behavior-preserving activity to improve the source code quality without changing its external behavior. Unfortunately, it is often a manual and error-prone task that may induce regressions in the source code. Researchers have provided initial compelling evidence of the relation between refactoring and defects, yet little is known about how much it may impact software security. This paper bridges this knowledge gap by presenting a large-scale empirical investigation into the effects of refactoring on the security profile of applications. We conduct a three-level mining software repository study to establish the impact of 14 refactoring types on (i) security-related metrics, (ii) security technical debt, and (iii) the introduction of known vulnerabilities. The study covers 39 projects and a total amount of 7,708 refactoring commits. The key results show that refactoring has a limited connection to security. However, Inline Method and Extract Interface statistically contribute to improving some security aspects connected to encapsulating security-critical code components. Extract Superclass and Pull Up Attribute refactoring are commonly found in commits violating specific security best practices for writing secure code. Finally, Extract Superclass and Extract & Move Method refactoring tend to occur more often in commits contributing to the introduction of vulnerabilities. We conclude by distilling lessons learned and recommendations for researchers and practitioners.",2023.0,Empirical Software Engineering,empirical software engineering,A,Empirical Study,0.667,,\bempirical investigation\b; \b\d+ (?:open[- ]source |open )?projects?\b
e060fedd59c797a82c038073b5007871073acc0b,Waiting around or job half-done? Sentiment in self-admitted technical debt,"Self-Admitted Technical Debt (SATD) represents the admission, made through source code comments or other channels, of portions of a program being poorly implemented, containing provisional solutions or, in general, simply being not ready yet. To better understand developers’ habits in SATD annotation, and possibly support their exploitation in tool support, this paper provides an in-depth analysis of the content provided in SATD comments, and the expressed sentiment. We manually inspect and classify 1038 instances from an existing dataset, grouping them along a taxonomy composed of 41 categories (of which 9 top-level ones), identifying their sentiment, and the presence of external references such as author names or issue IDs. Results of our study indicate that (i) the SATD content is crosscutting along life-cycle dimensions identified in previous work, (ii) comments related to functional problems or on-hold SATD are generally more negative than poor implementation choices or partially implemented functionality, and (iii) despite observations from previous literature, only a minority of SATD comments leverage external references.",2021.0,IEEE Working Conference on Mining Software Repositories,mining software repositories,A,Theoretical Contribution,1.0,,\b(?:a |new )?taxonomy\b
e1dc2f749c7144791a6f734161e2ce46aadc279b,FIXME: synchronize with database! An empirical study of data access self-admitted technical debt,"Developers sometimes choose design and implementation shortcuts due to the pressure from tight release schedules. However, shortcuts introduce technical debt that increases as the software evolves. The debt needs to be repaid as fast as possible to minimize its impact on software development and software quality. Sometimes, technical debt is admitted by developers in comments and commit messages. Such debt is known as self-admitted technical debt (SATD). In data-intensive systems, where data manipulation is a critical functionality, the presence of SATD in the data access logic could seriously harm performance and maintainability. Understanding the composition and distribution of the SATDs across software systems and their evolution could provide insights into managing technical debt efficiently. We present a large-scale empirical study on the prevalence, composition, and evolution of SATD in data-intensive systems. We analyzed 83 open-source systems relying on relational databases as well as 19 systems relying on NoSQL databases. We detected SATD in source code comments obtained from different snapshots of the subject systems. To understand the evolution dynamics of SATDs, we conducted a survival analysis. Next, we performed a manual analysis of 361 sample data-access SATDs, investigating the composition of data-access SATDs and the reasons behind their introduction and removal. We identified 15 new SATD categories, out of which 11 are specific to database access operations. We found that most of the data-access SATDs are introduced in the later stages of change history rather than at the beginning. We also observed that bug fixing and refactoring are the main reasons behind the introduction of data-access SATDs.",2022.0,Empirical Software Engineering,empirical software engineering,A,Empirical Study,1.0,,\bempirical study\b
e31621915e68db2cbc3df8751048a5d1ad80b120,Predicting the emergence of community smells using socio-technical metrics: A machine-learning approach,"Abstract Community smells represent sub-optimal conditions appearing within software development communities (e.g., non-communicating sub-teams, deviant contributors, etc.) that may lead to the emergence of social debt and increase the overall project’s cost. Previous work has studied these smells under different perspectives, investigating their nature, diffuseness, and impact on technical aspects of source code. Furthermore, it has been shown that some socio-technical metrics like, for instance, the well-known socio-technical congruence, can potentially be employed to foresee their appearance. Yet, there is still a lack of knowledge of the actual predictive power of such socio-technical metrics. In this paper, we aim at tackling this problem by empirically investigating (i) the potential value of socio-technical metrics as predictors of community smells and (ii) what is the performance of within- and cross-project community smell prediction models based on socio-technical metrics. To this aim, we exploit a dataset composed of 60 open-source projects and consider four community smells such as Organizational Silo , Black Cloud , Lone Wolf , and Bottleneck . The key results of our work report that a within-project solution can reach F-Measure and AUC-ROC of 77% and 78%, respectively, while cross-project models still require improvements, being however able to reach an F-Measure of 62% and overcome a random baseline. Among the metrics investigated, socio-technical congruence, communicability, and turnover-related metrics are the most powerful predictors of the emergence of community smells.",2021.0,Journal of Systems and Software,journal of systems and software,A,Empirical Study,1.0,,\b\d+ (?:open[- ]source |open )?projects?\b
e360e7f74e32f423a7bb293b5213f3be08acddce,"Detection, classification and prevalence of self-admitted aging debt","Previous research on software aging is limited, with a focus on dynamic runtime indicators like memory and performance, often neglecting evolutionary indicators like source code comments and narrowly examining legacy issues within the Technical Debt (TD) context. We introduce the concept of Aging Debt (AD), representing the increased maintenance efforts and costs needed to keep software updated. We study AD through Self-Admitted Aging Debt (SAAD) observed in source code comments left by software developers. We employ a mixed-methods approach, combining qualitative and quantitative analyses to detect and measure AD in software. This includes framing SAAD patterns from the source code comments after analysing the source code context, then utilizing the SAAD patterns to detect SAAD comments. In the process, we develop a taxonomy for SAAD that reflects the temporal aging of software and its associated debt. Then we utilize the taxonomy to quantify the different types of AD prevalent in Open Source Software (OSS) repositories. Our proposed taxonomy categorizes evolutionary software aging into Active and Dormant types. Our extensive analysis of over 9,000+ OSS repositories reveals that more than 21% repositories exhibit signs of SAAD as observed from our gold standard SAAD dataset. Notably, Dormant AD emerges as the predominant category, highlighting a critical but often overlooked aspect of software maintenance. As software volume grows annually, so do evolutionary aging and maintenance challenges; our proposed taxonomy can aid researchers in detailed software aging studies and help practitioners develop improved and proactive maintenance strategies.",2025.0,Empirical Software Engineering,empirical software engineering,A,Theoretical Contribution,1.0,,\b(?:a |new )?taxonomy\b
e3d0299ed3ed7dafec951226e116c5a19e01cd00,Interest of Defect Technical Debt: An Exploratory Study on Apache Projects,"Defect technical debt (defect debt) refers to known deferred bugs that have not been fixed. The interest of a defect debt item (i.e., bug) is the extra effort needed to fix the bug due to the delay of fixing. It is important to measure defect debt interest in a software system in order to be aware of how much the interest of certain bugs is and which bugs should be fixed first. Furthermore, it is valuable to understand the features of the bugs of high interest or no interest, so as to facilitate the identification of those kinds of bugs. In this work, we proposed three pairs of measures for quantifying defect debt interest at three granularities (i.e., lines of code, source file, and package) of software changes, and conducted an exploratory case study on 13,438 bugs collected from 59 non-trivial Apache open source software projects written mainly in Java. We have the following findings. (1) Each bug, with an average of 224 days delay of fixing, has interest of 660 to 845 lines of code, 0.57 to 1.05 source files, and 0.29 to 0.35 package on average in need for understanding or modifying when fixing the bug. (2) The average interest of a bug shows overall increasing trends over delayed time of bug fixing and bug priority levels from the lowest to highest. (3) Around 30% of the bugs under study did not incur interest at the granularity of lines of code, which means that the involved source files in the bug-fixing commits of such bugs were not modified at all during the delayed time of bug fixing. (4) The average code change size of bug-fixing commits of a bug without interest is much smaller than that of a bug with (high) interest; for a bug without interest at the granularity of lines of code, the source files involved in the bug-fixing commits of the bug were alternately modified by different committers much less frequently than those of the bug with (high) interest.",2020.0,IEEE International Conference on Software Maintenance and Evolution,software maintenance and evolution,A,Case Study,0.667,,\bcase study\b; \bexploratory case study\b
e468767feb5cf28e93064d589f0eec392dacea4f,A survey of self-admitted technical debt,"Abstract Technical Debt is a metaphor used to express sub-optimal source code implementations that are introduced for short-term benefits that often need to be paid back later, at an increased cost. In recent years, various empirical studies have focused on investigating source code comments that indicate Technical Debt often referred to as Self-Admitted Technical Debt (SATD). Since the introduction of SATD as a concept, an increasing number of studies have examined various aspects pertaining to SATD. Therefore, in this paper we survey research work on SATD, analyzing the characteristics of current approaches and techniques for SATD detection, comprehension, and repayment. To motivate the submission of novel and improved work, we compile tools, resources, and data sets made available to replicate or extend current SATD research. To set the stage for future work, we identify open challenges in the study of SATD, areas that are missing investigation, and discuss potential future research avenues.",2019.0,Journal of Systems and Software,journal of systems and software,A,Position Paper,1.0,,\bopen challenges?\b
e54a4e49917eb3da18c2f239be70a68fbd3274c3,Technical Debt in the Peer-Review Documentation of R Packages: a rOpenSci Case Study,"Context: Technical Debt (TD) is a metaphor used to describe code that is ""not quite right."" Although TD studies have gained momentum, TD has yet to be studied as thoroughly in non-Object-Oriented (OO) or scientific software such as R. R is a multi-paradigm programming language, whose popularity in data science and statistical applications has amplified in recent years. Due to R’s inherent ability to expand through user-contributed packages, several community-led organizations were created to organize and peer-review packages in a concerted effort to increase their quality. Nonetheless, it is well-known that most R users do not have a technical programming background, being from multiple disciplines. Objective: The goal of this study is to investigate TD in the documentation of the peer-review of R packages led by rOpenSci. Method: We collected over 5,000 comments from 157 packages that had been reviewed and approved to be published at rOpenSci. We manually analyzed a sample dataset of these comments posted by package authors, editors of rOpenSci, and reviewers during the review process to investigate the types of TD present in these reviews. Results: The findings of our study include (i) a taxonomy of TD derived from our analysis of the peer-reviews (ii) documentation debt as being the most prevalent type of debt (iii) different user roles are concerned with different types of TD. For instance, reviewers tend to report some types of TD more than other roles, and the types of TD they report are different from those reported by the authors of a package. Conclusion: TD analysis in scientific software or peer-review is almost non-existent. Our study is a pioneer but within the context of R packages. However, our findings can serve as a starting point for replication studies, given our public datasets, to perform similar analyses in other scientific software or to investigate the rationale behind our findings.",2021.0,IEEE Working Conference on Mining Software Repositories,mining software repositories,A,Unknown,0.0,tie:Case Study|Theoretical Contribution,\b(?:a |new )?taxonomy\b; \bcase study\b
e61841ec63352f84bd507cf53217a3e5ab80f750,The Impact of Compiler Warnings on Code Quality in C++ Projects,"Modern compilers often offer a variety of warning flags, which developers can enable to get feedback on code that, while syntactically correct, may be problematic. In the case of C++, one example of such “correct but problematic” code is code that leads to undefined behavior (UB). The usage of compiler warnings has long been suspected as a way to decrease bugs and increase code quality. However, empirical evidence that supports this hypothesis is rare. In this study, we present evidence from a study of 127 open source C++ projects. We categorize their usage of compiler warnings into five groups based on which warning flags are being used, and analyse the relationship between compiler warnings and five quality metrics (bugs, critical issues, vulnerabilities, code smells, and technical debt) using Bayesian analysis. We conclude that, in general, compiler warnings indeed correlate with, and potentially cause, higher code quality, with the clearest impact being on the number of critical issues in a project. Using stricter warning flags expectantly correlates with higher code quality in our study objects. However, there are substantial differences between projects, which we attribute to the project’s individual development culture. That is, while warnings matter, other factors such as quality culture, are likely to be even more important to source code quality.CCS CONCEPTS • Software and its engineering $\rightarrow$ Maintaining software; Compilers; Software maintenance tools.",2024.0,IEEE International Conference on Program Comprehension,program comprehension,A,Unknown,0.0,no_match,
e8d2d40fceadb83a99173151d25fb0a6ba14acde,Data Balancing Improves Self-Admitted Technical Debt Detection,"A high imbalance exists between technical debt and non-technical debt source code comments. Such imbalance affects Self-Admitted Technical Debt (SATD) detection performance, and existing literature lacks empirical evidence on the choice of balancing technique. In this work, we evaluate the impact of multiple balancing techniques, including Data level, Classifier level, and Hybrid, for SATD detection in Within-Project and Cross-Project setup. Our results show that the Data level balancing technique SMOTE or Classifier level Ensemble approaches Random Forest or XGBoost are reasonable choices depending on whether the goal is to maximize Precision, Recall, F1, or AUC-ROC. We compared our best-performing model with the previous SATD detection benchmark (cost-sensitive Convolution Neural Network). Interestingly the top-performing XGBoost with SMOTE sampling improved the Within-project F1 score by 10% but fell short in Cross-Project set up by 9%. This supports the higher generalization capability of deep learning in Cross-Project SATD detection, yet while working within individual projects, classical machine learning algorithms can deliver better performance. We also evaluate and quantify the impact of duplicate source code comments in SATD detection performance. Finally, we employ SHAP and discuss the interpreted SATD features. We have included the replication package1 and shared a web-based SATD prediction tool2 with the balancing techniques in this study.",2021.0,IEEE Working Conference on Mining Software Repositories,mining software repositories,A,Unknown,0.0,no_match,
e8f50c91298ed230e5ea59762396325110c7f18d,"A Critical Comparison on Six Static Analysis Tools: Detection, Agreement, and Precision","Background. Developers use Automated Static Analysis Tools (ASATs) to control for potential quality issues in source code, including defects and technical debt. Tool vendors have devised quite a number of tools, which makes it harder for practitioners to select the most suitable one for their needs. To better support developers, researchers have been conducting several studies on ASATs to favor the understanding of their actual capabilities. Aims. Despite the work done so far, there is still a lack of knowledge regarding (1) which source quality problems can actually be detected by static analysis tool warnings, (2) what is their agreement, and (3) what is the precision of their recommendations. We aim at bridging this gap by proposing a large-scale comparison of six popular static analysis tools for Java projects: Better Code Hub, CheckStyle, Coverity Scan, Findbugs, PMD, and SonarQube. Method. We analyze 47 Java projects and derive a taxonomy of warnings raised by 6 state-of-the-practice ASATs. To assess their agreement, we compared them by manually analyzing - at line-level - whether they identify the same issues. Finally, we manually evaluate the precision of the tools. Results. The key results report a comprehensive taxonomy of ASATs warnings, show little to no agreement among the tools and a low degree of precision. Conclusions. We provide a taxonomy that can be useful to researchers, practitioners, and tool vendors to map the current capabilities of the tools. Furthermore, our study provides the first overview on the agreement among different tools as well as an extensive analysis of their precision.",2021.0,Journal of Systems and Software,journal of systems and software,A,Theoretical Contribution,1.0,,\b(?:a |new )?taxonomy\b
e913dd7bf614daff35a6407f7a8e4f5bd9d814fd,DebtHunter: A Machine Learning-based Approach for Detecting Self-Admitted Technical Debt,"Due to limited time, budget or resources, a team is prone to introduce code that does not follow the best software development practices. This code that introduces instability in the software projects is known as Technical Debt (TD). Often, TD intentionally manifests in source code, which is known as Self-Admitted Technical Debt (SATD). This paper presents DebtHunter, a natural language processing (NLP)- and machine learning (ML)- based approach for identifying and classifying SATD in source code comments. The proposed classification approach combines two classification phases for differentiating between the multiple debt types. Evaluations over 10 open source systems, containing more than 259k comments, showed that the approach was able to improve the performance of others in the literature. The presented approach is supported by a tool that can help developers to effectively manage SATD. The tool complements the analysis over Java source code by allowing developers to also examine the associated issue tracker. DebtHunter can be used in a continuous evolution environment to monitor the development process and make developers aware of how and where SATD is introduced, thus helping them to manage and resolve it.",2021.0,International Conference on Evaluation & Assessment in Software Engineering,evaluation and assessment in software engineering,A,Unknown,0.0,no_match,
e94d40478e7d211975a6484b08752853c5c17f21,How Far Have We Progressed in Identifying Self-admitted Technical Debts? A Comprehensive Empirical Study,"Background. Self-admitted technical debt (SATD) is a special kind of technical debt that is intentionally introduced and remarked by code comments. Those technical debts reduce the quality of software and increase the cost of subsequent software maintenance. Therefore, it is necessary to find out and resolve these debts in time. Recently, many automatic approaches have been proposed to identify SATD. Problem. Popular IDEs support a number of predefined task annotation tags for indicating SATD in comments, which have been used in many projects. However, such clear prior knowledge is neglected by existing SATD identification approaches when identifying SATD. Objective. We aim to investigate how far we have really progressed in the field of SATD identification by comparing existing approaches with a simple approach that leverages the predefined task tags to identify SATD. Method. We first propose a simple heuristic approach that fuzzily Matches task Annotation Tags (MAT) in comments to identify SATD. In nature, MAT is an unsupervised approach, which does not need any data to train a prediction model and has a good understandability. Then, we examine the real progress in SATD identification by comparing MAT against existing approaches. Result. The experimental results reveal that: (1) MAT has a similar or even superior performance for SATD identification compared with existing approaches, regardless of whether non-effort-aware or effort-aware evaluation indicators are considered; (2) the SATDs (or non-SATDs) correctly identified by existing approaches are highly overlapped with those identified by MAT; and (3) supervised approaches misclassify many SATDs marked with task tags as non-SATDs, which can be easily corrected by their combinations with MAT. Conclusion. It appears that the problem of SATD identification has been (unintentionally) complicated by our community, i.e., the real progress in SATD comments identification is not being achieved as it might have been envisaged. We hence suggest that, when many task tags are used in the comments of a target project, future SATD identification studies should use MAT as an easy-to-implement baseline to demonstrate the usefulness of any newly proposed approach.",2021.0,ACM Transactions on Software Engineering and Methodology,transactions on software engineering and methodology,A*,Empirical Study,1.0,,\bempirical study\b
e9957fcf0268f0000d4d2f79c0d9bb4992d6cd35,Detection of Technical Debt in Java Source Code,"Technical debt (TD) describes the additional costs that emerge when developers have opted for a quick and easy solution to a problem, rather than a more effective and well-designed, but time-consuming approach. Self-Admitted Technical Debts (SATDs) are a specific type of technical debts that developers intentionally document and acknowledge, typically via textual comments. While these comments are a useful tool for identifying TD, most of the existing approaches focus on capturing tokens associated with various categories of TD, neglecting the rich information embedded within the source code. Recent research has focused on detecting SATDs by analyzing comments, and there has been little work dealing with TD contained in the source code. In this study, through the analysis of comments and their source code from 974 Java projects, we curated the first ever dataset of TD identified by code comments, coupled with its code. We found that including the classified code significantly improves the accuracy in predicting various types of technical debt. We believe that our dataset will catalyze future work in the domain, inspiring various research related to the recognition of technical debt; The proposed classifiers may serve as baselines for studies on the detection of TD.",2024.0,ACM Transactions on Software Engineering and Methodology,transactions on software engineering and methodology,A*,Position Paper,1.0,,\bwe believe\b
e9a4177ebdb45bda9af6b39be6e1ce9fb9de3f81,Does it matter who pays back Technical Debt? An empirical study of self-fixed TD,"Context: Technical Debt (TD) can be paid back either by those that incurred it or by others. We call the former self-fixed TD, and it can be particularly effective, as developers are experts in their own code and are well-suited to fix the corresponding TD issues. Objective: The goal of our study is to investigate self-fixed technical debt, especially the extent in which TD is self-fixed, which types of TD are more likely to be self-fixed, whether the remediation time of self-fixed TD is shorter than non-self-fixed TD and how development behaviors are related to self-fixed TD. Method: We report on an empirical study that analyzes the self-fixed issues of five types of TD (i.e., Code, Defect, Design, Documentation and Test), captured via static analysis, in more than 44,000 commits obtained from 20 Python and 16 Java projects of the Apache Software Foundation. Results: The results show that about half of the fixed issues are self-fixed and that the likelihood of contained TD issues being self-fixed is negatively correlated with project size, the number of developers and total issues. Moreover, there is no significant difference of the survival time between self-fixed and non-self-fixed issues. Furthermore, developers are more keen to pay back their own TD when it is related to lower code level issues, e.g., Defect Debt and Code Debt. Finally, developers who are more dedicated to or knowledgeable about the project contribute to a higher chance of self-fixing TD. Conclusions: These results can benefit both researchers and practitioners by aiding the prioritization of TD remediation activities and refining strategies within development teams, and by informing the development of TD management tools.",2021.0,Information and Software Technology,information and software technology,A,Empirical Study,1.0,,\bempirical study\b
ea61172a3946cd90c62bb2ad43c701e5dad8f846,An Empirical Study of Refactorings and Technical Debt in Machine Learning Systems,"Machine Learning (ML), including Deep Learning (DL), systems, i.e., those with ML capabilities, are pervasive in today's data-driven society. Such systems are complex; they are comprised of ML models and many subsystems that support learning processes. As with other complex systems, ML systems are prone to classic technical debt issues, especially when such systems are long-lived, but they also exhibit debt specific to these systems. Unfortunately, there is a gap of knowledge in how ML systems actually evolve and are maintained. In this paper, we fill this gap by studying refactorings, i.e., source-to-source semantics-preserving program transformations, performed in real-world, open-source software, and the technical debt issues they alleviate. We analyzed 26 projects, consisting of 4.2 MLOC, along with 327 manually examined code patches. The results indicate that developers refactor these systems for a variety of reasons, both specific and tangential to ML, some refactorings correspond to established technical debt categories, while others do not, and code duplication is a major cross-cutting theme that particularly involved ML configuration and model code, which was also the most refactored. We also introduce 14 and 7 new ML-specific refactorings and technical debt categories, respectively, and put forth several recommendations, best practices, and anti-patterns. The results can potentially assist practitioners, tool developers, and educators in facilitating long-term ML system usefulness.",2021.0,International Conference on Software Engineering,software engineering,A*,Empirical Study,1.0,,\bempirical study\b; \b\d+ (?:open[- ]source |open )?projects?\b
ec59d0d3a9d5d052217340deb21ad58b3aa20d6b,Game-theoretic analysis of development practices: Challenges and opportunities,"Abstract Developers continuously invent new practices, usually grounded in hard-won experience, not theory. Game theory studies cooperation and conflict; its use will speed the development of effective processes. A survey of game theory in software engineering finds highly idealised models that are rarely based on process data. This is because software processes are hard to analyse using traditional game theory since they generate huge game models. We are the first to show how to use game abstractions, developed in artificial intelligence, to produce tractable game-theoretic models of software practices. We present Game-Theoretic Process Improvement (GTPI), built on top of empirical game-theoretic analysis. Some teams fall into the habit of preferring “quick-and-dirty” code to slow-to-write, careful code, incurring technical debt. We showcase GTPI’s ability to diagnose and improve such a development process. Using GTPI, we discover a lightweight intervention that incentivises developers to write careful code: add a singlecode reviewer who needs to catch only 25% of kludges. This 25% accuracy is key; it means that a reviewer does not need to examine each commit in depth, making this process intervention cost-effective.",2020.0,Journal of Systems and Software,journal of systems and software,A,Unknown,0.0,no_match,
ee51a0c6dfa0696cda64de971153ba1eccf48e5d,A large empirical assessment of the role of data balancing in machine-learning-based code smell detection,"Abstract Code smells can compromise software quality in the long term by inducing technical debt. For this reason, many approaches aimed at identifying these design flaws have been proposed in the last decade. Most of them are based on heuristics in which a set of metrics is used to detect smelly code components. However, these techniques suffer from subjective interpretations, a low agreement between detectors, and threshold dependability. To overcome these limitations, previous work applied Machine-Learning that can learn from previous datasets without needing any threshold definition. However, more recent work has shown that Machine-Learning is not always suitable for code smell detection due to the highly imbalanced nature of the problem. In this study, we investigate five approaches to mitigate data imbalance issues to understand their impact on Machine Learning-based approaches for code smell detection in Object-Oriented systems and those implementing the Model-View-Controller pattern. Our findings show that avoiding balancing does not dramatically impact accuracy. Existing data balancing techniques are inadequate for code smell detection leading to poor accuracy for Machine-Learning-based approaches. Therefore, new metrics to exploit different software characteristics and new techniques to effectively combine them are needed.",2020.0,Journal of Systems and Software,journal of systems and software,A,Unknown,0.0,no_match,
ee8b605808a29640b073448198e7e1170666e8cd,An empirical study on the co-occurrence between refactoring actions and Self-Admitted Technical Debt removal,"Abstract Technical Debt (TD) concerns the lack of an adequate solution in a software project, from its design to the source code. Its admittance through source code comments, issues, or commit messages is referred to as Self-Admitted Technical Debt (SATD). Previous research has studied SATD from different perspectives, including its distribution, impact on software quality, and removal. In this paper, we investigate the relationship between refactoring and SATD removal. By leveraging a dataset of SATD and their removals in four open-source projects and by using an automated refactoring detection tool, we study the co-occurrence of refactoring and SATD removals. Results of the study indicate that refactoring is more likely to co-occur with SATD removals than with other commits, however, in most cases, they belong to different quality improvement activities performed at the same time. Moreover, if looking closely at refactoring actions co-occurring with SATD removal in the same code entities, a relationship between these activities can be found. Finally, we found how both source code quality metrics and SATD removals play a statistically significant role in the likelihood that the commit applies a refactoring action.",2021.0,Journal of Systems and Software,journal of systems and software,A,Empirical Study,1.0,,\bempirical study\b
efe6d43d343234d0e0f9da27cb8f68e27e71433c,An Empirical Study of Self-Admitted Technical Debt in Machine Learning Software,"The emergence of open-source ML libraries such as TensorFlow and Google Auto ML has enabled developers to harness state-of-the-art ML algorithms with minimal overhead. However, during this accelerated ML development process, said developers may often make sub-optimal design and implementation decisions, leading to the introduction of technical debt that, if not addressed promptly, can significantly impact on the quality of ML-based software. Developers frequently acknowledge these sub-optimal design and development choices through code comments written during development. These comments, which often highlight areas requiring additional work or refinement in the future are known as self-admitted technical debt (SATD). While prior research has demonstrated that SATD can serve as a reliable indicator of technical debt and has extensively studied SATD in traditional (non-ML) software, little attention has been given to this issue in the context of ML. This paper aims to investigate the occurrence of SATD in ML code by analyzing 318 open-source ML projects across five domains, along with 318 non-ML projects. We detected SATD in source code comments in various snapshots of the studied projects, conducted a manual analysis of a sample of the identified SATD to comprehend the nature of technical debt in the ML code, and performed a survival analysis of the SATD to understand the evolution dynamics of such debts. Our analyses yielded the following observations: (i) Machine learning projects have a median percentage of SATD that is twice that of non-machine learning projects. (ii) ML pipeline stages for data preprocessing and model generation logic are more susceptible to debt than model validation and deployment stages. (iii) SATDs appear in ML projects earlier in the development process compared to non-ML projects. (iv) Long-lasting SATDs are typically introduced during extensive code changes that span multiple files, which exhibit low complexity. Our research contributes to the understanding of technical debt in an ML context and underscores the need for targeted debt management strategies. This contribution is particularly relevant for developers and stakeholders in ML projects by aiding them in identifying and addressing technical debt proactively and paving the way for future research in developing automated tools and methodologies for managing SATD in an ML environment.",2023.0,ACM Transactions on Software Engineering and Methodology,transactions on software engineering and methodology,A*,Empirical Study,1.0,,\bempirical study\b
f810d6e16a19a2f33704267398ab1a008dae3bbb,IMPACT: Identifying and Classifying Multiple Sourced and Categorized Self-Admitted Technical Debts,"Self-Admitted Technical Debt (SATD) refers to sub-optimal solutions deliberately introduced to accelerate the software development process, often at the expense of software maintainability and sustainability. Therefore, timely identification and repayment of the SATD is critical for the software system. As exploration deepens, it is found that effectively prioritizing the repayment of SATD with more significant impacts on software quality requires not only identifying SATD but also further classifying it. However, existing SATD identification and classification approaches face the following challenges: (1) SATDs originate from diverse sources. Code comments are a widespread source, but recent research has revealed that SATDs can originate from other sources, such as pull requests, issues, and commit messages. Nonetheless, existing approaches primarily target code comments, lacking the capability to analyze SATDs from other sources effectively. (2) SATDs fall into diverse categories. Nonetheless, existing SATD classification approaches fail to address all SATD categories comprehensively and show inadequate performance. (3) Imbalance of existing SATD datasets. Real-world SATD data are scarce, making dataset collection challenging. Moreover, SATD distribution across different sources is uneven, further complicating the construction of high-quality datasets. To alleviate these challenges, this article presents an SATD identification and classification framework named IMPACT. First, IMPACT employs ChatGPT to construct an augmented dataset. Subsequently, it utilizes a pipeline with two fine-tuned language models of different parameter sizes to identify and classify SATD separately. To evaluate the effectiveness of IMPACT, we compare it with three state-of-the-art SATD classification methods and its two foundation models. Experimental results demonstrate that IMPACT outperforms state-of-the-art methods by a large margin, and even surpasses its foundation model GLM-4-9B-Chat. It achieves the optimal average F1 score of 0.697 on the source of pull requests, the most challenging data source. Moreover, experiments on the cross-project test set show that IMPACT demonstrates strong generalizability on unseen project data.",2025.0,ACM Transactions on Software Engineering and Methodology,transactions on software engineering and methodology,A*,Unknown,0.0,no_match,
fb669b6241fe26741b6711df3dbf1035ad384550,Why secret detection tools are not enough: It’s not just about false positives - An industrial case study,"Checked-in secrets in version-controlled software projects pose security risks to software and services. Secret detection tools can identify the presence of secrets in the code, commit changesets, and project version control history. As these tools can generate false positives, developers are provided with mechanisms to bypass the warnings generated from these tools. Providing this override mechanism can result in developers sometimes exposing secrets in software repositories. The goal of this article is to aid software security practitioners in understanding why‘ secrets are checked into repositories, despite being warned by tools, through an industrial case study of analysis of usage data of a secret detection tool and a survey of developers who bypassed the tool alert. In this case study, we analyzed the usage data of a checked-in secret detection tool used widely by a software company and we surveyed developers who bypassed the warnings generated by the tool. From the case study, we found that, despite developers classified 50% of the warning as false positive, developers also bypassed the warning due to time constraints, working with non-shipping projects, technical challenges of eliminating secrets completely from the version control history, technical debts, and perceptions that check-ins are low risk. We advocate practitioners and researchers to investigate the findings of our study further to improve secret detection tools and related development practices. We also advocate that organizations should insert secondary checks, as is done by the company we studied, to capture occasions where developers incorrectly bypass secret detection tools.",2022.0,Empirical Software Engineering,empirical software engineering,A,Unknown,0.0,tie:Survey|Case Study|Position Paper,\bcase study\b; \bsurvey of (?:developers|practitioners|professionals|engineers)\b; \bwe advocate\b
fb97b79e079cb79bb0bd14aa76063a737145d946,DynAMICS: A Tool-Based Method for the Specification and Dynamic Detection of Android Behavioral Code Smells,"Code smells are the result of poor design choices within software systems that complexify source code and impede evolution and performance. Therefore, detecting code smells within software systems is an important priority to decrease technical debt. Furthermore, the emergence of mobile applications (apps) has brought new types of Android-specific code smells, which relate to limitations and constraints on resources like memory, performance and energy consumption. Among these Android-specific smells are those that describe inappropriate behaviour during the execution that may negatively impact software quality. Static analysis tools, however, show limitations for detecting these behavioural code smells and properly detecting behavioural code smells requires considering the dynamic behaviour of the apps. To dynamically detect behavioural code smells, we hence propose three contributions: (1) A method, the <sc>Dynamics</sc> method, a step-by-step method for the specification and dynamic detection of Android behavioural code smells; (2) A tool, the <sc>Dynamics</sc> tool, implementing this method on seven code smells; and (3) A validation of our approach on 538 apps from <sc>F-Droid</sc> with a comparison with the static analysis detection tools, <sc>aDoctor</sc> and <sc>Paprika</sc>, from the literature. Our method consists of four steps: (1) the specification of the code smells, (2) the instrumentation of the app, (3) the execution of the apps, and (4) the detection of the behavioural code smells. Our results show that many instances of code smells that cannot be detected with static detection tools are indeed detected with our dynamic approach with an average precision of <inline-formula><tex-math notation=""LaTeX"">$92.8\%$</tex-math><alternatives><mml:math><mml:mn>92.8</mml:mn><mml:mi mathvariant=""normal"">%</mml:mi></mml:math><inline-graphic xlink:href=""prestat-ieq1-3363223.gif""/></alternatives></inline-formula> and an average recall of <inline-formula><tex-math notation=""LaTeX"">$53.4\%$</tex-math><alternatives><mml:math><mml:mn>53.4</mml:mn><mml:mi mathvariant=""normal"">%</mml:mi></mml:math><inline-graphic xlink:href=""prestat-ieq2-3363223.gif""/></alternatives></inline-formula>.",2024.0,IEEE Transactions on Software Engineering,transactions on software engineering,A*,Unknown,0.0,no_match,
fdeec0d00260f783a28794cc71ba41f155e6280f,Does migrating a monolithic system to microservices decrease the technical debt?,"Background. The migration from monolithic systems to microservices involves deep refactoring of the systems. Therefore, the migration usually has a big economic impact and companies tend to postpone several activities during this process, mainly to speed-up the migration itself, but also because of the need to release new features. Objective. We monitored the Technical Debt of a small and medium enterprise while migrating a legacy monolithic system to an ecosystem of microservices to analyze changes in the code technical debt before and after the migration to microservices. Method. We conducted a case study analyzing more than four years of the history of a big project (280K Lines of Code) where two teams extracted five business processes from the monolithic system as microservices, by first analyzing the Technical Debt with SonarQube and then performing a qualitative study with the developers to understand the perceived quality of the system and the motivation for eventually postponed activities. Result. The development of microservices helps to reduce the Technical Debt in the long run. Despite an initial spike in the Technical Debt, due to the development of the new microservice, after a relatively short period, the Technical Debt tends to grow slower than in the monolithic system.",2019.0,Journal of Systems and Software,journal of systems and software,A,Case Study,1.0,,\bcase study\b
ffc36184e91ea6fb86392560a3747c03af325203,"Towards Just-In-Time, Inclusive Clone Refactoring","Code clones are a well-known source of technical debt, often degrading software maintainability. Modern AI coding assistants can unintentionally introduce clones or even licenseincompatible code, posing maintenance and legal challenges. This research proposes a Large Language Model (LLM)-powered clone refactoring assistant that proactively detects duplicative code during development and suggests high-level refactorings. By bridging traditional clone detection with LLM-driven code generation or transformation, the approach aims to remove redundancies early while ensuring changes remain behavior preserving and legally compliant. The assistant will integrate into development workflows to prevent clone propagation, flag potential intellectual property risks, and incorporate developer feedback for explainable, trustworthy operation. We will evaluate its impact on code quality and developer productivity, and assess how AI enhancements influence long-term maintenance efforts.",2025.0,IEEE International Conference on Software Maintenance and Evolution,software maintenance and evolution,A,Unknown,0.0,no_match,
04dc42a2003eaf2450967635f6dbdaea537416ee,Uncertainty-Aware Lookahead Factor Models for Quantitative Investing,"On a periodic basis, publicly traded companies report fundamentals, financial data including revenue, earnings, debt, among others. Quantitative finance research has identified several factors, functions of the reported data that historically correlate with stock market performance. In this paper, we first show through simulation that if we could select stocks via factors calculated on future fundamentals (via oracle), that our portfolios would far outperform standard factor models. Motivated by this insight, we train deep nets to forecast future fundamentals from a trailing 5-year history. We propose lookahead factor models which plug these predicted future fundamentals into traditional factors. Finally, we incorporate uncertainty estimates from both neural heteroscedastic regression and a dropout-based heuristic, improving performance by adjusting our portfolios to avert risk. In retrospective analysis, we leverage an industry-grade portfolio simulator (backtester) to show simultaneous improvement in annualized return and Sharpe ratio. Specifically, the simulated annualized return for the uncertainty-aware model is 17.7% (vs 14.0% for a standard factor model) and the Sharpe ratio is 0.84 (vs 0.52).",2020.0,International Conference on Machine Learning,machine learning,A*,Unknown,0.0,no_match,
091d077d393a9bd4246368cd6b8872769d5cf09a,In-depth behavior understanding and use: The behavior informatics approach,"The in-depth analysis of human behavior has been increasingly recognized as a crucial means for disclosing interior driving forces, causes and impact on businesses in handling many challenging issues such as behavior modeling and analysis in virtual organizations, web community analysis, counter-terrorism and stopping crime. The modeling and analysis of behaviors in virtual organizations is an open area. Traditional behavior modeling mainly relies on qualitative methods from behavioral science and social science perspectives. On the other hand, so-called behavior analysis is actually based on human demographic and business usage data, such as churn prediction in the telecommunication industry, in which behavior-oriented elements are hidden in routinely collected transactional data. As a result, it is ineffective or even impossible to deeply scrutinize native behavior intention, lifecycle and impact on complex problems and business issues. In this paper, we propose the approach of behavior informatics (BI), in order to support explicit and quantitative behavior involvement through a conversion from source data to behavioral data, and further conduct genuine analysis of behavior patterns and impacts. BI consists of key components including behavior representation, behavioral data construction, behavior impact analysis, behavior pattern analysis, behavior simulation, and behavior presentation and behavior use. We discuss the concepts of behavior and an abstract behavioral model, as well as the research tasks, process and theoretical underpinnings of BI. Two real-world case studies are demonstrated to illustrate the use of BI in dealing with complex enterprise problems, namely analyzing exceptional market microstructure behavior for market surveillance and mining for high impact behavior patterns in social security data for governmental debt prevention. Substantial experiments have shown that BI has the potential to greatly complement the existing empirical and specific means by finding deeper and more informative patterns leading to greater in-depth behavior understanding. BI creates new directions and means to enhance the quantitative, formal and systematic modeling and analysis of behaviors in both physical and virtual organizations.",2010.0,Information Sciences,information sciences,A,Case Study,1.0,,\bcase studies\b
0b6582edc24a472c65f5aaf5f69c43047f3c6040,Algorithmic fairness datasets: the story so far,"Data-driven algorithms are studied and deployed in diverse domains to support critical decisions, directly impacting people’s well-being. As a result, a growing community of researchers has been investigating the equity of existing algorithms and proposing novel ones, advancing the understanding of risks and opportunities of automated decision-making for historically disadvantaged populations. Progress in fair machine learning and equitable algorithm design hinges on data, which can be appropriately used only if adequately documented. Unfortunately, the algorithmic fairness community, as a whole, suffers from a collective data documentation debt caused by a lack of information on specific resources (opacity) and scatteredness of available information (sparsity). In this work, we target this data documentation debt by surveying over two hundred datasets employed in algorithmic fairness research, and producing standardized and searchable documentation for each of them. Moreover we rigorously identify the three most popular fairness datasets, namely Adult, COMPAS, and German Credit, for which we compile in-depth documentation. This unifying documentation effort supports multiple contributions. Firstly, we summarize the merits and limitations of Adult, COMPAS, and German Credit, adding to and unifying recent scholarship, calling into question their suitability as general-purpose fairness benchmarks. Secondly, we document hundreds of available alternatives, annotating their domain and supported fairness tasks, along with additional properties of interest for fairness practitioners and researchers, including their format, cardinality, and the sensitive attributes they encode. We summarize this information, zooming in on the tasks, domains, and roles of these resources. Finally, we analyze these datasets from the perspective of five important data curation topics: anonymization, consent, inclusivity, labeling of sensitive attributes, and transparency. We discuss different approaches and levels of attention to these topics, making them tangible, and distill them into a set of best practices for the curation of novel resources.",2022.0,Data mining and knowledge discovery,data mining and knowledge discovery,A,Unknown,0.0,no_match,
0c504391754107a7d2f90a34d563302bce3a653c,Delinquent Events Prediction in Temporal Networked-Guarantee Loans,"Under debt obligation promises, small- and medium-sized enterprises (SMEs) can guarantee each other to enhance their financial security to get loans from commercial banks. When the economy rises, the banks may reduce the threshold to some extent, which may introduce default risk during the economy down period, especially when many SMEs bind together and form complex networks. The risk may diffuse across the guarantee network and may result in a financial crisis. Macroprudential oversight of the guarantee network to eliminate any potential systematics financial risk is the central task of the regulatory commission and the commercial banks. Based on our observation, the delinquent probability of an SME depends not only on self-financial status but also highly related to its temporal behaviors and structural position in networks. The classic approach for loan assessment criteria face challenges in extracting temporal and structural patterns from dynamic networks. To address these issues, we propose a temporal delinquent event prediction (TDEP) framework that preserves temporal network structures and credit behavior sequences in an end-to-end model. In particular, we first employ a graph attention layer to learn the representation of nodes in temporal guarantee networks. We then design a recursive and self-attention mechanism to integrate both credit behavior and network structure information. The learned attentional weights are leveraged to uncover high-risk guarantee patterns that effectively accelerate the risk assessment process. Afterward, we conduct extensive experiments in a real-world guaranteed-loan data set to evaluate its performance. The results show the effectiveness of our proposed approach compared with the state-of-the-art baselines. Finally, we integrate the proposed model in a real-world loan risk management system. We present the implementation details of each subcomponent of the system and report out the performance after online deployment.",2020.0,IEEE Transactions on Neural Networks and Learning Systems,transactions on neural networks and learning systems,A*,Unknown,0.0,no_match,
0dbe7476fc0e1ea2a9ad93f10a88ef65362a79e4,Characterising Algorithm Debt in Machine and Deep Learning Systems,"Technical Debt (TD) refers to the long-term costs of suboptimal choices made for short-term gains. Algorithm Debt (AD), a type of TD, refers to the sub-optimal implementation of an algorithm, which can negatively impact software systems as they evolve. Machine and Deep Learning (ML/DL) systems are prone to AD due to the complexity of the methods and data dependencies. AD in ML/DL systems leads to model degradation and poor scalability over time. However, there are no automated tools for its identification and the causes, effects, and mitigation strategies remain largely unknown, creating a knowledge gap. To address this gap, the aim of this research is to investigate the causes, effects, and mitigation strategies of AD in ML/DL systems. Using a mixed-methods approach, we conducted a review of 35 primary studies. We also performed experiments with ML/DL models for AD identification, and conducted interviews with 21 practitioners, complimented by an ongoing online questionnaire. Preliminary Findings suggest that the causes of AD can be grouped into issues related to data quality, ML knowledge gaps, and challenges in model training. From the experiments, the approach of the training a Logistic Regression model with AD custom features achieved the highest F1 score of 54%, outper-forming other techniques. This study contributes to software engineering by proposing a framework that highlights the causes, effects, and mitigation strategies for AD in ML/DL systems. The framework serves as a guideline for practitioners and offers insights for developing automated tools and effective management strategies for AD in ML/DL systems.",2025.0,2025 IEEE/ACM 47th International Conference on Software Engineering: Companion Proceedings (ICSE-Companion),software engineering,A*,Survey,1.0,,\bquestionnaire\b
0eeebc3d38a8821c259e5f84ad8e6cc5e5a48acf,RisQNet: Rescuing SMEs from Financial Shocks with a Novel Networked-Loan Risk Assessment,"In the face of economic downturns, Small and Medium-sized Enterprises (SMEs) within interconnected networked-loans are vulnerable to cascading debt crises, exacerbated by factors like social media-induced financial shocks. Traditional risk assessment models, which mainly rely on financial data, inadequately predict such crises, as evidenced by the collapse of Silicon Valley Bank in 2023. To address this issue, we developed RisQNet, a model that uses temporal graph networks to incorporate diverse risks, including real-time media influences. This approach not only advances risk prediction through news feature extraction and large language models but also enhances risk management strategies with intuitive visualization tools. Validated on a dataset with a total loan volume of USD 3 trillion, RisQNet outperforms the state-of-the-art baseline and achieves 87.1% of AUC. Our collaborative effort with financial regulators and the SME community underpins the model's development, aligning with the UN SDG 8. RisQNet represents a significant step forward in leveraging AI for financial stability, offering a promising approach to combat the propagation of debt crises in financial networks.",2024.0,International Joint Conference on Artificial Intelligence,international joint conference on artificial intelligence,A*,Unknown,0.0,no_match,
162b81cb4660a050c5dbac56aa6c6ec7e70953d7,Exploring Community Smells in Open-Source: An Automated Approach,"Software engineering is now more than ever a community effort. Its success often weighs on balancing distance, culture, global engineering practices and more. In this scenario many unforeseen socio-technical events may result into additional project cost or “social” debt, e.g., sudden, collective employee turnover. With industrial research we discovered community smells, that is, sub-optimal patterns across the organisational and social structure in a software development community that are precursors of such nasty socio-technical events. To understand the impact of community smells at large, in this paper we first introduce CodeFace4Smells, an automated approach able to identify four community smell types that reflect socio-technical issues that have been shown to be detrimental both the software engineering and organisational research fields. Then, we perform a large-scale empirical study involving over 100 years worth of releases and communication structures data of 60 open-source communities: we evaluate (i) their diffuseness, i.e., how much are they distributed in open-source, (ii) how developers perceive them, to understand whether practitioners recognize their presence and their negative effects in practice, and (iii) how community smells relate to existing socio-technical factors, with the aim of assessing the inter-relations between them. The key findings of our study highlight that community smells are highly diffused in open-source and are perceived by developers as relevant problems for the evolution of software communities. Moreover, a number of state-of-the-art socio-technical indicators (e.g., socio-technical congruence) can be used to monitor how healthy a community is and possibly avoid the emergence of social debt.",2019.0,IEEE Transactions on Software Engineering,transactions on software engineering,A*,Empirical Study,1.0,,\bempirical study\b
1899934ca538284ec3225ec2eea1c97619c7d122,An Effective Digital System for Intelligent Financial Environments,"A good set of the financial system could take care of all accounting entries and their impacts on the whole intelligent financial environment. The total flow of money and total expenditures will be reflected here. The intelligent financial system can improve the utilization of data, increase the work efficiency of financial personnel, and increase the security of financial processing services. This system could help the managers make their important financial decisions, financial budgeting, and so on. They can know about the financial conditions at any time. Based on the collection and processing of financial data, we design and analyze the related financial system to carry out the intelligent property of the financial environments. The system extends the quality of financial reporting, SOX compliance, and internal controls in a financial system, including credit management, revenue recognition, bad debts allowance. Once there is an early warning in the financial system, our proposed enhanced system could give a fast early response, and bridge a positive linkage about the planning department, finance department, and top managers, which could avoid potential exposure to bad debts. This system guarantees that the credible customers are selected, and avoid the potential risk of bad debts are incurred by a loose credit limit. It strengthens the preventive control over aging receivables management and detects the potential risk of bad debts in the earlier system alert.",2019.0,IEEE Access,access,A,Unknown,0.0,no_match,
1d05d3c1f31ef83f4e2d07d2d5459bfd93b863dd,A Transformational Approach to Managing Data Model Evolution of Web Services,"The communication of web services is typically organized through public APIs, which rely on a common data model shared among all system components. Over time, this data model must be changed in order to accommodate new or changing requirements, and the system components including the data they are operating on must be migrated. In practice, however, not all the affected components can be migrated instantly and at the same time. A common approach is to plan data model changes in a backward compatible fashion, which eventually causes serious maintenance problems and is a common cause of technical debt. In this paper, we propose an alternative solution to this problem by using a translation layer serving as a round-trip migration service which is responsible for the lossless forth-and-back translation of object-oriented data model instances of different versions. We present a framework which offers a version-aware interface definition language (IDL) for APIs, a typed JavaScript-based language for defining migration functions using the IDL definition, and a run-time environment for executing migrations. This is bundled into an integrated development environment assisting developers in implementing migration functions. From a methodological point of view, the development of round-trip migrations is supported by a catalog which comprises a set of typical data model evolution scenarios along with corresponding suitable round-trip migration strategies. We validate our framework by carrying out an extensive evaluation including a systematic assessment of expressiveness using our catalog, micro-benchmarking the performance of round-trip migrations, as well as a practical application in a case study of a real-world e-commerce web application obtained from an industrial partner.",2023.0,IEEE Transactions on Services Computing,transactions on services computing,A*,Case Study,1.0,,\bcase study\b
1d7adc91cc7fe9dcee46e71933d9a4782f65db6b,Managing the requirements flow from strategy to release in large-scale agile development: a case study at Ericsson,"In a large organization, informal communication and simple backlogs are not sufficient for the management of requirements and development work. Many large organizations are struggling to successfully adopt agile methods, but there is still little scientific knowledge on requirements management in large-scale agile development organizations. We present an in-depth study of an Ericsson telecommunications node development organization which employs a large scale agile method to develop telecommunications system software. We describe how the requirements flow from strategy to release, and related benefits and problems. Data was collected by 43 interviews, which were analyzed qualitatively. The requirements management was done in three different processes, each of which had a different process model, purpose and planning horizon. The release project management process was plan-driven, feature development process was continuous and implementation management process was agile. The perceived benefits included reduced development lead time, increased flexibility, increased planning efficiency, increased developer motivation and improved communication effectiveness. The recognized problems included difficulties in balancing planning effort, overcommitment, insufficient understanding of the development team autonomy, defining the product owner role, balancing team specialization, organizing system-level work and growing technical debt. The study indicates that agile development methods can be successfully employed in organizations where the higher level planning processes are not agile. Combining agile methods with a flexible feature development process can bring many benefits, but large-scale software development seems to require specialist roles and significant coordination effort.",2017.0,Empirical Software Engineering,empirical software engineering,A,Unknown,0.0,tie:Case Study|Experience Report,\b(?:at|inside) (?:microsoft|google|facebook|meta|amazon|netflix|ibm|abb|ericsson|sap|spotify|uber|airbnb)\b; \bcase study\b
1dc2b459580c32612c9b532cafcd1a6401c80d59,Exploring Technical Debt in Security Questions on Stack Overflow,"Background: Software security is crucial to ensure that the users are protected from undesirable consequences such as malware attacks which can result in loss of data and, subsequently, financial loss. Technical Debt (TD) is a metaphor incurred by suboptimal decisions resulting in long-term consequences such as increased defects and vulnerabilities if not managed. Although previous studies have studied the relationship between security and TD, examining their intersection in developers' discussion on Stack Overflow (SO) is still unexplored. Aims: This study investigates the characteristics of security-related TD questions on SO. More specifically, we explore the prevalence of TD in security-related queries, identify the security tags most prone to TD, and investigate which user groups are more aware of TD. Method: We mined 117,233 security-related questions on SO and used a deep-learning approach to identify 45,078 security-related TD questions. Subsequently, we conducted quantitative and qualitative analyses of the collected security-related TD questions, including sentiment analysis. Results: Our analysis revealed that 38% of the security questions on SO are security-related TD questions. The most recurrent tags among the security-related TD questions emerged as “security” and “encryption.” The latter typically have a neutral sentiment, are lengthier, and are posed by users with higher reputation scores. Conclusions: Our findings reveal that developers implicitly discuss TD, suggesting developers have a potential knowledge gap regarding the TD metaphor in the security domain. Moreover, we identified the most common security topics mentioned in TD-related posts, providing valuable insights for developers and researchers to assist developers in prioritizing security concerns in order to minimize TD and enhance software security.",2023.0,International Symposium on Empirical Software Engineering and Measurement,empirical software engineering and measurement,A,Unknown,0.0,no_match,
20a616fbf8758a43cac61f0aa485f851882cc6e8,Branch Drift: A Visually Explainable Metric for Consistency Monitoring in Collaborative Software Development,"Modern software engineering uses branch-based workflows for collaborative development on a shared codebase. A branch may represent a task or feature within the responsibilities of a specific developer or team. When branches are merged, unanticipated conflicts occur frequently. Their resolution is time-consuming and costly. Depending on the development process, a branch exists for a few hours or up to several months. With increasing time and many branches, keeping track of potential merge conflicts becomes difficult. Typically, developers are unaware of these conflicts until the branches are merged. Issues solvable through joint reviews, discussion, and collaboration are therefore identified and resolved late. It is evident that the effort required to resolve merge conflicts poses an organizational technical debt. Project managers and team leaders must be able to track, analyze, and interpret the merge conflict potential to call for timely actions. Therefore, a metric is required. This work transfers the drift metric for inconsistency analysis from model-driven software engineering to branch-based software development. The resulting branch-drift metric summarizes the merge conflict potential of a development project in a numeric value. Its calculation is configurable to fit any project’s requirements. The branch-drift is based on an intuitive and explainable geometric representation, easing the analysis of conflict patterns and outliers. We evaluate the branch-drift by quantitatively analyzing and discussing the drift values, trends, and patterns for 21 large-scale open-source repositories over three months. The results of this work encourage and enable the continuous and configurable branch-drift calculation for arbitrary Git repositories. The developed tools and gathered data are publicly available.",2025.0,IEEE Access,access,A,Unknown,0.0,no_match,
20bbfa6376f23b3dd2f42fa4783561ae07b351b5,Technical Debt in Large-Scale Distributed Projects: An Industrial Case Study,"Technical debt (TD) is a metaphor that reflects the technical compromises that sacrifice the long-term health of a software product to achieve short term benefit. It is important to manage TD to avoid software degradation. In large-scale distributed projects, technical debt management (TDM) becomes more complex and challenging. There is a lack of empirical studies on the TD accumulation in large-scale distributed projects. Then, to address this gap, we conducted a case study in Ericsson (a European Telecom Company) to identify the relationship between TD accumulation and factors such as task complexity, lead time, total of developers, and task scaling. We used data from 33 projects extracted from managerial documents to conduct a regression analysis. We also conducted interviews with seniors developers of the team to interpret the results. We found out that Task Complexity has a strong relationship (p-value = 5.69 × 10−5) with Technical Debt, while Global Distance was mentioned by the interviewees as a relevant factor for TD accumulation (although not statistically significant in our regression analysis). Practitioners should consider avoiding complex/big tasks, breaking down big tasks into small ones (if possible). We also plan to analyze other projects in this company to confirm our findings further.",2021.0,"IEEE International Conference on Software Analysis, Evolution, and Reengineering",software analysis evolution and reengineering,A,Unknown,0.0,tie:Empirical Study|Case Study,\b\d+ (?:open[- ]source |open )?projects?\b; \bcase study\b
23d24ec5c56d3136907574ea7b0b0c0fb3b55fdd,A Comprehensive View on TD Prevention Practices and Reasons for Not Preventing It,"Context. Technical debt (TD) prevention allows software practitioners to apply practices to avoid potential TD items in their projects. Aims. To uncover and prioritize, from the point of view of software practitioners, the practices that could be used to avoid TD items, the relations between these practices and the causes of TD, and the practice avoidance reasons (PARs) that could explain the failure to prevent TD. Method. We analyze data collected from six replications of a global industrial family of surveys on TD, totaling 653 answers. We also conducted a follow up survey to understand the importance level of analyzed data. Results. Most practitioners indicated that TD could be prevented, revealing 89 prevention practices and 23 PARs for explaining the failure to prevent TD. The article identifies statistically significant relationships between preventive practices and certain causes of TD. Further, it prioritizes the list of practices, PARs, and relationships regarding their level of importance for TD prevention based on the opinion of software practitioners. Conclusion. This work organizes TD prevention practices and PARs in a conceptual map and the relationships between practices and causes of TD in a Sankey diagram to help the visualization of the body of knowledge reported in this study.",2024.0,ACM Transactions on Software Engineering and Methodology,transactions on software engineering and methodology,A*,Unknown,0.0,no_match,
2b32f7ccad791af87b277449897758ac231c3b9a,Managing Technical Debt in a Multidisciplinary Data Intensive Software Team: an Observational Case Study,"Context: There is an increase in the investment and development of data-intensive (DI) solutions, systems that manage large amounts of data. Without careful management, this growing investment will also grow associated technical debt (TD). Delivery of DI solutions requires a multidisciplinary skill set, but there is limited knowledge about how multidisciplinary teams develop DI systems and manage TD. Objective: This research contributes empirical, practice based insights about multidisciplinary DI team TD management practices. Method: This research was conducted as an exploratory observation case study. We used socio-technical grounded theory (STGT) for data analysis to develop concepts and categories that articulate TD and TDs debt management practices. Results: We identify TD that the DI team deals with, in particular technical data components debt and pipeline debt. We explain how the team manages the TD, assesses TD, what TD treatments they consider and how they implement TD treatments to fit sprint capacity constraints. Conclusion: We align our findings to existing TD and TDM taxonomies, discuss their implications and highlight the need for new implementation patterns and tool support for multidisciplinary DI teams.",2025.0,Journal of Systems and Software,journal of systems and software,A,Case Study,1.0,,\bcase study\b
3576b88a75968b874fdddc16d3b862c1794eea8b,Credit spread approximation and improvement using random forest regression,"Credit Default Swap (CDS) levels provide a market appreciation of companies’ default risk. These derivatives are not always available, creating a need for CDS approximations. This paper offers a simple, global and transparent CDS structural approximation, which contrasts with more complex and proprietary approximations currently in use. This Equity-to-Credit formula (E2C), inspired by CreditGrades, obtains better CDS approximations, according to empirical analyses based on a large sample spanning 2016–2018. A random forest regression run with this E2C formula and selected additional financial data results in an 87.3% out-of-sample accuracy in CDS approximations. The transparency property of this algorithm confirms the predominance of the E2C estimate, and the impact of companies’ debt rating and size, in predicting their CDS.",2019.0,European Journal of Operational Research,european journal of operational research,A,Unknown,0.0,no_match,
40fabef9642fc4f63bd9ab0f8a7aaec9034324a4,Agile software development one year into the COVID-19 pandemic,"As a result of the COVID-19 pandemic, many agile practitioners had to transition into a remote work environment. Despite remote work not being a new concept for agile software practitioners, the forced or recommended nature of remote work is new. This study investigates how the involuntary shift to remote work and how social restrictions imposed by the COVID-19 pandemic have affected agile software development (ASD), and how agile practitioners have been affected in terms of ways of working. An explanatory sequential mixed methods study was performed. Data were collected one year into the COVID-19 pandemic through a questionnaire with 96 respondents and in-depth semi-structured interviews with seven practitioners from seven different companies. Data were analyzed through Bayesian analysis and thematic analysis. The results show, in general, that the aspects of ASD that have been the most affected is communication and social interactions, while technical work aspects have not experienced the same changes. Moreover, feeling forced to work remotely has a significant impact on different aspects of ASD, e.g., productivity and communication, and industry practitioners’ employment of agile development and ways of working have primarily been affected by the lack of social interaction and the shift to digital communication. The results also suggest that there may be a group maturing debt when teams do go back into office, as digital communication and the lack of psychological safety stand in the way for practitioners’ ability to have sensitive discussions and progress as a team in a remote setting.",2022.0,Empirical Software Engineering,empirical software engineering,A,Survey,1.0,,\bquestionnaire\b
43991e6aebd4a9303db7456259a6337d74173a99,"Investment, financing and the role of ROA and WACC in value creation","Evaluating an industrial opportunity often means to engage in financial modeling which results in estimation of a large amount of economic and accounting data, which are then gathered in an economically rational framework: the pro forma financial statements. While the standard net present value (NPV) condenses all the available pieces of information into a single metric, we make full use of the crucial information supplied in the pro forma financial statements and give a more detailed account of how economic value is created. In particular, we construct a general model, allowing for varying interest rates, which decomposes the project into investment side and financing side and quantifies the value created by either side; an equity/debt decomposition is also accomplished, which enables to appreciate the role of debt in adding or subtracting value to equityholders. Further, the major role of accounting rates of return as value drivers is highlighted, and new relative measures of worth are introduced: the project ROA and the project WACC, which aggregate information deriving from the period rates of return. To achieve these results, we make use of the Average-Internal-Rate-of-Return (AIRR) approach, recently introduced, which rests on capital-weighted arithmetic means and sets a direct relation between holding period rates and NPV.",2015.0,European Journal of Operational Research,european journal of operational research,A,Unknown,0.0,no_match,
449fbe0415cdfce48f7742f17d0141b2165b50d4,Achieving agility and quality in product development - an empirical study of hardware startups,"Abstract Context: Startups aim at scaling their business, often by developing innovative products with limited human and financial resources. The development of software products in the startup context is known as opportunistic, agility-driven, and with high tolerance for technical debt. The special context of hardware startups calls for a better understanding of state-of-the-practice of hardware startups’ activities. Objective: This study aimed to identify whether and how startups can achieve product quality while maintaining focus on agility. Method: We conducted an exploratory study with 13 hardware startups, collecting data through semi-structured interviews and analysis of documentation. We proposed an integrative model of agility and quality in hardware startups. Results: Agility in hardware startups is complex and not achieved through adoption of fast-paced development practices alone. Hardware startups follow a quality-driven approach for development of core components, where frequent user testing is a measure for early debt management. Hardware startups often lack mindset and strategies for achieving long-term quality in early stages. Conclusions: Hardware startups need attention to hardware quality to allow for evolutionary prototyping and speed. Future research should focus on defining quality-driven practices that contribute to agility, and strategies and mindsets to support long-term quality in the hardware startup context.",2020.0,Journal of Systems and Software,journal of systems and software,A,Empirical Study,1.0,,\bempirical study\b; \bexploratory study\b
45830f492dc68c9d6806c79bdf5cd4635bef3078,Controlling Technical Debt Remediation in Outsourced Enterprise Systems Maintenance: An Empirical Analysis,"ABSTRACT Technical debt refers to maintenance obligations that stem from violations of established standards during the development and subsequent maintenance of enterprise systems. Technical debt remediation is particularly challenging in the outsourcing context due to information asymmetry between client and vendor teams. Control balancing—the periodic adjustments to the control configurations of outsourced projects—has been proposed as a process to help mitigate these information asymmetry challenges. Using data collected from 1,824 real-world projects, we tested to what extent control balancing improves the remediation of technical debt. After controlling for a number of technical and environmental factors, including system size, system lifespan, and contract parameters, we find that control balancing can benefit technical debt remediation, but primarily when processes for migrating technical debt-laden systems to new technological platforms have been identified. We highlight the role of technical debt in influencing the effects of relational flexibility in inter-firm engagements.",2021.0,Journal of Management Information Systems,journal of management information systems,A*,Empirical Study,1.0,,\bempirical analysis\b
45f7ed30ac9b8d90702c4b0b16d1d3c5dedb5d4d,Analyzing Technological Spillover Effects Between Technology Classes: the Case of Korea Technology Finance Corporation,"A technology evaluation system is mandatory to successfully implement a technology-based financial support system. Technology evaluation has generally been relied on the experts’ manual work. Various quantitative indicators have been presented to improve the efficiency of this manual work. Among these indicators, the spillover effect is perceived as useful for the disposal of patents of a firm, which received credit guarantee but lost its ability to service its debt. A model for measuring the spillover effects has already been proposed, but it has low reliability. Therefore, this paper presents a systematic approach for measuring technological spillover effects between technology classes. The approach mainly relies on patent data due to its features of the latest reliable sources of technological intelligence. We first extract co-classification information from patent data and generate association rules between technology classes. The relationships represented by the rules, however, can only depict the direct effects. Therefore, we first derive the indirect effects from the direct ones and then integrate both the effects to measure the technological spillover effects. We conduct an empirical study to show the applicability of the presented approach using patents granted in the Korean Intellectual Property Office. We expect that this paper can contribute to establish a quantitative evaluation model to help assess technologies for successful technology-based credit guarantee system. It will improve the reliability of the technology assessment by reducing the variance of the qualitative evaluation results due to the individual differences of the evaluator. Furthermore, it will also enhance the efficiency of evaluation work.",2018.0,IEEE Access,access,A,Empirical Study,1.0,,\bempirical study\b
4926981b7891fb056a070c50d95bb1a8968117e3,"Uncovering Community Smells in Machine Learning-Enabled Systems: Causes, Effects, and Mitigation Strategies","Successful software development hinges on effective communication and collaboration, which are significantly influenced by human and social dynamics. Poor management of these elements can lead to the emergence of ‘community smells’, i.e., negative patterns in socio-technical interactions that gradually accumulate as ‘social debt’. This issue is particularly pertinent in machine learning-enabled systems, where diverse actors such as data engineers and software engineers interact at various levels. The unique collaboration context of these systems presents an ideal setting to investigate community smells and their impact on development communities. This article addresses a gap in the literature by identifying the types, causes, effects, and potential mitigation strategies of community smells in machine learning-enabled systems. Using Partial Least Squares Structural Equation Modeling (PLS-SEM), we developed hypotheses based on existing literature and interviews, and conducted a questionnaire-based study to collect data. Our analysis resulted in the construction and validation of five models that represent the causes, effects, and strategies for five specific community smells. These models can help practitioners identify and address community smells within their organizations, while also providing valuable insights for future research on the socio-technical aspects of machine learning-enabled system communities.",2025.0,ACM Transactions on Software Engineering and Methodology,transactions on software engineering and methodology,A*,Survey,1.0,,\bquestionnaire\b
4d184c706c20ff85375c13f8cc1f9bcb700568d0,Managing the requirements flow from strategy to release in large-scale agile development: a case study at Ericsson,"In a large organization, informal communication and simple backlogs are not sufficient for the management of requirements and development work. Many large organizations are struggling to successfully adopt agile methods, but there is still little scientific knowledge on requirements management in large-scale agile development organizations. We present an in-depth study of an Ericsson telecommunications node development organization which employs a large scale agile method to develop telecommunications system software. We describe how the requirements flow from strategy to release, and related benefits and problems. Data was collected by 43 interviews, which were analyzed qualitatively. The requirements management was done in three different processes, each of which had a different process model, purpose and planning horizon. The release project management process was plan-driven, feature development process was continuous and implementation management process was agile. The perceived benefits included reduced development lead time, increased flexibility, increased planning efficiency, increased developer motivation and improved communication effectiveness. The recognized problems included difficulties in balancing planning effort, overcommitment, insufficient understanding of the development team autonomy, defining the product owner role, balancing team specialization, organizing system-level work and growing technical debt. The study indicates that agile development methods can be successfully employed in organizations where the higher level planning processes are not agile. Combining agile methods with a flexible feature development process can bring many benefits, but large-scale software development seems to require specialist roles and significant coordination effort.",2017.0,Empirical Software Engineering,empirical software engineering,A,Unknown,0.0,tie:Case Study|Experience Report,\b(?:at|inside) (?:microsoft|google|facebook|meta|amazon|netflix|ibm|abb|ericsson|sap|spotify|uber|airbnb)\b; \bcase study\b
5092041d0896dd900ad720699f720a54476dc1ae,How do software development teams manage technical debt? - An empirical study,"Exploratory case study with empirical data from eight software development teams.Observation of various different strategies for technical debt management.Developed technical debt management framework. Technical debt (TD) is a metaphor for taking shortcuts or workarounds in technical decisions to gain short-term benefit in time-to-market and earlier software release. In this study, one large software development organization is investigated to gather empirical evidence related to the concept of technical debt management (TDM). We used the exploratory case study method to collect and analyze empirical data in the case organization by interviewing a total of 25 persons in eight software development teams. We were able to identify teams where the current strategy for TDM was only to fix TD when necessary, when it started to cause too much trouble for development. We also identified teams where the management had a systematic strategy to identify, measure and monitor TD during the development process. It seems that TDM can be associated with a similar maturity concept as software development in general. Development teams may raise their maturity by increasing their awareness and applying more advanced processes, techniques and tools in TDM. TDM is an essential part of sustainable software development, and companies have to find right approaches to deal with TD to produce healthy software that can be developed and maintained in the future.",2016.0,Journal of Systems and Software,journal of systems and software,A,Case Study,0.667,,\bcase study\b; \bexploratory case study\b
5518f22d0d05d600f6f912e1eb13c2d0478045c7,Adversarial Conservative Alternating Q-Learning for Credit Card Debt Collection,"Debt collection is utilized for risk control after credit card delinquency. The existing rule-based method tends to be myopic and non-adaptive due to the delayed feedback. Reinforcement learning (RL) has an inherent advantage in dealing with such task and can learn policies end-to-end. However, employing RL here remains difficult because of different interaction processes from standard RL and the notorious problem of optimistic estimations in the offline setting. To tackle these challenges, we first propose an Alternating Q-Learning (AQL) framework to adapt debt collection processes to comparable procedures in RL. Based on AQL, we further develop an Adversarial Conservative Alternating Q-Learning (ACAQL) to address the issue of overoptimistic estimations. Specifically, adversarial conservative value regularization is proposed to balance optimism and conservatism on Q-values of out-of-distribution actions. Furthermore, ACAQL utilizes the counterfactual action stitching to mitigate the overestimation by enhancing behavior data. Finally, we evaluate ACAQL on a real-world dataset created from Bank of Shanghai. Offline experimental results show that our approach outperforms state-of-the-art methods and effectively alleviates the optimistic estimation issue. Moreover, we conduct online A/B tests on the bank, and ACAQL achieves at least a 6% improvement of the debt recovery rate, which yields tangible economic benefits.",2025.0,IEEE Transactions on Knowledge and Data Engineering,transactions on knowledge and data engineering,A*,Unknown,0.0,no_match,
622ef19ea770a12d9b374539b5f920c0e2972d51,InterCriteria Analysis of the Global Competitiveness Report for the Financial System EU Countries,"In recent years, innovative techniques for data analysis and decision-making, resulting from the processing of a large database, have been increasingly used. This trend is part of the management process, for example in the field of finance, where through the application of elements of artificial intelligence, data is processed, processes are analyzed, risk is assessed and intelligent solutions are proposed.In this paper, data from The Global competitiveness report of the World Economic Forum is processed in order to analyze the financial systems of EU Countries. The emphasis is on the data from Pillar 9 - Financial System. It consists of the indicators - Debt and Stability. These in turn include several sub-indicators.The analysis was carried out by applying the Intercriteria Analysis.",2022.0,IEEE International Conference on Intelligent Systems,intelligent systems,A,Unknown,0.0,no_match,
6375b23a67a11067fd6a3f56bc0fb490c2ef09e6,Managing Technical Debt in Database Normalization,"Database normalization is one of the main principles for designing relational databases, which is the most popular database model, with the objective of improving data and system qualities, such as performance. Refactoring the database for normalization can be costly, if the benefits of the exercise are not justified. Developers often ignore the normalization process due to the time and expertise it requires, introducing technical debt into the system. Technical debt is a metaphor that describes trade-offs between short-term goals and applying optimal design and development practices. We consider database normalization debts are likely to be incurred for tables below the fourth normal form. To manage the debt, we propose a multi-attribute analysis framework that makes a novel use of the Portfolio Theory and the TOPSIS method (Technique for Order of Preference by Similarity to Ideal Solution) to rank the candidate tables for normalization to the fourth normal form. The ranking is based on the tables estimated impact on data quality, performance, maintainability, and cost. The techniques are evaluated using an industrial case study of a database-backed web application for human resource management. The results show that the debt-aware approach can provide an informed justification for the inclusion of critical tables to be normalized, while reducing the effort and cost of normalization.",2022.0,IEEE Transactions on Software Engineering,transactions on software engineering,A*,Case Study,1.0,,\bcase study\b
6725191178d02a2d2739e5e0c241f12e94419823,Anticipating Financial Risk: Machine Learning for Debt Management in Telecommunications,"The telecommunications industry is characterized by intense competition and rapid technological evolution, making financial stability a critical factor for sustained growth. This work focuses on leveraging machine learning techniques to analyze and predict customer payment behavior within a Portuguese telecommunications company, aiming to reduce financial losses associated with unpaid debts. Using the CRISP-DM methodology, the project first develops supervised learning models to predict whether customers will remain good payers, based solely on internal data. Among the algorithms tested, Random Forest achieved the highest accuracy of 99%, enabling early identification of potential defaulters. Complementing this, unsupervised learning methods, specifically Principal Component Analysis for dimensionality reduction and K-Means clustering, uncover hidden behavioral segments within the customer base. The optimal clustering identified five distinct groups, some of which show near-homogeneous target values (close to 0 or 1), allowing for strong characterization of compliant and non-compliant profiles. The findings demonstrate the effectiveness of combining supervised and unsupervised learning for risk analysis. Supervised models allow scenario testing by altering feature values to simulate changes in payment behavior. In unsupervised learning, analyzing ambiguous clusters through comparison with more definitive ones helps estimate likely client outcomes and supports proactive management. Future work may explore focused clustering of non-compliant clients, alternative data preprocessing, and time series forecasting to further improve predictive accuracy and operational utility.",2026.0,IEEE Access,access,A,Unknown,0.0,no_match,
6d6a4b88524313de3140308eeec601c3b852aa19,Preliminary Insights on Industry Practices for Addressing Fairness Debt,"Context: This study explores how software professionals identify and address biases in AI systems within the software industry, focusing on practical knowledge and real-world applications. Goal: We focused on understanding the strategies employed by practitioners to manage bias and their implications for fairness debt. Method: We employed a qualitative research method, gathering insights from industry professionals through interviews and using thematic analysis to explore the collected data. Findings: Professionals identify biases through discrepancies in model outputs, demographic inconsistencies, and training data issues. They address these biases using strategies such as enhanced data management, model adjustments, crisis management, improving team diversity, and ethical analysis. Conclusion: Our paper presents initial evidence on addressing fairness debt and lays the groundwork for developing structured guidelines to manage fairness-related issues in AI systems. LAY ABSTRACT. This paper explores how software professionals tackle biases in AI systems. We discovered that they identify problems by checking if the AI’s outputs match real-world conditions, ensuring it performs well for different groups of people, and investigating biases in the training data. To address these issues, they use various strategies like improving the data quality, regularly updating the AI to adapt to new information, and involving a diverse range of people in the development process. Our findings provide a solid starting point for creating clear guidelines to manage these biases. These guidelines will help ensure that AI systems are not only technically accurate but also fair and equitable for everyone. This research is important for making sure that as AI technology advances, it benefits all users without reinforcing existing inequalities.",2024.0,International Symposium on Empirical Software Engineering and Measurement,empirical software engineering and measurement,A,Unknown,0.0,no_match,
7071e1a5807e7cdca15dea418612448eebc83ca7,Data-access performance anti-patterns in data-intensive systems,"Data-intensive systems handle variable, high-volume, and high-velocity data generated by human and digital devices. Like traditional software, data-intensive systems are prone to technical debts introduced to cope-up with the pressure of time and resource constraints on developers. Data-access is a critical component of data-intensive systems, as it determines their overall performance and functionality. While data access technical debts are getting attention from the research community, technical debts that affect performance are not well investigated. This study aims to identify, categorize, and validate data-access performance anti-patterns. We collected issues from NoSQL-based and polyglot persistence open-source data-intensive systems, implemented in Java programing language, and identified 14 new data access-performance anti-patterns categorized under seven high-level categories. We conducted a developer survey to evaluate the perceived relevance and criticality of the newly identified anti-patterns and found that Improper Handling of Node Failures, Using Synchronous Connection, and Inefficient Driver API performance anti-patterns are the most critical data-access performance anti-patterns. The study findings can help improve the quality of data-intensive software systems by raising awareness of practitioners about the impact of the data-access performance anti-patterns. At the same time, the findings will help quality assurance teams to prioritize the correction of performance anti-patterns based on their criticality.",2022.0,Empirical Software Engineering,empirical software engineering,A,Survey,1.0,,\bdeveloper survey\b
73f9e90aa11f1c0d40fa3730d30f33e4a868305d,Estimation of firm performance from a MIMIC model,"Abstract In this paper we propose a new approach (based on the Multiple Indicator Multiple Cause (MIMIC) model of Joreskog and Goldberger (1975) to assess the performance of firms assuming that the ‘true’ firm performance is latent but there are many observable indicators of it. In our MIMIC model, the latent firm performance variable is linked with some observed explanatory variables (determinants) like age, size, advertising expenses, debt equity ratio, etc. Since there are many observed indicators (ROE, ROA, Tobin's Q, etc.) of the unobserved latent firm performance, the measurement equations in the MIMIC model link these observed indicators to the latent performance measure. We use firm level data from India during the period 2001 to 2008 to estimate the latent firm performance using the predicted factor scores and rank the firms according to the proposed measure. Finally, we estimate two stochastic frontier models and compute Pearson's correlation between pairs of performance measures. We find high rank correlation between the two measures of firm performance/efficiency, which justifies the use of the MIMIC model as a complementary method of performance measures.",2016.0,European Journal of Operational Research,european journal of operational research,A,Unknown,0.0,no_match,
7c393b9d4096b04c9cc369fb5b7c6d028e129074,Tax Default Prediction Using Feature Transformation-Based Machine Learning,"This study proposes to address the economic significance of unpaid taxes by using an automatic system for predicting a tax default. Too little attention has been paid to tax default prediction in the past. Moreover, existing approaches tend to apply conventional statistical methods rather than advanced data analytic approaches, including state-of-the-art machine learning methods. Therefore, existing studies cannot effectively detect tax default information in real-world financial data because they fail to take into account the appropriate data transformations and nonlinear relationships between early-warning financial indicators and tax default behavior. To overcome these problems, this study applies diverse feature transformation techniques and state-of-the-art machine learning approaches. The proposed prediction system is validated by using a dataset showing tax defaults and non-defaults at Finnish limited liability firms. Our findings provide evidence for a major role of feature transformation, such as logarithmic and square-root transformation, in improving the performance of tax default prediction. We also show that extreme gradient boosting and the systematically developed forest of multiple decision trees outperform other machine learning methods in terms of accuracy and other classification performance measures. We show that the equity ratio, liquidity ratio, and debt-to-sales ratio are the most important indicators of tax defaults for 1-year-ahead predictions. Therefore, this study highlights the essential role of well-designed tax default prediction systems, which require a combination of feature transformation and machine learning methods. The effective implementation of an automatic tax default prediction system has important implications for tax administration and can assist administrators in achieving feasible government expenditure allocations and revenue expansions.",2021.0,IEEE Access,access,A,Unknown,0.0,no_match,
821394aee252e06e83dce45949fe199f6be47fa0,AI Safety Should Prioritize the Future of Work,"Current efforts in AI safety prioritize filtering harmful content, preventing manipulation of human behavior, and eliminating existential risks in cybersecurity or biosecurity. While pressing, this narrow focus overlooks critical human-centric considerations that shape the long-term trajectory of a society. In this position paper, we identify the risks of overlooking the impact of AI on the future of work and recommend comprehensive transition support towards the evolution of meaningful labor with human agency. Through the lens of economic theories, we highlight the intertemporal impacts of AI on human livelihood and the structural changes in labor markets that exacerbate income inequality. Additionally, the closed-source approach of major stakeholders in AI development resembles rent-seeking behavior through exploiting resources, breeding mediocrity in creative labor, and monopolizing innovation. To address this, we argue in favor of a robust international copyright anatomy supported by implementing collective licensing that ensures fair compensation mechanisms for using data to train AI models. We strongly recommend a pro-worker framework of global AI governance to enhance shared prosperity and economic justice while reducing technical debt.",2025.0,International Conference on Machine Learning,machine learning,A*,Position Paper,1.0,,\bposition paper\b; \bwe argue\b; \bin this position paper\b
893be8d33a257488894c0d2185745245612d73c5,"Technical efficiency, unions and decentralized labor contracts","This paper explores the link between the presence of unions in the workplace, the adoption of decentralized labor agreements and technical efficiency, using a large sample of Italian manufacturing firms. We apply the Data Envelopment Analysis, and its robust version based on bootstrap theory, to get reliable estimates of technical efficiency at the firm level in a standard first stage. We devote particular attention to the specific technology adopted, by distinguishing 20 different sector frontiers, as well as to the presence of outliers. The obtained efficiency scores are analyzed in a second stage applying a truncated regression model estimated via Maximum Likelihood, following the Simar and Wilson (2007, 2011) methodology. Our results highlight that the presence of workplace unionization decreases the level of technical efficiency, while aspects limiting the unions’ power such as a strong exposure to international markets, high debt levels or the prevalence of flexible assets partially reduce the negative effect. However, when firms adopt decentralized labor contracts agreements, the effect on efficiency is positive and partially compensates the negative unions’ effect.",2017.0,European Journal of Operational Research,european journal of operational research,A,Unknown,0.0,no_match,
930655f7b3592181ebbb86c1cd6bcecc7397b03b,Deep Learning Anti-Fraud Model for Internet Loan: Where We Are Going,"Recently, Internet finance is increasingly popular. However, bad debt has become a serious threat to Internet financial companies. The fraud detection models commonly used in conventional financial companies is logistic regression. Although it is interpretable, the accuracy of the logistic regression still remains to be improved. This paper takes a large public loan dataset, e.g. Lending club, for example, to explore the potential of applying deep neural network for fraud detection. We first fill the missing values by a random forest. Then, an XGBoost algorithm is employed to select the most discriminate features. After that, we propose to use a synthetic minority oversampling technique to deal with the sample imbalance. With the preprocessed data, we design a deep neural network for Internet loan fraud detection. Extensive experiments have been conducted to demonstrate the outperformance of the deep neural network compared with the commonly-used models. Such a simple yet effective model may brighten the application of deep learning in anti-fraud for Internet loans, which would benefit the financial engineers in small and medium Internet financial companies.",2021.0,IEEE Access,access,A,Unknown,0.0,no_match,
93d4a686bfcf87b35f41318609a2edbed789696d,Transformers and meta-tokenization in sentiment analysis for software engineering,"Sentiment analysis has been used to study aspects of software engineering, such as issue resolution, toxicity, and self-admitted technical debt. To address the peculiarities of software engineering texts, sentiment analysis tools often consider the specific technical lingo practitioners use. To further improve the application of sentiment analysis, there have been two recommendations: Using pre-trained transformer models to classify sentiment and replacing non-natural language elements with meta-tokens. In this work, we benchmark five different sentiment analysis tools (two pre-trained transformer models and three machine learning tools) on 2 gold-standard sentiment analysis datasets. We find that pre-trained transformers outperform the best machine learning tool on only one of the two datasets, and that even on that dataset the performance difference is a few percentage points. Therefore, we recommend that software engineering researchers should not just consider predictive performance when selecting a sentiment analysis tool because the best-performing sentiment analysis tools perform very similarly to each other (within 4 percentage points). Meanwhile, we find that meta-tokenization does not improve the predictive performance of sentiment analysis tools. Both of our findings can be used by software engineering researchers who seek to apply sentiment analysis tools to software engineering data.",2024.0,Empirical Software Engineering,empirical software engineering,A,Unknown,0.0,no_match,
99a260278448f0d16a4a32677cf5c76cafcb8fc5,Continuous Quality Improvement of AI-based Systems: the QualAI Project,"QualAI is a two-year project aimed at defining a set of recommenders to continuously monitor, assess, and improve the quality of AI-based systems, with a particular focus on machine learning (ML) applications. We will develop recommenders for the quality assurance of both data and ML models to enable practitioners to mitigate technical debt. Special attention will be paid to communication challenges that may arise in hybrid teams comprising data scientists and software developers. This paper presents the project outline, provides an executive summary of the research activities, outlines the expected project outcomes, and reports the results obtained to date.",2024.0,International Symposium on Empirical Software Engineering and Measurement,empirical software engineering and measurement,A,Unknown,0.0,no_match,
9ba8f69c7366b4aa113a6b3a7ca5102fd807b4df,DebtFree: minimizing labeling cost in self-admitted technical debt identification using semi-supervised learning,"Keeping track of and managing Self-Admitted Technical Debts (SATDs) is important for maintaining a healthy software project. Current active-learning SATD recognition tool involves manual inspection of 24% of the test comments on average to reach 90% of the recall. Among all the test comments, about 5% are SATDs. The human experts are then required to read almost a quintuple of the SATD comments which indicates the inefficiency of the tool. Plus, human experts are still prone to error: 95% of the false-positive labels from previous work were actually true positives. To solve the above problems, we propose DebtFree, a two-mode framework based on unsupervised learning for identifying SATDs. In mode1, when the existing training data is unlabeled, DebtFree starts with an unsupervised learner to automatically pseudo-label the programming comments in the training data. In contrast, in mode2 where labels are available with the corresponding training data, DebtFree starts with a pre-processor that identifies the highly prone SATDs from the test dataset. Then, our machine learning model is employed to assist human experts in manually identifying the remaining SATDs. Our experiments on 10 software projects show that both models yield statistically significant improvement in effectiveness over the state-of-the-art automated and semi-automated models. Specifically, DebtFree can reduce the labeling effort by 99% in mode1 (unlabeled training data), and up to 63% in mode2 (labeled training data) while improving the current active learner’s F1 relatively to almost 100%.",2022.0,Empirical Software Engineering,empirical software engineering,A,Unknown,0.0,no_match,
9c663db4ea4e513ce13497863e0043f5f7dcce84,What Affects the Growth of Military Enterprises in China: Research and Development?,"Sustainable growth of military enterprises is key to developing the national defense industry. Therefore, we selected the financial data of 90 military enterprises listed in China. Using the factor analysis method, we obtained the growth evaluation index from the four dimensions of profitability, debt repayment, operation, and R&D (research and development). The results show that R&D is the critical factor for the growth of military enterprises, and profitability is a short board. In the industrial field, the growth of military shipbuilding enterprises is better than that of other fields, mainly because of the high attention paid to R&D. Regarding the conversion of military-oriented enterprises to civilian production, this study emphasizes the importance of improving profitability and ensuring scientific research incentives. The results of this study are also consistent with the stock market performance of military-listed enterprises, which means that the higher the growth score, the better is the market performance. At the same time, the growth evaluation results of military enterprises have guiding significance for enterprises and market investors.",2022.0,IEEE Access,access,A,Unknown,0.0,no_match,
9d06d151f88f6e1a236590e8505a8bd1b1e07a9a,A Hybrid Approach for Predicting Corporate Financial Risk: Integrating SMOTE-ENN and NGBoost,"The financial condition of an enterprise is a critical factor in determining its viability and long-term prospects, and it also directly affects the interests of stakeholders such as investors and creditors. So extra attention is needed to evaluate and forecast the financial risk of an enterprise. This paper proposes a novel enterprise financial risk evaluation and prediction model integrating Synthetic Minority Over-sampling and Edited Nearest Neighbors (SMOTE-ENN) and Natural Gradient Boosting (NGBoost). The CRITIC-TOPSIS method is first employed to conduct a comprehensive evaluation of the financial risk of the listed companies based on their annual financial statements. Subsequently, the obtained evaluation results are subjected to a clustering analysis to categorize the companies into different levels of financial risk. To address the issue of imbalanced samples, the study introduces the SMOTE-ENN combined sampling method. This technique is applied to mitigate the imbalance in the number of samples across different categories. Lastly, NGBoost is utilized to develop a prediction model for corporate financial risk based on the clustered data. The analysis reveals that companies with low levels of financial risk typically exhibit a balanced financial profile, robust operational performance, and substantial growth potential. Conversely, companies with high levels of financial risk are characterized by weak profitability and debt-paying ability. The experimental findings show that the model has a 97.18% accuracy rate, thereby suggesting that the model is both reasonable and practicable.",2023.0,IEEE Access,access,A,Unknown,0.0,no_match,
9dce9b765e198731d2014c52fbb7abfe3eb836de,The influence of Technical Debt on software developer morale,"Context: Previous research in the Technical Debt (TD) field has mainly focused on the technical and economic aspects, while its human aspect has received minimal attention. Objective: This paper aims to understand how software developers’ morale is influenced by TD and how their morale is influenced by TD management activities. Furthermore, this study correlates the morale with the amount of wastage of time due to TD. Method: Firstly, we conducted 15 interviews with professionals, and, secondly, these data were complemented with a survey. Thirdly, we collected 473 data points from 43 developers reporting their amount of wasted time. The collected data were analyzed using both quantitative and qualitative techniques, including thematic and statistical analysis. Results: Our results show that the occurrence of TD is associated with a lack of progress and waste of time. This might have a negative influence on developers’ morale. Further, management of TD seems to have a positive influence on developers’ morale. Conclusions: The results highlight the effects TD has on practitioners’ software work. This study presents results indicating that software suffering from TD reduces developers’ morale and thereby also their productivity. However, our results also indicate that TD management increases developers’ morale and developer productivity.",2020.0,Journal of Systems and Software,journal of systems and software,A,Unknown,0.0,no_match,
aac17e0d9101b8269058d9accf4fc0d82af5aeb4,Uncovering Financial Statement Fraud: A Machine Learning Approach With Key Financial Indicators and Real-World Applications,"Financial statement fraud is a serious threat to the stability of the financial market. Therefore, effective detection methods are crucial to prevent significant losses to investors and damage to companies’ reputations. This study aims to explore the performance of different machine learning models in identifying financial statement fraud, and to analyze the impact of key financial indicators on the model performance. The study adopts the data of financial statement frauds disclosed by SEC for the period 2016-2019 (disclosed between 2021-2023), selects fifteen financial indicators as features and applies five classification models, including Decision Tree, Logistic Regression, Support Vector Machine, Random Forest, and Extreme Gradient Boosting, for training and testing. To address the issue of data imbalance, the Synthetic Minority Oversampling Technique (SMOTE) is employed. The results indicate that Extreme Gradient Boosting and SVM outperform other models in financial fraud identification, though SVM shows some risk of overfitting. Random Forest exhibits relatively stable performance. At the financial indicator level, IBD/TIC (Interest-Bearing Debt/Total Invested Capital), QR (Quick Ratio), APTR (Accounts Payable Turnover Ratio), GP (Goodwill Proportion), and GW(Goodwill) have a greater impact on the identification results of most models, reflecting their important roles in identifying financial fraud. This study’s contribution focuses on the interpretability of key financial indicators enhances model transparency, providing actionable insights for real-world fraud detection applications. The findings of this study contribute to the development of more effective financial statement fraud detection systems, and provide valuable insights for auditors, financial analysts, and regulators. By integrating model performance with indicator-level analysis, this research bridges theoretical advancements with practical implementation.",2024.0,IEEE Access,access,A,Unknown,0.0,no_match,
ab770890836502e3d8725b44e969f042d7e91ba3,Balancing Explainability and Privacy in Bank Failure Prediction: A Differentially Private Glass-Box Approach,"Predicting bank failures is a critical task requiring balancing the need for model explainability with the necessity of preserving data privacy. Traditional machine learning models often lack transparency, which poses challenges for stakeholders who need to understand the factors leading to predictions. In this study, we employ differentially private glass-box models, namely Explainable Boosting Machine (EBM) and Neural Additive Models (NAM), to address these issues. We analyzed data from 21,243 American banks spanning from 1969 to 2021, focusing on key financial ratios. By applying Differential Privacy (DP) to these models, we aimed to protect sensitive financial data while evaluating the trade-offs between privacy, accuracy, and explainability. Our main findings are as follows: 1) In the absence of privacy constraints, the models consistently identified Asset Turnover, Total Debt / Invested Capital, and ROE ratios as the most influential factors in predicting bank failure, in that order; 2) When the privacy budget $\epsilon \leq 1$ , only EBM maintained significant performance; 3) The reduction in explainability due to privacy protection was more pronounced for variables with initially lower explanatory power, while Asset Turnover retained its explanatory power even at $\epsilon = 0.01$ . These findings provide valuable insights for banks, policymakers, and investors, suggesting that glass-box models can offer a promising solution for reliable and explainable bank failure prediction under privacy constraints.",2025.0,IEEE Access,access,A,Unknown,0.0,no_match,
acf1a5a4fa8988cb602fd5e16a3650357533d40e,Massive-Scale Graph Mining Technique for Entrepreneurial Debt Analysis,"Investigating credit risk in contemporary entrepreneurial debt analysis is the key for maintaining financial stability. Entrepreneurial debt management, facilitated by innovative financing models, is significant in fostering economic as well as social development. However, due to certain imperfections in these financial systems, this model is exposed to considerable risks. To precisely predict the risk level of each entrepreneurial debt, this paper presents a novel methodology combining a massive-scale affinity graph construction and efficient subgraph mining for categorizing each entrepreneurial debt into one of the multiple debt-level subgraphs. This approach marks a substantial contribution to the advancement and generalization of entrepreneurial debt management systems. For extensively testifying our approach, we collected a huge data set containing entrepreneurial debt information from nearly 1.41 million company with different sizes throughout the world. Our experimental results showed that our designed method achieves an impressive 97.93% accuracy in predict different risk levels in entrepreneurial debt management, highlighting its efficacy and potential for broad implementation.",2024.0,IEEE Access,access,A,Unknown,0.0,no_match,
b5c65d4267f5a0b5b3c76163e31c1517b11fcab0,Qualitative Clustering of Software Repositories Based on Software Metrics,"Software repositories contain a wealth of information about the aspects related to software development process. For this reason, many studies analyze software repositories using methods of data analytics with a focus on clustering. Software repository clustering has been applied in studying software ecosystems such as GitHub, defect and technical debt prediction, software remodularization. Although some interesting insights have been reported, the considered studies exhibited some limitations. The limitations are associated with the use of individual clustering methods and manifesting in the shortcomings of the obtained results. In this study, to alleviate the existing limitations we engage multiple cluster validity indices applied to multiple clustering methods and carry out consensus clustering. To our knowledge, this study is the first to apply the consensus clustering approach to analyze software repositories and one of the few to apply the consensus clustering to software metrics. Intensive experimental studies are reported for software repository metrics data consisting of a number of software repositories each described by software metrics. We revealed seven clusters of software repositories and relate them to developers’ activity. It is advocated that the proposed clustering environment could be useful for facilitating the decision making process for business investors and open-source community with the help of the Gartner’s hype cycle.",2023.0,IEEE Access,access,A,Unknown,0.0,no_match,
b63ddd2d4899187bffc74f62901279c007014f28,Loss given default decomposition using mixture distributions of in-default events,"Abstract Modeling loss in the case of default is a crucial task for financial institutions to support the decision making process in the risk management framework. It has become an inevitable part of modern debt collection strategies to keep promising loans on the banking book and to write off those that are not expected to be recovered at a satisfactory level. Research tends to model Loss Given Default directly or to decompose it based on the dependent variable distribution. Such an approach neglects the patterns which exist beneath the recovery process and are mainly driven by the activities made by collectors in the event of default. To overcome this problem, we propose a decomposition of the LGD model that integrates cures, partial recoveries, and write-offs into one equation, defined based on common collection strategies. Furthermore, various levels of data aggregation are applied to each component to reflect the domain that influences each stage of the default process. To assess the robustness of our approach, we propose a comparison with two benchmark models on two different datasets. We assess the goodness of fit on out-of-sample data and show that the proposed decomposition is more effective than state-of-the-art methods, maintaining a strong level of interpretability.",2020.0,European Journal of Operational Research,european journal of operational research,A,Controlled Experiment,1.0,,\bdependent variables?\b
b9b4c10555cb95554edc87b2adf380c1724009e7,Intelligent Fraud Detection in Financial Statements Using Machine Learning and Data Mining: A Systematic Literature Review,"Fraudulent financial statements (FFS) are the results of manipulating financial elements by overvaluing incomes, assets, sales, and profits while underrating expenses, debts, or losses. To identify such fraudulent statements, traditional methods, including manual auditing and inspections, are costly, imprecise, and time-consuming. Intelligent methods can significantly help auditors in analyzing a large number of financial statements. In this study, we systematically review and synthesize the existing literature on intelligent fraud detection in corporate financial statements. In particular, the focus of this review is on exploring machine learning and data mining methods, as well as the various datasets that are studied for detecting financial fraud. We adopted the Kitchenham methodology as a well-defined protocol to extract, synthesize, and report the results. Accordingly, 47 articles were selected, synthesized, and analyzed. We present the key issues, gaps, and limitations in the area of fraud detection in financial statements and suggest areas for future research. Since supervised algorithms were employed more than unsupervised approaches like clustering, the future research should focus on unsupervised, semi-supervised, as well as bio-inspired and evolutionary heuristic methods for anomaly (fraud) detection. In terms of datasets, it is envisaged that future research making use of textual and audio data. While imposing new challenges, this unstructured data deserves further study as it can show interesting results for intelligent fraud detection.",2021.0,IEEE Access,access,A,Systematic Literature Review,1.0,,\bsystematic literature review\b; \bkitchenham\b
c06bea1823f228476f3113f8dda6ead6afdc68bc,Measuring affective states from technical debt,"Software engineering is a human activity. Despite this, human aspects are under-represented in technical debt research, perhaps because they are challenging to evaluate. This study’s objective was to investigate the relationship between technical debt and affective states (feelings, emotions, and moods) from software practitioners. Forty participants (N = 40) from twelve companies took part in a mixed-methods approach, consisting of a repeated-measures (r = 5) experiment (n = 200), a survey, and semi-structured interviews. From the qualitative data, it is clear that technical debt activates a substantial portion of the emotional spectrum and is psychologically taxing. Further, the practitioners’ reactions to technical debt appear to fall in different levels of maturity. The statistical analysis shows that different design smells (strong indicators of technical debt) negatively or positively impact affective states. We argue that human aspects in technical debt are important factors to consider, as they may result in, e.g., procrastination, apprehension, and burnout.",2020.0,Empirical Software Engineering,empirical software engineering,A,Position Paper,1.0,,\bwe argue\b
cd5da70eb90dc48f39fbfa4b429fe537e211fb71,A Composed Technical Debt Identification Methodology to Predict Software Vulnerabilities,"Technical debt (TD), its impact on development and its consequences such as defects and vulnerabilities, are of common interest and great importance to software researchers and practitioners. Although there exist many studies investigating TD, the majority of them focuses on identifying and detecting TD from a single stage of development. There are also studies that analyze vulnerabilities focusing on some phases of the life cycle. Moreover, several approaches have investigated the relationship between TD and vulnerabilities, however, the generalizability and validity of findings are limited due to small dataset. In this study, we aim to identify TD through multiple phases of development, and to automatically measure it through data and text mining techniques to form a comprehensive feature model. We plan to utilize neural network based classifiers that will incorporate evolutionary changes on TD measures into predicting vulnerabilities. Our approach will be empirically assessed on open source and industrial projects.",2020.0,2020 IEEE/ACM 42nd International Conference on Software Engineering: Companion Proceedings (ICSE-Companion),software engineering,A*,Unknown,0.0,no_match,
ce42bc53c04e8785c4d3f24f6de0881543189a8b,A comprehensive overview of software product management challenges,"The principal focus of software product management is to ensure the economic success of the product, which means to prolong the product life as much as possible with modest expenditures to maximizs profits. Software product managers play an important role in the software development organization while being responsible for the strategy, business case, product roadmap, high-level requirements, product deployment (release-management), and retirement plan. This article explores the problems that affect the software product management process, their perceived frequency and perceived severity. The data were collected by a systematic literature review (5 main databases were analyzed), interviews (10 software product managers from IT companies), and surveys (89 participants). 95 software product management problems assigned nonexclusively to 7 areas were identified. 27 commonly mentioned software product management problems were evaluated for their perceived frequency and perceived severity. The problems perceived as the most frequent are: determining the true value of the product that the customer needs, strategy and priorities change frequently, technical debt, working in silos, and balancing between reactive and proactive work. In total, 95 problems have been identified which have been narrowed down to 27 problems based on their occurrence in at least 3 interviews. These selected problems were prioritized by perceived frequency and perceived severity. Some of the identified problems spanned beyond the software product management process itself, but they all affect the work of software product managers.",2022.0,Empirical Software Engineering,empirical software engineering,A,Unknown,0.0,tie:Systematic Literature Review|Position Paper,\broadmap\b; \bsystematic literature review\b
d07a2a67a919b391a6a94708b239e7bbf61cc4b5,Pushing ML Predictions into DBMSs (Extended Abstract),"We explore the use of Relational Database Manage-ment Systems to reduce technical debt in Machine Learning de-ployments, specifically focusing on in-DBMS prediction serving. We evaluate the performance of ML pipelines in Sklearn and ML.NET against their SQL counterparts executed on MySQL and SQL Server. Results suggest comparable performance when data resides in the database, indicating the potential feasibility of executing prediction processes directly in SQL on DBMSs.",2024.0,IEEE International Conference on Data Engineering,data engineering,A*,Unknown,0.0,no_match,
d7a5711ce0d0e88b04c11ad309840aa9080e1d02,A Novel Hybrid Model for Loan Default Prediction in Maritime Finance Based on Topological Data Analysis and Machine Learning,"The global shipping industry, pivotal to international trade, faces inherent financial vulnerabilities due to cyclical asset values, volatile freight rates, and high leverage, rendering traditional credit risk models inadequate. This study proposes a novel framework integrating topological data analysis (TDA) and machine learning (ML) to enhance default prediction in maritime finance. By constructing correlation-based networks of shipping firms and extracting topological persistence features, such as cyclical trends and structural interdependencies, via Vietoris-Rips complexes, the model captures nonlinear risk patterns overlooked by conventional metrics. Network properties (e.g., centrality, clustering) and financial indicators (loan terms, vessel attributes, economic indices) are synthesized, enabling Graph Neural Networks (GNNs) to leverage relational and topological insights. Evaluated on a dataset of shipping loans spanning financial, operational, and macroeconomic variables, the TDA-enhanced models demonstrate significant improvements: logistic regression accuracy rose from 62.8% to 85.1%. At the same time, ROC-AUC for SVM and XGBoost reached 0.931 and 0.973, respectively. Key features like loan amount, vessel age, and debt-to-equity ratios exhibited strong correlations with defaults. Results underscore that incorporating TDA-derived persistence features improves early detection of financial distress, particularly in capturing systemic risks from interconnected market shocks. This hybrid approach offers a robust tool for lenders and policymakers to mitigate defaults in a sector critical to global commerce.",2025.0,IEEE Access,access,A,Unknown,0.0,no_match,
dd7b5e28d15850187a00d8c135114f4b9390c490,Prediction Defaults for Networked-guarantee Loans,"Networked-guarantee loans may cause the systemic risk related concern of the government and banks in China. The prediction of default of enterprise loans is a typical extremely imbalanced prediction problem, and the networked-guarantee make this problem more difficult to solve. Since the guaranteed loan is a debt obligation promise, if one enterprise in the guarantee network falls into a financial crisis, the debt risk may spread like a virus across the guarantee network, even lead to a systemic financial crisis. In this paper, we propose an imbalanced network risk diffusion model to forecast the enterprise default risk in a short future. Positive weighted k-nearest neighbors (p-wkNN) algorithm is developed for the stand-alone case - when there is no default contagious; then a data-driven default diffusion model is integrated to further improve the prediction accuracy. We perform the empirical study on a real-world three-years loan record from a major commercial bank. The results show that our proposed method outperforms conventional credit risk methods in terms of AUC. In summary, our quantitative risk evaluation model shows promising prediction performance on real-world data, which could be useful to both regulators and stakeholders.",2017.0,International Conference on Pattern Recognition,pattern recognition,A*,Empirical Study,1.0,,\bempirical study\b
df6f272f6127fb2d844f20bde4803354dd9efe8e,Efficient Variational Bayes Learning of Graphical Models With Smooth Structural Changes,"Estimating a sequence of dynamic undirected graphical models, in which adjacent graphs share similar structures, is of paramount importance in various social, financial, biological, and engineering systems, since the evolution of such networks can be utilized for example to spot trends, detect anomalies, predict vulnerability, and evaluate the impact of interventions. Existing methods for learning dynamic graphical models require the tuning parameters that control the graph sparsity and the temporal smoothness to be selected via brute-force grid search. Furthermore, these methods are computationally burdensome with time complexity <inline-formula><tex-math notation=""LaTeX"">$\mathcal {O}(NP^3)$</tex-math><alternatives><mml:math><mml:mrow><mml:mi mathvariant=""script"">O</mml:mi><mml:mo>(</mml:mo><mml:mi>N</mml:mi><mml:msup><mml:mi>P</mml:mi><mml:mn>3</mml:mn></mml:msup><mml:mo>)</mml:mo></mml:mrow></mml:math><inline-graphic xlink:href=""yu-ieq1-3140886.gif""/></alternatives></inline-formula> for <inline-formula><tex-math notation=""LaTeX"">$P$</tex-math><alternatives><mml:math><mml:mi>P</mml:mi></mml:math><inline-graphic xlink:href=""yu-ieq2-3140886.gif""/></alternatives></inline-formula> variables and <inline-formula><tex-math notation=""LaTeX"">$N$</tex-math><alternatives><mml:math><mml:mi>N</mml:mi></mml:math><inline-graphic xlink:href=""yu-ieq3-3140886.gif""/></alternatives></inline-formula> time points. As a remedy, we propose a low-complexity tuning-free Bayesian approach, named BASS. Specifically, we impose temporally dependent spike and slab priors on the graphs such that they are sparse and varying smoothly across time. An efficient variational inference algorithm based on natural gradients is then derived to learn the graph structures from the data in an automatic manner. Owing to the pseudo-likelihood and the mean-field approximation, the time complexity of BASS is only <inline-formula><tex-math notation=""LaTeX"">$\mathcal {O}(NP^2)$</tex-math><alternatives><mml:math><mml:mrow><mml:mi mathvariant=""script"">O</mml:mi><mml:mo>(</mml:mo><mml:mi>N</mml:mi><mml:msup><mml:mi>P</mml:mi><mml:mn>2</mml:mn></mml:msup><mml:mo>)</mml:mo></mml:mrow></mml:math><inline-graphic xlink:href=""yu-ieq4-3140886.gif""/></alternatives></inline-formula>. To cope with the local maxima problem of variational inference, we resort to simulated annealing and propose a method based on bootstrapping of the observations to generate the annealing noise. We provide numerical evidence that BASS outperforms existing methods on synthetic data in terms of structure estimation, while being more efficient especially when the dimension <inline-formula><tex-math notation=""LaTeX"">$P$</tex-math><alternatives><mml:math><mml:mi>P</mml:mi></mml:math><inline-graphic xlink:href=""yu-ieq5-3140886.gif""/></alternatives></inline-formula> becomes high. We further apply the approach to the stock return data of 78 banks from 2005 to 2013 and find that the number of edges in the financial network as a function of time contains three peaks, in coincidence with the 2008 global financial crisis and the two subsequent European debt crisis. On the other hand, by identifying the frequency-domain resemblance to the time-varying graphical models, we show that BASS can be extended to learning frequency-varying inverse spectral density matrices, and further yields graphical models for multivariate stationary time series. As an illustration, we analyze scalp EEG signals of patients at the early stages of Alzheimer’s disease (AD) and show that the brain networks extracted by BASS can better distinguish between the patients and the healthy controls.",2020.0,IEEE Transactions on Pattern Analysis and Machine Intelligence,transactions on pattern analysis and machine intelligence,A*,Unknown,0.0,no_match,
e972a595cabdf9dcb6f7bcf1b7f0131ae7d2d8f1,Feature Enhanced Ensemble Modeling With Voting Optimization for Credit Risk Assessment,"Machine learning methods have gained widespread utilization in small and micro enterprise credit risk assessment. However, the practical application of these methods encounters a conundrum involving accuracy and interpretability. In this study, a multi-stage ensemble model is proposed to enhance the model’s interpretability. To strengthen predictive portraits, a multi-feature enhancement method is proposed to integrate non-financial behavioral information and soft information on credit rating into the annual loan ledger data, thereby bolstering the explanatory capacity of the features. To rectify the issue of data imbalance and avoid information loss, a new bagging-based oversampling method is proposed to oversample the minority class samples in multiple parallelized subsets divided by the bagging strategy. To unleash the performance potential of base classifiers, a new voting-weight optimization method is proposed to optimize the soft voting weights of the candidate base classifiers. The experiment results of an annual loan ledger dataset of a commercial bank in China (with an accuracy of 97.9%, an area under the curve of 0.97, a logistic loss of 0.07, a Brier score of 0.01, and a Kolmogorov-Smirnov statistic of 0.38) and the other five public datasets indicating excellent model fit. By focusing on the widespread soft information and data structures characteristic of SME loan risk assessment data, an additional SHAP model explanation method enhances interpretability. This method reveals that the enhanced ‘debt-to-income ratio,’ along with non-financial behavioral information and features derived from soft information, are essential for predicting loan defaults. Such enhancements help to alleviate the issue of information asymmetry in SME loan risk assessment.",2024.0,IEEE Access,access,A,Unknown,0.0,no_match,
e990cd4e466cde1b301d76999deff43ba5d6f2bc,Fairness-aware Multi-view Clustering,"In the era of big data, we are often facing the challenge of data heterogeneity and the lack of label information simultaneously. In the financial domain (e.g., fraud detection), the heterogeneous data may include not only numerical data (e.g., total debt and yearly income), but also text and images (e.g., financial statement and invoice images). At the same time, the label information (e.g., fraud transactions) may be missing for building predictive models. To address these challenges, many state-of-the-art multi-view clustering methods have been proposed and achieved outstanding performance. However, these methods typically do not take into consideration the fairness aspect and are likely to generate biased results using sensitive information such as race and gender. Therefore, in this paper, we propose a fairness-aware multi-view clustering method named FairMVC. It incorporates the group fairness constraint into the soft membership assignment for each cluster to ensure that the fraction of different groups in each cluster is approximately identical to the entire data set. Meanwhile, we adopt the idea of both contrastive learning and non-contrastive learning and propose novel regularizers to handle heterogeneous data in complex scenarios with missing data or noisy features. Experimental results on real-world data sets demonstrate the effectiveness and efficiency of the proposed framework. We also derive insights regarding the relative performance of the proposed regularizers in various scenarios.",2023.0,SDM,sdm,A,Unknown,0.0,no_match,
ee0a530811b1e8e2a1db6a6ffa2bc48a7c060914,IT managers' perspective on Technical Debt Management,": The proposed talk is based on an article published in the Journal of Software and Systems in 2023 [WB23]. Technical Debt (TD) is a term for software solutions that are beneficial in the short term but impede future change. Previous research on TD indicates various management-related causes. We analyze the perspective of IT managers on TD since they usually have a major influence on deadlines, the project’s budget, and setting up a TD management (TDM) process. To achieve this, we obtained and analyzed data from 16 semi-structured interviews and a three-person focus group discussion. We found that all IT managers understood the TD concept. They considered TDM to be an essential topic, though almost none of them had set up a TDM process so far. We identified three major IT managers’ concerns regarding TDM: communicating about TD, establishing a TDM process, and dealing with vintage systems, i.e., old legacy systems. We developed a model specifying causes and consequences visible to business stakeholders, causal chains, and vicious cycles. Our research identifies new research gaps and demonstrates to practitioners that investing in a TDM process may be beneficial. It provides the V4CTD model of Visibility, Cycles & Chains of Causes & Consequences of TD , which extends the TD conceptual model and facilitates communication on TD with business stakeholders.",2023.0,Journal of Systems and Software,journal of systems and software,A,Theoretical Contribution,1.0,,\bconceptual model\b
f245a83bd6d2f7f89934442c92488b85fdff7b8a,Multi-task Envisioning Transformer-based Autoencoder for Corporate Credit Rating Migration Early Prediction,"Corporate credit ratings issued by third-party rating agencies are quantified assessments of a company's creditworthiness. Credit Ratings highly correlate to the likelihood of a company defaulting on its debt obligations. These ratings play critical roles in investment decision-making as one of the key risk factors. They are also central to the regulatory framework such as BASEL II in calculating necessary capital for financial institutions. Being able to predict rating changes will greatly benefit both investors and regulators alike. In this paper, we consider the corporate credit rating migration early prediction problem, which predicts the credit rating of an issuer will be upgraded, unchanged, or downgraded after 12 months based on its latest financial reporting information at the time. We investigate the effectiveness of different standard machine learning algorithms and conclude these models deliver inferior performance. As part of our contribution, we propose a new Multi-task Envisioning Transformer-based Autoencoder (META) model to tackle this challenging problem. META consists of Positional Encoding, Transformer-based Autoencoder, and Multi-task Prediction to learn effective representations for both migration prediction and rating prediction. This enables META to better explore the historical data in the training stage for one-year later prediction. Experimental results show that META outperforms all baseline models.",2022.0,Knowledge Discovery and Data Mining,knowledge discovery and data mining,A*,Unknown,0.0,no_match,
f862ef42927504eeedd3f491327f267aba7db53c,Software Security Specifications and Design: How Software Engineers and Practitioners Are Mixing Things up,"Huge numbers of worldwide-deployed software suffer from poor quality and possess vulnerabilities with serious impact. Meanwhile, people are using such software to save and manage their valuable information including their monetary data. This has increased the hackers' appetite to attack software. Henceforth, researchers and practitioners are convinced that software security is not an added value or a gold-plating need. Consequently, security requirements specification and implementation become vital during the software development process. Unfortunately, researchers and practitioners are doing so in a rush. This has made them mix concepts and practices up in a way that can terribly make the problem of delivering software overdue more chronic which will result in a security and technical debt. This research represents a corrective study that sheds light on what has been achieved in analyzing and designing secure software and what are the problems committed and how to handle them.",2020.0,International Conference on Evaluation & Assessment in Software Engineering,evaluation and assessment in software engineering,A,Unknown,0.0,no_match,
fbf29e4b32450e2a9b32358f066cf8d808ee4632,Sentiment of Technical Debt Security Questions on Stack Overflow: A Replication Study,"Technical debt (TD) refers to the accumulation of negative consequences resulting from sub-optimal solutions during software development. A recent paper by Edbert et al. studied the difference between security-related TD questions, and security-related non- TD questions on Stack Overflow (SO). One of the characteristics under investigation is the sentiment expressed in these two categories as sentiment provides insight into developers' attitudes and emotions toward security-related TD. To this end, Edbert et al. used a general-purpose, off-the-shelf, sentiment analysis tool. However, previous research has shown that general-purpose off-the-shelf sentiment tools are potentially unreliable when applied to software engineering texts. Therefore, we replicate the study by Edbert et al. using state-of-the-art sentiment analysis tools purpose-built and fine-tuned on SE data, to understand whether and how tool-choice influences the obtained results. We consider both shallow (Senti4SD) and deep learning (BERT4SentiSE) tools. To further understand the differences between shallow and deep-learning sentiment analysis tools, we perform a qualitative analysis into the underlying reasons for tools disagreement. We identify five categories of disagreements: misunderstanding context, courtesy phrases, subjective sentiment, brevity, and divergent examples. Our results are relevant to academics, reiterating the relevance of careful selection of tools used to perform sentiment analysis. Furthermore, the results are relevant to users and developers of sentiment analysis tools, as they inform tool selection dependent on the application domain, and provide insight into optimization of the pre-processing steps. Finally, our study shows that retraining sentiment analysis tools with identical data fails to resolve fundamental inconsis-tencies between how certain types of language, such as courtesy phrases, are classified.",2024.0,"IEEE International Conference on Software Analysis, Evolution, and Reengineering",software analysis evolution and reengineering,A,Unknown,0.0,no_match,
014a1525ddbc7d8884617983c939495996037329,Cultural and Socio-Technical Aspects in Software Development,"Software development is essentially a collaborative, socio-technical endeavor where the interplay between stakeholders and technical elements is integral. This synergy becomes particularly crucial in the context of geographically dispersed teams, a practice that is becoming more prevalent. Despite the ubiquity of this nature, the current body of research in Global Software Development (GSD) encounters limitations, rendering the attained results less accessible for practical implementation by industry professionals. Moreover, the role of social debt, the additional cost derived by adopting socio-technical anti-patterns, in GSD still needs to be deepened. This Ph.D. research project aims to surmount these challenges by constructing a robust theoretical foundation for effectively managing socio-technical aspects—particularly in the form of factors related to social debt—in software development, with a keen focus on their correlation with cultural differences within software teams. The framework systematically captures and examines cultural differences, investigating their ramifications on various facets of software development while exploring practical strategies employed by practitioners to navigate these influences. Furthermore, the project aspires to make substantial contributions to the professional software development realm by translating research findings into tangible tools for practitioners. This framework is designed not only for immediate application but also to facilitate project success through heightened cultural awareness and adaptability. Ultimately, it strives to enhance the well-being of developers working in inclusive and culturally diverse environments.",2024.0,International Conference on Evaluation & Assessment in Software Engineering,evaluation and assessment in software engineering,A,Unknown,0.0,no_match,
01c0d4e70a472898808e4fc98f8aaf0aae3a96ae,Pricing for Routing and Flow-Control in Payment Channel Networks,"A payment channel network is a blockchain-based overlay mechanism that allows parties to transact more efficiently than directly using the blockchain. These networks are composed of payment channels that carry transactions between pairs of users. Due to its design, a payment channel cannot sustain a net flow of money in either direction indefinitely. Therefore, a payment channel network cannot serve transaction requests arbitrarily over a long period of time. We introduce DEBT control, a joint routing and flow-control protocol that guides a payment channel network towards an optimal operating state for any steady-state demand. In this protocol, each channel sets a price for routing transactions through it. Transacting users make flow-control and routing decisions by responding to these prices. A channel updates its price based on the net flow of money through it. We develop the protocol by formulating a network utility maximization problem and solving its dual through gradient descent. We provide convergence guarantees for the protocol and also illustrate its behavior through simulations.",2024.0,IEEE Transactions on Networking,transactions on networking,A*,Unknown,0.0,no_match,
034408a3b7cb73f4d2c85be910bd81adf9fbbd12,Business-Driven Technical Debt Prioritization,"Technical debt happens when teams take shortcuts on software development to gain short-term benefits at the cost of making future changes more expensive. Previous results show that there is a misalignment between the prioritization done by technical professionals and the prioritization expected by business ones. This paper presents a business-driven approach to prioritize technical debt items. The research is organized into four phases: exploratory, to identify the research focus; concept verification, where the proposed approach was evaluated on a multi-case study; solution, where a design science research was conducted to develop Tracy, a framework for technical debt prioritization; and validation. Results so far show that the business-driven prioritization of technical debt items can improve the alignment and communication between the technical and business stakeholders.",2019.0,IEEE International Conference on Software Maintenance and Evolution,software maintenance and evolution,A,Case Study,1.0,,\bcase study\b; \b(?:multiple|multi)[- ]case study\b
051c3b5b4cdbddc215ccb0717d6f783c86f8a870,PromptDebt: A Comprehensive Study of Technical Debt Across LLM Projects,"Large Language Models (LLMs) are increasingly embedded in software via APIs like OpenAI, offering powerful AI features without heavy infrastructure. Yet these integrations bring their own form of self-admitted technical debt (SATD). In this paper, we present the first large-scale empirical study of LLM-specific SATD: its origins, prevalence, and mitigation strategies. By analyzing 93,142 Python files across major LLM APIs, we found that 54.49% of SATD instances stem from OpenAI integrations and 12.35% from LangChain use. Prompt design emerged as the primary source of LLM-specific SATD, with 6.61% of debt related to prompt configuration and optimization issues, followed by hyperparameter tuning and LLM-framework integration. We further explored which prompt techniques attract the most debt, revealing that instruction-based prompts (38.60%) and few-shot prompts (18.13%) are particularly vulnerable due to their dependence on instruction clarity and example quality. Finally, we release a comprehensive SATD dataset to support reproducibility and offer practical guidance for managing technical debt in LLM-powered systems.",2025.0,International Conference on Evaluation & Assessment in Software Engineering,evaluation and assessment in software engineering,A,Empirical Study,1.0,,\bempirical study\b
0b05512497202a0ecb8f7df94838e89b5cfaabba,Digital Nudging for Technical Debt Management: Insights from a Technology-driven Organization,"Today’s fast-growing and ever-changing business environments force software development teams to release high-quality software on a tight schedule. The notion of technical debt (TD) captures the technical compromises wherein software quality is sacrificed for short-term goals. One of the most significant challenges for technical debt management (TDM) is time as a factor of complexity. TD arises from decisions that are favorable in the short term but cause a need for complex and costly actions in the long term. Building on the applications of nudges – the use of small design modifications in choice environments to guide people’s behavior – and on their psychological effects, in this design science research we develop and evaluate design elements of a Technical Debt Management Label (as a TDM nudge) in a technology-driven organization. The TDM label aims to guide software developers’ decisions towards adopting TDM activities that are favorable in the long term.",2021.0,Hawaii International Conference on System Sciences,hawaii international conference on system sciences,A,Unknown,0.0,no_match,
13bb7ac99a70c1ce2a01a1b52ad0c1f1fb1d7106,An exploratory study on the introduction and removal of different types of technical debt in deep learning frameworks,"To complete tasks faster, developers often have to sacrifice the quality of the software. Such compromised practice results in the increasing burden to developers in future development. The metaphor, technical debt, describes such practice. Prior research has illustrated the negative impact of technical debt, and many researchers investigated how developers deal with a certain type of technical debt. However, few studies focused on the removal of different types of technical debt in practice. To fill this gap, we use the introduction and removal of different types of self-admitted technical debt (i.e., SATD) in 7 deep learning frameworks as an example. This is because deep learning frameworks are some of the most important software systems today due to their prevalent use in life-impacting deep learning applications. Moreover, the field of the development of different deep learning frameworks is the same, which enables us to find common behaviors on the removal of different types of technical debt across projects. By mining the file history of these frameworks, we find that design debt is introduced the most along the development process. As for the removal of technical debt, we find that requirement debt is removed the most, and design debt is removed the fastest. Most of test debt, design debt, and requirement debt are removed by the developers who introduced them. Based on the introduction and removal of different types of technical debt, we discuss the evolution of the frequencies of different types of technical debt to depict the unresolved sub-optimal trade-offs or decisions that are confronted by developers along the development process. We also discuss the removal patterns of different types of technical debt, highlight future research directions, and provide recommendations for practitioners.",2021.0,Empirical Software Engineering,empirical software engineering,A,Empirical Study,1.0,,\bexploratory study\b
2733e6f4a0514735e3fadd33189d0db29783fb47,Exploiting Group Shuffling Dynamics to Convey the Importance of Good Software Design,"Analysis, modeling and design activities are integral parts of any modern software development project. However, educators often struggle in convincing undergraduate students of their value. Grasping the importance of good software design requires a certain maturity that is not yet attained in the first years of a computer science curriculum. In this study, we introduce group shuffling dynamics to a formal software design course to convey the importance of these concepts by exposing students to the experience of switching groups mid-semester. This grants a whole new perspective on the matter as the cost of managing technical debt is felt when the respective developers leave, and modeling artifacts become pivotal in aiding the incorporation of new team members. This short paper presents our first experience while implementing this methodology and shares our preliminary results derived from a first set of interviews with our students.",2020.0,2020 IEEE/ACM 42nd International Conference on Software Engineering: Software Engineering Education and Training (ICSE-SEET),software engineering,A*,Unknown,0.0,no_match,
2d2492dfa37ed5e11ad9ed32e9427d365c85fa9c,Automated detection of algorithm debt in deep learning frameworks: an empirical study,"Expedient design choices in software development can lead to Technical Debt (TD), with development teams documenting such decisions as Self-Admitted TD (SATD). Algorithm Debt (AD) is a type of TD resulting from the suboptimal implementation of algorithms, which impacts system performance. Given the impact of AD, its automated detection is crucial in Deep Learning (DL) frameworks due to their complexity and evolution. Early detection of AD in DL frameworks can help mitigate model degradation and scalability issues. Despite previous studies on the automated detection of TD from SATD using Machine Learning (ML)/DL models, research on AD detection in DL frameworks remains underexplored. In this study, we empirically investigated the performance of ML/DL models for the automated detection of AD using a dataset of 38, 881 SATD comments from seven DL frameworks. We trained, evaluated, and tested ML/DL models, used embeddings from both DL and large language models, and explored an approach to enrich the dataset with handcrafted features based on AD-related keywords. Our findings reveal that AD is frequently misclassified as Design or Implementation Debt. Logistic Regression (an ML model) with Custom AD Features, achieved an F1-score of 54% for AD, outperforming other ML/DL models (42% to 52%), highlighting the importance of tailored feature engineering. Our research advances automated AD detection in DL frameworks by providing insights into the strengths and limitations of ML/DL models, serving as a first step to guide future tool development. This could help developers using DL frameworks to identify AD issues during development, thereby enhancing system reliability by mitigating model degradation and scalability challenges.",2024.0,Empirical Software Engineering,empirical software engineering,A,Empirical Study,1.0,,\bempirical study\b
305a6a45004aa02468779c37111ec149be0deec5,Temporal Discounting in Software Engineering: A Replication Study,"Background: Many decisions made in Software Engineering practices are intertemporal choices: trade-offs in time between closer options with potential short-term benefit and future options with potential long-term benefit. However, how software professionals make intertemporal decisions is not well understood. Aim: This paper investigates how shifting time frames influence preferences in software projects in relation to purposefully selected background factors. Method: We investigate temporal discounting by replicating a questionnaire-based observational study. The replication uses a changed-population and -experimenter design to increase the internal and external validity of the original results. Results: The results of this study confirm the occurrence of temporal discounting in samples of both professional and student participants from different countries and demonstrate strong variance in discounting between study participants. We found that professional experience influenced discounting. Participants with broader professional experience exhibited less discounting than those with narrower experience. Conclusions: The results provide strong empirical support for the relevance and importance of temporal discounting in SE and the urgency of targeted interdisciplinary research to explore the underlying mechanisms and their theoretical and practical implications. The results suggest that technical debt management could be improved by increasing the breadth of experience available for critical decisions with long-term impact. In addition, the present study provides a methodological basis for replicating temporal discounting studies in software engineering.",2019.0,International Symposium on Empirical Software Engineering and Measurement,empirical software engineering and measurement,A,Unknown,0.0,tie:Survey|Empirical Study,\bobservational study\b; \bquestionnaire\b
3e78439618437ddf1a7554166d7423757d262a47,DebtCom: Technical Debt-Aware Service Recomposition in SaaS Cloud,"Given the changing workloads from the tenants, it is not uncommon for a service composition running in the multi-tenant SaaS cloud to encounter under-utilization and over-utilization on the component services. Both cases are undesirable and it is therefore nature to mitigate them by recomposing the services to a newly optimized composition plan once they have been detected. However, this ignores the fact that under-/over-utilization can be merely caused by temporary effects, and thus the advantages may be short-term, which hinders the long-term benefits that could have been created by the original composition plan, while generating unnecessary overhead and disturbance via recomposition. In this article, we propose DebtCom, a framework that determines whether to trigger recomposition based on the technical debt metaphor and time-series prediction of workload. In particular, we propose a service debt model, which has been explicitly designed for the context of service composition, to quantify the debt. Our core idea is that recomposition can be unnecessary if the under-/over-utilization only cause temporarily negative effects, and the current composition plan, although carries debt, can generate greater benefit in the long-term. We evaluate DebtCom on a large scale service system with up to 10 abstract services, each of which has 100 component services, under real-world dataset and workload traces. The results confirm that, in contrast to the state-of-the-art, DebtCom achieves better utility while having lower cost and number of recompositions, rendering each composition plan more sustainable.",2023.0,IEEE Transactions on Services Computing,transactions on services computing,A*,Unknown,0.0,no_match,
42f7e8f0a47c11c43498181beee2d3fde5054e02,Full Dynamic Implementation,"Coordination and learning both play fundamental roles in social and economic life. For instance, investors would like to coordinate their loan decisions with other investors, but also learn over time about the profitability of a company; consumers would like to adopt a networked product if other consumers do the same, but also learn over time about the quality of the product; citizens would like to protest if others also turn out, but also learn over time about the venality of the current regime. In each of these examples, whether coordination succeeds or fails is shaped by the dynamic information environment---who learns what, what is learnt, and how quickly. Thus, dynamic information is a powerful tool for shaping coordination outcomes. Motivated by such questions, we study the design of dynamic information in a continuous-time binary-action supermodular game with small frictions: each agent can only re-optimize their action at random arrival times (e.g., the ticks of an independent personal clock). There is public learning so the common belief μt at time t governs aggregate incentives. Switching frictions introduce intertemporal linkages: an agent with the opportunity to re-optimize at time t knows that after t, she is locked into her action until the next tick of her clock. Thus, the behavior of other players in the future---which depends on the future path of beliefs---matter for current incentives. But the behavior of those agents, in turn, depends on other agents further yet into the future which themselves depends on the path of beliefs even further out. Thus, the evolution of future beliefs---even those arbitrarily far into the future---shapes incentives in the present. Our first main result is that for general supermodular games with switching frictions, the dynamic information structure which uniquely implements the largest perfect Bayesian equilibrium across time is noisy and conclusive public bad news. There is no multiplicity gap---the largest implementable equilibrium is also uniquely implementable. Importantly, such information structures are public and employ the expected dynamics of future (first-order) beliefs to uniquely implement the largest equilibrium while leaving higher-order beliefs degenerate. Indeed, we show that the designer cannot do better with private information. Furthermore, there is no intertemporal commitment gap---such information structures are sequentially optimal for a designer whose payoff is increasing in the measure of agents taking the largest action---as such, the designer cannot do better by committing to the design of future information. The optimality of noisy conclusive bad news is driven by three essential properties: it is (i) asymmetric so that the probability that beliefs move up is larger than the probability they move down; (ii) noisy so that beliefs do not, in expectation, move very much before the next tick of her clock; and (iii) history-invariant so that the optimal continuation structure from time t is the same no matter what the history of aggregate play and belief path up to and including time t is. All three properties---asymmetry, noise, and history-invariance---are essential. If the belief process were noisy but symmetric, then the agent whose clock has ticked at t with belief μt anticipates that beliefs are equally likely to move up or down. Indeed, if the environment is also symmetric, this would select a version of risk-dominant equilibrium. If the belief process were asymmetric but precise, she then puts more weight on conclusive bad news arriving before the next tick---thus, her fear of miscoordinating with future agents responding to this bad news would dominate. If the belief process were not history-invariant, then solving for the optimal continuation information structure at time t to implement the action 1 on the largest set of time-t beliefs does not suffice for dynamic optimality. History-invariance bridges this gap. We then analyze an extension of our environment in which agents have access to additional exogeneous sources of information. Thus, the designer no longer has monopoly over the information structure and can only add but not remove information. We characterize optimal adaptive information structures for full dynamic implementation.1 Whenever beliefs are above an endogeneous ""switching boundary"", it continues to deliver conclusive bad news at a trivial rate. However, when the exogeneous signals are sufficiently negative so that, sans extra information, beliefs would fall below the endogeneous boundary, the adaptive policy gives conclusive bad news at an elevated rate such as to approximately offset realizations of the exogeneous signal process. This intervention itself alters the ""switching boundary"" but we show that it is nonetheless dynamically optimal. As in the case where the designer has full control over dynamic information, there is no multiplicity gap and no intertemporal commitment gap. Our results have wide applicability to macroeconomics (Calvo price setting with complementarities), finance (staggered debt contracts and rollover risk), industrial organization (incumbent vs entrant platform competition), and political economy (dynamic regime change games). A full version of this paper can be found at https://papers.ssrn.com/sol3/papers.cfm?abstract_id=4669928",2024.0,ACM Conference on Economics and Computation,conference on economics and computation,A*,Unknown,0.0,no_match,
4d1e20dd10680957583e8a7e87e6273eeb57a62c,DCast: sustaining collaboration in overlay multicast despite rational collusion,"A key challenge in large-scale collaborative distributed systems is to properly incentivize the rational/selfish users so that they will properly collaborate. Within such a context, this paper focuses on designing incentive mechanisms for overlay multicast systems. A key limitation shared by existing proposals on the problem is that they are no longer able to provide proper incentives and thus will collapse when rational users collude or launch sybil attacks. This work explicitly aims to properly sustain collaboration despite collusion and sybil attacks by rational users. To this end, we propose a new decentralized DCast multicast protocol that uses a novel mechanism with debt-links and circulating debts. We formally prove that the protocol offers a novel concept of safety-net guarantee: A user running the protocol will always obtain a reasonably good utility despite the deviation of any number of rational users that potentially collude or launch sybil attacks. Our prototyping as well as simulation demonstrates the feasibility and safety-net guarantee of our design in practice.",2012.0,Conference on Computer and Communications Security,conference on computer and communications security,A*,Unknown,0.0,no_match,
55d5bcf2ad112d963f7ee86d96ed5ad7872a9236,Tracy: A Business-Driven Technical Debt Prioritization Framework,"Technical debt is a pervasive problem in software development. Software development teams have to prioritize debt items and determine whether they should address debt or develop new features at any point in time. This paper presents ""Tracy"", a framework for the prioritization of technical debt using a business-driven approach built on top of business processes. The current stage of the proposed framework is at the beginning of the third phase of Design Science Research, which is usually divided into the phases of exploration, engineering, and evaluation. The exploration and engineering phases involved the participation of 49 professionals from 12 different groups of three companies. The initial evaluation shows that the presented framework is coherent in its structure and that its results contribute to business-driven decision making on technical debt prioritization.",2019.0,IEEE International Conference on Software Maintenance and Evolution,software maintenance and evolution,A,Unknown,0.0,no_match,
684b004aa569828223ac6a326c4a55a59bf472a1,Revisiting the First-Order-Approach to Principal-Agent Problems,"This paper revisits a long-standing question of the validity of the First-Order Approach (FOA) for Principal-Agent problems with moral hazard in the agent's hidden effort. The canonical formulation of the problem [Holmström, 1979] presents a technical challenge: the agent faces infinitely many incentive constraints. The standard approach has been to relax this set of constraints by replacing them with a local incentive constraint that requires the first-order derivative of the agent's utility at the chosen action to be zero. However, this relaxation results in a loss of optimality in general. To ensure the optimal solution to the relaxed problem remains optimal for the original problem, i.e., FOA is valid, the literature has derived various sufficient (exogenous) conditions, among which the Mirrlees-Rogerson Condition is the most widely used. Although this condition is justified for risk-averse agents, its applicability in scenarios of risk-neutral agents with limited liability has not been scrutinized. We demonstrate with an example that the Mirrlees-Rogerson Condition fails to guarantee the validity of FOV in such scenarios. Some studies have explored alternative approaches to evade FOA altogether. These methods include Grossman and Hart [1983] who restrict attention to finite output levels and thus a finite-dimensional contract space; and Poblete and Spulber [2012] who impose additional endogenous assumptions (e.g., monotonicity) on the optimal contract. Thus, the former cannot cover many practically relevant situations where the contract space is uncountable and the latter fails to ensure the global optimality of the solutions in a larger contract space without the imposed endogenous assumptions. We propose a new solution framework that tweaks (rather than avoids) the FOA without sacrificing optimality, namely, a less stringent notion that only requires FOA to be valid for Quota-Bonus contracts (FOAVQB). This proposal is rationalized by our finding that any feasible contract of the relaxed problem can be matched by a quota-bonus contract in terms of the principal's payoff. This desirable property does not extend to other simple contract forms commonly seen in practice, such as linear or debt contracts. We further identify exogenous sufficient conditions that justify FOAVQB, ensuring the optimality of quota-bonus contracts for the original problem. We show that these sufficient conditions are less demanding than the Mirrlees-Rogerson Condition and are flexible enough to accommodate common instances where the agent's expected utility is non-unimodal in effort (besides those with a unimodal utility function), contrasting the literature that typically justifies FOA by finding conditions to guarantee unimodality. Our paper thus fills an important gap in the literature on contract design under risk-neutrality and limited liability. A full version of this paper can be found at https://papers.ssrn.com/sol3/papers.cfm?abstract_id=4715135",2024.0,ACM Conference on Economics and Computation,conference on economics and computation,A*,Unknown,0.0,no_match,
95606b1f7a8a49922065e7013ea1f3b02c39defe,Addressing systemic risk using contingent convertible debt - A network analysis,"Abstract We construct a balance sheet network model to study the interconnectedness of a banking system. A simulation analysis of the buffer effect of contingent convertible (CoCo) debt in controlling contagion in a theoretical banking network model is followed by calibrating the model using 13F filings. We find that CoCo debt conversion significantly mitigates systemic risk, with a dual-trigger CoCo debt design being more effective in protecting the surviving banks. A two-tranche CoCo debt design combines the benefits of single and dual-trigger CoCo debt. The trade-offs in different designs of CoCo triggers can be evaluated in a network simulation model, as developed in this work.",2021.0,European Journal of Operational Research,european journal of operational research,A,Unknown,0.0,no_match,
9da21a344d2ebb72a631e373ebae6adfd5168f98,People and Management Debt in ML-Integrated Software Projects: Structuring Industry Insights,"The accelerated development of Machine Learning (ML) tools, combined with broader access to frameworks and infrastructures, has driven the rapid adoption of ML-based solutions in industry. However, their integration into software systems introduces unique challenges, particularly for managing technical debt (TD). Traditional TD research focuses primarily on technical issues, but in ML systems, people and management factors, referred to as nontechnical debt (NTD), play a critical role in TD accumulation and persistence. In this study, we investigate the underexplored dimension of NTD in ML-integrated software systems, focusing on people- and management-related factors. Using Design Science Research (DSR) methodology, we developed an artifact in an iterative incremental manner that categorizes NTD issues in ML systems. As part of this process, we conducted semi-structured interviews with 18 professionals from 15 companies, examining 22 ML projects. Through thematic analysis, we identified 15 NTD categories, 10 of which relate to people debt, and the remaining 5 to management debt. Each category is associated with underlying causes, short-term fixes, and potential solutions. Our findings show that NTD in ML projects frequently arise from inadequate decision-making practices, particularly those related to technology adoption, knowledge management, and human resource planning. Additional sources of NTD include challenges in team dynamics, such as insufficient collaboration, poor skill integration, and ineffective team structuring, as well as communication barriers rooted in organizational culture and team interactions. These factors collectively and substantially impact project outcomes. While band-aid solutions may provide short-term relief, they frequently contribute to accumulation over time. To support practitioners and researchers, our study complements the proposed artifact with actionable recommendations informed by expert perspectives and literature.",2025.0,IEEE Access,access,A,Unknown,0.0,no_match,
b423c709e2e98dd3949f192582b473fa3fdad5b5,MissConf: LLM-Enhanced Reproduction of Configuration-Triggered Bugs,"Bug reproduction stands as a pivotal phase in software development, but the absence of configuration information emerges as the main obstacle to effective bug reproduction. Since configuration options generally control critical branches of the software, many bugs can only be triggered under specific configuration settings. We refer to these bugs as configuration-triggered bugs or CTBugs for short. The reproduction of CTBugs consumes considerable time and manual efforts due to the challenges in deducing the missing configuration options within the vast search space of configurations. This complexity contributes to a form of technical debt in software development. To address these challenges, we first conducted an empirical study on 120 CTBugs from 4 widely used systems to understand the root causes and factors influencing the reproduction of CTBugs. Based on our study, we designed and implemented MISSCONF, the first LLM-enhanced automated tool for CTBug reproduction. MISS-CONF first leverages the LLM to infer whether crucial configuration options are missing in the bug report. Once a suspect CTBug is found, MISSCONF employs configuration taint analysis and dynamic monitoring methods to filter suspicious configuration options set. Furthermore, it adopts a heuristic strategy for identifying crucial configuration options and their corresponding values. We evaluated MISSCONF on 5 real-world software systems. The experimental re-sults demonstrate that MISSCONF successfully infers the 84% (41/49) of the CTBugs and reproduces the 65% (32/49) CTBugs. In the re-production phase, MISSCONF eliminates up to 76% of irrelevant configurations, offering significant time savings for developers.",2024.0,2024 IEEE/ACM 46th International Conference on Software Engineering: Companion Proceedings (ICSE-Companion),software engineering,A*,Empirical Study,1.0,,\bempirical study\b
c7c71c2726415b67f37ad7e65e81048f6d6d64fe,Is Using Deep Learning Frameworks Free? Characterizing Technical Debt in Deep Learning Frameworks,"Developers of deep learning applications (shortened as application developers) commonly use deep learning frameworks in their projects. However, due to time pressure, market competition, and cost reduction, developers of deep learning frameworks (shortened as framework developers) often have to sacrifice software quality to satisfy a shorter completion time. This practice leads to technical debt in deep learning frameworks, which results in the increasing burden to both the application developers and the framework developers in future development.In this paper, we analyze the comments indicating technical debt (self-admitted technical debt) in 7 of the most popular open-source deep learning frameworks. Although framework developers are aware of such technical debt, typically the application developers are not. We find that: 1) there is a significant number of technical debt in all the studied deep learning frameworks. 2) there is design debt, defect debt, documentation debt, test debt, requirement debt, compatibility debt, and algorithm debt in deep learning frameworks. 3) the majority of the technical debt in deep learning framework is design debt (24.07% – 65.27%), followed by requirement debt (7.09% – 31.48%) and algorithm debt (5.62% – 20.67%). In some projects, compatibility debt accounts for more than 10%. These findings illustrate that technical debt is common in deep learning frameworks, and many types of technical debt also impact the deep learning applications. Based on our findings, we highlight future research directions and provide recommendations for practitioners.",2020.0,2020 IEEE/ACM 42nd International Conference on Software Engineering: Software Engineering in Society (ICSE-SEIS),software engineering,A*,Unknown,0.0,no_match,
c8d22104c03f06a4bed97fa1e42bc846edf90972,DATESSO: Self-Adapting Service Composition with Debt-Aware Two Levels Constraint Reasoning,"The rapidly changing workload of service-based systems can easily cause under-/over-utilization on the component services, which can consequently affect the overall Quality of Service (QoS), such as latency. Self-adaptive services composition rectifies this problem, but poses several challenges: (i) the effectiveness of adaptation can deteriorate due to over-optimistic assumptions on the latency and utilization constraints, at both local and global levels; and (ii) the benefits brought by each composition plan is often short term and is not often designed for long-term benefits—a natural prerequisite for sustaining the system. To tackle these issues, we propose a two levels constraint reasoning framework for sustainable self-adaptive services composition, called DATESSO. In particular, DATESSO consists of a refined formulation that differentiates the ‘strictness’ for latency/utilization constraints in two levels. To strive for long-term benefits, DATESSO leverages the concept of technical debt and time-series prediction to model the utility contribution of the component services in the composition. The approach embeds a debt-aware two level constraint reasoning algorithm in DATESSO to improve the efficiency, effectiveness and sustainability of self-adaptive service composition. We evaluate DATESSO on a service-based system with real-world WS-DREAM dataset and comparing it with other state-of-the-art approaches. The results demonstrate the superiority of DATESSO over the others on the utilization, latency and running time whilst likely to be more sustainable.",2020.0,International Symposium on Software Engineering for Adaptive and Self-Managing Systems,software engineering for adaptive and self-managing systems,A,Unknown,0.0,no_match,
cc88016d00c45a9f739142fb087fb547c6e94bbb,FairChecker: Detecting Fund-Stealing Bugs in DeFi Protocols via Fairness Validation,"Decentralized Finance (DeFi) is an emerging paradigm within the blockchain space that aims to revolutionize conventional financial systems by applying blockchain technology. The substantial value of digital assets managed by DeFi protocols makes it a lucrative target for attacks. Despite the human resources and the application of automated tools, frequent attacks still cause significant fund losses to DeFi participants. Existing tools primarily rely on oracles similar to those used in traditional software analysis, making it challenging for them to detect functional bugs specific to the DeFi domain. Since blockchain functions as a distributed ledger system, the foundation of any DeFi protocol is the accurate maintenance of key state variables representing user funds. If these variables are not properly updated or designed to reflect the intended flow of funds, attackers can exploit these flaws to steal assets. From the study of popular DeFi protocols, we observe that, in DeFi systems, to ensure a transaction does not misappropriate someone's fund, the direction of changes (increase or decrease) of values associated with the amount of asset or debt of a user has to adhere to some fairness properties. We propose a concept called fairness bug which allows attackers to gain profit without cost. We propose an inter-procedural and inter-contract static analysis technique that utilizes symbolic execution and an SMT solver to automatically detect fairness bugs in DeFi smart contracts. We have implemented our fairness-checking approach in our tool, named FairChecker. We evaluate our tool on a benchmark of 113 real-world DeFi protocols with 34 fairness bugs. The results show that our tool can detect 32 bugs with a recall of 94.1 % and a precision of 46.4 %, demonstrating its effectiveness.",2025.0,International Conference on Software Engineering,software engineering,A*,Tool Paper,1.0,,\bour tool\b
e8c1006551f02252349ddaa2d6268ca216c6edc3,Algorithmic decision-making and system destructiveness: A case of automatic debt recovery,"ABSTRACT Governments are increasingly relying on algorithmic decision-making (ADM) to deliver public services. Recent information systems literature has raised concerns regarding ADM’s negative unintended consequences, such as widespread discrimination, which in extreme cases can be destructive to society. The extant empirical literature, however, has not sufficiently examined the destructive effects of governmental ADM. In this paper, we report on a case study of the Australian government’s “Robodebt” programme that was designed to automatically calculate and collect welfare overpayment debts from citizens but ended up causing severe distress to citizens and welfare agency staff. Employing perspectives from systems thinking and organisational limits, we develop a research model that explains how a socially destructive government ADM programme was initiated, sustained, and delegitimized. The model offers a set of generalisable mechanisms that can benefit investigations of ADM’s consequences. Our findings contribute to the literature of unintended consequences of ADM and demonstrate to practitioners the importance of setting up robust governance infrastructures for ADM programmes.",2021.0,European Journal of Information Systems,european journal of information systems,A*,Case Study,1.0,,\bcase study\b
f3306b539659b2202550eed4c844cb5908299050,"Prevalence, Common Causes and Effects of Technical Debt: Results from a Family of Surveys with the IT Industry","The technical debt (TD) metaphor describes actions made during various stages of software development that lead to a more costly future regarding system maintenance and evolution. According to recent studies, on average 25% of development effort is spent, i.e. wasted, on TD caused issues in software development organizations. However, further research is needed to investigate the relations between various software development activities and TD. The objective of this study is twofold. First, to get empirical insight on the understanding and the use of the TD concept in the IT industry. Second, to contribute towards precise conceptualization of the TD concept through analysis of causes and effects. In order to address the research objective a family of surveys was designed as a part of an international initiative that congregates researchers from 12 countries -- InsighTD. At country level, national teams ran survey replications with industry practitioners from the respective countries. In total 653 valid responses were collected from 6 countries. Regarding the prevalence of the TD concept 22% of practitioners have only theoretical knowledge about it, and 47% have some practical experiences with TD identification or management. Further analysis indicated that senior practitioners who work in larger organizations, larger teams, and on larger systems are more likely to be experienced with TD management. Time pressure or deadline was the single most cited cause of TD. Regarding the effects of TD: delivery delay, low maintainability, and rework were the most cited. InsighTD is the first family of surveys on technical debt in software engineering. It provided a methodological framework that allowed multiple replication teams to conduct research activities and to contribute to a single dataset. Future work will focus on more specific aspects of TD management.",2021.0,Journal of Systems and Software,journal of systems and software,A,Unknown,0.0,no_match,
f81b3456be400d063c49abe5712e58d54e806a78,Digital nudging for technical debt management at Credit Suisse,"ABSTRACT Technical debt (TD) is a technical compromise wherein the ability to maintain information technology (IT) applications over the long term is sacrificed for short-term goals. TD occurs when software development teams undergo constant pressure to release applications swiftly, on a tight schedule. The accumulation of TD, which often leads to a significant cost surplus, presents a ubiquitous challenge in technology-driven organisations. To keep TD levels under control, many organisations implement top-down mechanisms that impose enterprise-wide principles on software development teams. This clinical research presents a complementary but distinct approach to managing TD. A digital nudge was introduced at Credit Suisse, a global financial services company, to help raise awareness and understanding, and stimulate actions related to TD decision-making in software development teams. This paper reports on the nudge’s clinical design, implementation, impact, and evaluation. As the nudge was effective in reducing TD in IT applications after one year of use, we demonstrate that digital nudges are viable means for guiding collective decisions in complex decision environments like that of TD management. Our findings have several implications for research and practice.",2022.0,European Journal of Information Systems,european journal of information systems,A*,Unknown,0.0,no_match,
8c181d0224fa85d139c0c96a6a9136490fbb816e,Economic Analysis of Off-Grid Energy Projects: A FINPLAN Model Approach,"Off-grid energy projects particularly solar mini-grids, play a crucial role in electrifying remote areas with limited access to centralized grids. This paper presents an economic assessment of a 20.46kWp solar mini-grid project using the model for financial analysis of electric sector expansion plans (FINPLAN) model, a financial planning tool used in energy project financial evaluation. The study aims to analyse the financial viability, risks, and economic benefits of off-grid solar solutions. Key indicators such as Net Present Value (NPV), Internal Rate of Return (IRR), Break-even Point (BEP), and Exchange Risk and Debt Service Coverage Ratio (DSCR) are evaluated to determine the project viability and sustainability. The FINPLAN model approach allows detailed cash flow analysis and risk assessments under various scenarios of energy demand, capital expenditure, operational costs, and subsidy frameworks. The case study of a 20.46kWp Solar PV-Battery Energy Storage System (BESS) project highlights the impact of key financial parameters, such as interest rates and inflation, on project returns. The study reveals that an additional equity investment of $=\!\!\!\!\!\!{\text{N}}$ 189.06 million is needed for procurement in 2025 and early operational costs in 2026, with a positive Net Present Value of $=\!\!\!\!\!\!{\text{N}}$ 15497.33 and an equity Internal Rate of Return (IRR) of 27.66%. The financial ratios show a Working Capital Ratio (WCR) of 1.35-4.0, exchange risk of 0.1-15, break-even point value >0.8 between 2026 and 2036, and a Debt Service Coverage Ratio of 0.3-1.2 between 2026 and 2036. The Best-Case scenario results showed a more balanced case with no flow from the stand-by facility, a positive NPV of $=\!\!\!\!\!\!{\text{N}}$ 17,805.71, and an Equity IRR of 26.96%. The paper recommends the adoption of the FINPLAN tool for appraising off-grid energy projects and power infrastructure expansions.",2025.0,IEEE Access,access,A,Case Study,1.0,,\bcase study\b
9f87ec16c09ebacdfdb53ce59455642aefbafe1d,Interdisciplinary effects of technical debt in companies with mechatronic products - a qualitative study,"Digitalization of products and production systems requires a fusion of mechatronic disciplines, where interfaces between mechanical, electrical, and software engineering are inevitable. The increasingly rapid pace of innovations in mechatronic systems triggers decisions being taken under time and cost pressure. At times, compromises in technical solutions are made, neglecting their long-term damage to the system. Technical debt (TD), a concept from software engineering, refers to short-term benefits that lead to long-term negative consequences, e.g., in the form of more difficult maintainability or evolvability. This phenomenon is also present in mechatronic systems, yet the knowledge of TD characteristics and correlations in the interdisciplinary product life cycle (PLC) has only received little attention. This first comprehensive survey investigates TD in mechatronics systematically and across sectors. 50 experts, of whom 42 \% hold positions as department heads, from 21 renowned companies and 10 sectors in the German-speaking region supported this study with real scenarios where TD caused damage to their system. 94 informative TD issues that were classified into 12 TD types were recorded, of which 2/3 have not yet been eliminated and posed a potential risk to the system. TD emerges most frequently in the first three stages of the PLC, where the consequences rarely remain isolated at their source, but are forwarded to later phases and disciplines in the PLC. Unlike the previous focus of research in software engineering, the multi-domain analysis of mechatronic TD issues reveals that software engineers are most burdened by Requirements TD and Infrastructure TD in the interdisciplinary environment.",2021.0,Journal of Systems and Software,journal of systems and software,A,Unknown,0.0,no_match,
01c5f4c52af3265659902ac8139c45e2499eaa94,Explainable AI for Identifying and Managing Test Debt in Automated Testing,"Background: Testing is a crucial activity in software development, but over time, test suites can accumulate test debt-such as flaky, redundant, or overly complex tests. As a subset of technical debt, test debt represents the long-term costs of suboptimal testing practices. Technical debt (TD) refers to the choice of quick solutions in software development instead of more robust and long-term approaches and it has a negative impact on software projects and has attracted significant interest from both industry and academia. With the increasing complexity of modern software, automated testing is essential for maintaining quality, speed, and customer satisfaction. Like other types of technical debt, test debt silently erodes productivity, increases maintenance costs, and reduces reliability in the software development lifecycle. Despite its impact, identifying and managing test debt remains challenging. Developers often face unclear test failures, redundant checks, and a lack of tools to understand root causes or determine what needs to be fixed. Many researchers have been working on leveraging machine learning to better identify and then reduce technical debt in software development. However, these methods often lack transparency-leaving practitioners unsure of how or why decisions are made. This gap between machine learning and actionable insight highlights the need for more interpretable approaches. Aims: This research aims to address this gap by applying explainable artificial intelligence (XAI) to create a tool that helps software teams detect and interpret test debt in automated testing environments. Method: XAI methods improve traceability, trust, and transparency, enabling developers to better comprehend test behaviour. Expected Results: By providing explanations, teams are empowered to have a better understanding and decision-making about test maintenance and improvement. By improving the visibility of the interpretability of test debt, this research contributes to more resilient testing, better-informed software engineers, and more sustainable software systems.",2025.0,International Symposium on Empirical Software Engineering and Measurement,empirical software engineering and measurement,A,Unknown,0.0,no_match,
25db58c7337e4a7fc68140b2a05d6c0b6c6e38bd,"A Survey of Algorithm Debt in Machine and Deep Learning Systems: Definition, Smells, and Future Work","The adoption of Machine and Deep Learning (ML/DL) technologies introduces maintenance challenges, leading to Technical Debt (TD). Algorithm Debt (AD) is a TD type that impacts the performance and scalability of ML/DL systems. A review of 42 primary studies expanded AD’s definition, uncovered its implicit presence, identified its smells, and highlighted future directions. These findings will guide an AD-focused study, enhancing the reliability of ML/DL systems.",2026.0,ACM Computing Surveys,computing surveys,A*,Unknown,0.0,no_match,
e9a83451b2869213ac5184916abb2d39e9f33ebb,Identifying Self-Admitted Technical Debts With Jitterbug: A Two-Step Approach,"Keeping track of and managing Self-Admitted Technical Debts (SATDs) are important to maintaining a healthy software project. This requires much time and effort from human experts to identify the SATDs manually. The current automated solutions do not have satisfactory precision and recall in identifying SATDs to fully automate the process. To solve the above problems, we propose a two-step framework called Jitterbug for identifying SATDs. Jitterbug first identifies the “easy to find” SATDs automatically with close to 100 percent precision using a novel pattern recognition technique. Subsequently, machine learning techniques are applied to assist human experts in manually identifying the remaining “hard to find” SATDs with reduced human effort. Our simulation studies on ten software projects show that Jitterbug can identify SATDs more efficiently (with less human effort) than the prior state-of-the-art methods.",2020.0,IEEE Transactions on Software Engineering,transactions on software engineering,A*,Unknown,0.0,no_match,
f86fac2aed391f4c07928e48a0735675872137ee,Technical debt forecasting: An empirical study on open-source repositories,"Abstract Technical debt (TD) is commonly used to indicate additional costs caused by quality compromises that can yield short-term benefits in the software development process, but may negatively affect the long-term quality of software products. Predicting the future value of TD could facilitate decision-making tasks regarding software maintenance and assist developers and project managers in taking proactive actions regarding TD repayment. However, no notable contributions exist in the field of TD forecasting, indicating that it is a scarcely investigated field. To this end, in the present paper, we empirically evaluate the ability of machine learning (ML) methods to model and predict TD evolution. More specifically, an extensive study is conducted, based on a dataset that we constructed by obtaining weekly snapshots of fifteen open source software projects over three years and using two popular static analysis tools to extract software-related metrics that can act as TD predictors. Subsequently, based on the identified TD predictors, a set of TD forecasting models are produced using popular ML algorithms and validated for various forecasting horizons. The results of our analysis indicate that linear Regularization models are able to fit and provide meaningful forecasts of TD evolution for shorter forecasting horizons, while the non-linear Random Forest regression performs better than the linear models for longer forecasting horizons. In most of the cases, the future TD value is captured with a sufficient level of accuracy. These models can be used to facilitate planning for software evolution budget and time allocation. The approach presented in this paper provides a basis for predictive TD analysis, suitable for projects with a relatively long history. To the best of our knowledge, this is the first study that investigates the feasibility of using ML models for forecasting TD.",2020.0,Journal of Systems and Software,journal of systems and software,A,Empirical Study,1.0,,\bempirical study\b
9c1bb12751c9e46ce590f7c480976925a061a8cb,A First Look at the Lifecycle of DL-Specific Self-Admitted Technical Debt,"The rapid adoption of Deep Learning (DL)-enabled systems has revolutionized software development, driving innovation across various domains. However, these systems also introduce unique challenges, particularly in maintaining software quality and performance. Among these challenges, Self-Admitted Technical Debt (SATD) has emerged as a growing concern, significantly impacting the maintainability and overall quality of ML and DL-enabled systems. Despite its critical implications, the lifecycle of DL-specific SATD—how developers introduce, acknowledge, and address it over time—remains underexplored. This study presents a preliminary analysis of the persistence and lifecycle of DL-specific SATD in DL-enabled systems. The purpose of this project is to uncover the patterns of SATD introduction, recognition, and durability during the development life cycle, providing information on how to manage these issues. Using mining software repository techniques, we examined 40 ML projects, focusing on 185 DL-specific SATD instances. The analysis tracked the introduction and persistence of SATD instances through project commit histories to assess their lifecycle and developer actions. The findings indicate that DL-specific SATD is predominantly introduced during the early and middle stages of project development. Training and Hardware phases showed the longest SATD durations, highlighting critical areas where debt accumulates and persists. Additionally, developers introduce DL-specific SATD more frequently during feature implementation and bug fixes. This study emphasizes the need for targeted DL-specific SATD management strategies in DL-enabled systems to mitigate its impact. By understanding the temporal characteristics and evolution of DL-specific SATD, developers can prioritize interventions at critical stages to improve the maintainability and quality of the system.",2025.0,"IEEE International Conference on Software Analysis, Evolution, and Reengineering",software analysis evolution and reengineering,A,Unknown,0.0,no_match,
ca8df55354058c794a0d9dd0d27b5e24aa1260ca,How Do Communities of ML-Enabled Systems Smell? A Cross-Sectional Study on the Prevalence of Community Smells,"Effective software development relies on managing both collaboration and technology, but socio-technical challenges can harm team dynamics and increase technical debt. Although teams working on ML-enabled systems are interdisciplinary, research has largely focused on technical issues, leaving their socio-technical dynamics underexplored. This study aims to address this gap by examining the prevalence, evolution, and interrelations of “community smells”, in open-source ML projects. We conducted an empirical study on 188 repositories from the NICHE dataset using the CADOCS tool to identify and analyze community smells. Our analysis focused on their prevalence, interrelations, and temporal variations. We found that certain smells—such as Prima Donna Effects and Sharing Villainy—are more prevalent and fluctuate over time compared to others like Radio Silence or Organizational Skirmish. These insights might provide valuable support for ML project managers in addressing socio-technical issues and improving team coordination.",2025.0,International Conference on Evaluation & Assessment in Software Engineering,evaluation and assessment in software engineering,A,Empirical Study,1.0,,\bempirical study\b
3032683c8558022bc45a16f25e6de799a4fe3488,#bias: Measuring the Tweeting Behavior of Propagandists,"
 
 Twitter is an efficient conduit of information for millions of usersaround the world. Its ability to quickly spread information to a largenumber of people makes it an efficient way to shape information and,hence, shape public opinion. We study the tweeting behavior of Twitter propagandists, users who consistently expressthe same opinion or ideology, focusing on two online communities: the2010 Nevada senate race and the 2011 debt-ceiling debate. We identify several extreme tweeting patterns thatcould characterize users who spread propaganda: (1) sending high volumesof tweets over short periods of time, (2) retweeting whilepublishing little original content, (3) quickly retweeting, and (4) colluding with other, seeminglyunrelated, users to send duplicate or near-duplicate messages on thesame topic simultaneously. These four features appear to distinguishtweeters who spread propaganda from other more neutral users and could serve asstarting point for developing behavioral-based propaganda detection techniquesfor Twitter.
 
",2012.0,International Conference on Web and Social Media,web and social media,A,Unknown,0.0,no_match,
5c3d69492fd3d59509766b839fd17d17728ff2f4,Gender Diversity and Community Smells: A Double-Replication Study on Brazilian Software Teams,"Social debts in software teams are gaining increasing attention from the research community due to their potential adverse effects on software quality. For instance, community smells are indicators of sub-optimal organizational structures and may well lead to the emergence of social debt. Previous studies analyzed which factors influence the emergence/mitigation of such smells. In particular, studies by Catolino et al. showed how factors related to team composition, particularly gender diversity, correlated to the mitigation of community smells. However, a confirmation survey on 60 practitioners suggested that these results were not aligned with the experts' perceptions. In a separate survey, Catolino et al. collected the most common team refactoring strategies for those community smells. In this work we replicate two studies by those authors, focusing on the Brazilian software teams; culture-specific expectations on the behavior of people of different genders might have affected the perception of the importance of gender diversity and refactoring strategies when mitigating community smells. We translated the survey instrument used by Catolino et al. to Brazilian Portuguese and recruited 184 Brazilian developers. Re-sults did not show significant differences from the original study; indeed, participants perceived gender diversity as less valuable to mitigate community smells than such factors like experience or team size. Additionally, we performed a qualitative analysis of an open question within the questionnaire for the refactoring strategies. Brazilian developers agree with the original studies for most smells, mainly promoting restructuring communities, creating a communication plan and mentoring. We believe these results provide further evidence on the problem and its implications when managing software teams, avoiding technical debt and maintenance issues due to team communication and coordination problems.",2022.0,"IEEE International Conference on Software Analysis, Evolution, and Reengineering",software analysis evolution and reengineering,A,Unknown,0.0,tie:Survey|Position Paper,\bquestionnaire\b; \bwe believe\b
7e4e12c18489ae15bb2cbee9add9d7edc9892f90,Community Smells - The Sources of Social Debt: A Systematic Literature Review,"Context: Social debt describes the accumulation of unforeseen project costs (or potential costs) from sub-optimal software development processes. Community smells are sociotechnical anti-patterns and one source of social debt that impact software teams, development processes, outcomes, and organizations. Objective: To provide an overview of community smells based on published literature, and describe future research. Method: We conducted a systematic literature review (SLR) to identify properties, understand origins and evolution, and describe the emergence of community smells. This SLR explains the impact of community smells on teamwork and team performance. Results: We include 25 studies. Social debt describes the impacts of poor socio-technical decisions on work environments, people, software products, and society. For each of the 30 identified community smells, we provide a description, management approaches, organizational strategies, and mitigation effectiveness. We identify five groups of management approaches: organizational strategies, frameworks, models, tools, and guidelines. We describe 11 properties of community smells. We develop the Community Smell Stages Framework to concisely describe the origin and evolution of community smells. We describe the causes and effects for each community smell. We identify and describe 8 types of causes and 11 types of effects for community smells. Finally, we provide 8 Sankey diagrams that offer insights into threats the community smells pose to teamwork factors and team performance. Conclusion: Community smells explain the influence work conditions have on software developers. The literature is scarce and focuses on a small number of community smells. Thus, community smells still need more research. This review organizes the state of the art about community smells and provides motivation for future research along with educational material.",2022.0,Information and Software Technology,information and software technology,A,Systematic Literature Review,1.0,,\bsystematic literature review\b
cc5380c11bf6f88e42edf71d8ca5c284d69bde56,"""The Second Vice is Lying, the First is Running into Debt."" Antecedents and Mitigating Practices of Social Debt: an Exploratory Study in Distributed Software Development Teams","Although much is known about the concept of technical debt in software development, less is known about its social counterpart, also known as social debt. Social debt refers to future consequences of decisions related to people and their interactions. Omissions in social interactions or reduction of communication can foster social debt – and in turn result in negative outcomes in the long run. In this paper, we explore what factors drive and mitigate social debt in distributed agile software development teams. Utilizing an exploratory case study approach, we derive insights from two case organizations. We present antecedents and mitigating factors of social debt related to communication, collaboration, and coordination.",2021.0,Hawaii International Conference on System Sciences,hawaii international conference on system sciences,A,Case Study,0.667,,\bcase study\b; \bexploratory case study\b
0d28d5b171f4c969f054a1a6ade29ad26e57f09e,Aligning Technical Debt Prioritization with Business Objectives: A Multiple-Case Study,"Technical debt (TD) is a metaphor to describe the trade-off between short-term workarounds and long-term goals in software development. Despite being widely used to explain technical issues in business terms, industry and academia still lack a proper way to manage technical debt while explicitly considering business priorities. In this paper, we report on a multiple-case study of how two big software development companies handle technical debt items, and we show how taking the business perspective into account can improve the decision making for the prioritization of technical debt. We also propose a first step toward an approach that uses business process management (BPM) to manage technical debt. We interviewed a set of IT business stakeholders, and we collected and analyzed different sets of technical debt items, comparing how these items would be prioritized using a purely technical versus a business-oriented approach. We found that the use of business process management to support technical debt management makes the technical debt prioritization decision process more aligned with business expectations. We also found evidence that the business process management approach can help technical debt management achieve business objectives.",2018.0,IEEE International Conference on Software Maintenance and Evolution,software maintenance and evolution,A,Case Study,1.0,,\bcase study\b; \b(?:multiple|multi)[- ]case study\b
15afe1302022af8124fcb3fad0227b38bd435415,Assessing TD Macro-Management: A Nested Modeling Statistical Approach,"Quality improvement can be performed at the: (a) micro-management level: interventions applied at a fine-grained level (e.g., at a class or method level, by applying a refactoring); or (b) macro-management level: interventions applied at a large-scale (e.g., at project level, by using a new framework or imposing a quality gate). By considering that the outcome of any activity can be characterized as the product of impact and scale, in this paper we aim at exploring the impact of Technical Debt (TD) Macro-Management, whose scale is by definition larger than TD Micro-Management. By considering that TD artifacts reside at the micro-level, the problem calls for a nested model solution; i.e., modeling the structure of the problem: artifacts have some inherent characteristics (e.g., size and complexity), but obey the same project management rules (e.g., quality gates, CI/CD features, etc.). In this paper, we use the Under-Bagging based Generalized Linear Mixed Models approach, to unveil project management activities that are associated with the existence of HIGH_TD artifacts, through an empirical study on 100 open-source projects. The results of the study confirm that micro-management parameters are associated with the probability of a class to be classified as HIGH_TD, but the results can be further improved by controlling some project-level parameters. Based on the findings of our nested analysis, we can advise practitioners on macro-technical debt management approaches (such as “control the number of commits per day”, “adopt quality control practices”, and “separate testing and development teams”) that can significantly reduce the probability of all software artifacts to concentrate HIGH_TD. Although some of these findings are intuitive, this is the first work that delivers empirical quantitative evidence on the relation between TD values and project- or process-level metrics.",2023.0,IEEE Transactions on Software Engineering,transactions on software engineering,A*,Empirical Study,1.0,,\bempirical study\b; \b\d+ (?:open[- ]source |open )?projects?\b
164ab98a98387f09960cb03cd598d28d48985133,Identification and measurement of Requirements Technical Debt in software development: A systematic literature review,"Context: Requirements Technical Debt are related to the distance between the ideal value of the specification and the actual implementation of the system, which are consequences of strategic decisions for immediate gains, or unintended changes in context. To ensure the evolution of the software, it is necessary to to manage TD. Identification and measurement are the first two stages of the management process; however, they are poorly explored in academic research in requirements engineering. Objective: We aimed to investigating which evidence helps to strengthen the TD requirements management process, including identification and measurement. Method: We conducted a Systematic Literature Review through manual and automatic searches considering 7499 studies from 2010 to 2020, and including 66 primary studies. Results: We identified some causes related to Technical Debt requirements, existing strategies to help in the identification and measurement, and metrics to support the measurement stage. Conclusion: The studies on Requirements Technical Debt are still preliminary, especially regarding management software. Yet, however, the interpersonal aspects that prove difficult in the implementation of such activities are not sufficiently addressed. Finally, the provision of metrics to help measure technical debt is part of the contribution of this search, providing insights into the application in its requirements context. © 2022TheAuthor(s).PublishedbyElsevierInc.ThisisanopenaccessarticleundertheCCBYlicense (http://creativecommons.org/licenses/by/4.0/).",2022.0,Journal of Systems and Software,journal of systems and software,A,Systematic Literature Review,1.0,,\bsystematic literature review\b
17f3658126ba0f9a2ef9d1ed511c1888fd52ae76,Enhancing Going Concern Prediction With Anchor Explainable AI and Attention-Weighted XGBoost,"In the rapidly evolving sector of financial analytics, predicting a firm’s going concern status accurately is vital for informed user decisions. This study introduces a novel method that synergizes Anchor Explainable Artificial Intelligence (XAI) with an Attention-Weighted Extreme Gradient Boosting (XGBoost) model, significantly improving the precision and clarity of going concern predictions. Traditional models often trade off explainability against complexity, diminishing user confidence. Our solution, integrating Anchor XAI, offers lucid, comprehensible explanations for the model’s predictions, enhancing trust and interpretability. The developed Attention-Weighted XGBoost algorithm, targeting essential financial indicators, markedly surpasses traditional approaches in prediction by its 98% accuracy, as evidenced by improved precision and recall. This integration not only makes the prediction process more transparent but also advances the field towards more interpretable AI solutions. Additionally, our approach highlights important features specific to each class, distinguishing our findings with significant indicators like working capital/total assets, and total equity for potential non-going concerns, debt ratio, current assets to total liabilities ratio, and long-term funds to fixed assets ratio for going concerns, alongside governance factors such as the number of independent directors and BIG4 audit status for entities with going concern doubt. These advancements demonstrate the effectiveness of melding explainable AI with attention mechanisms to bolster the trustworthiness and clarity of financial forecasts, opening new research paths in financial analytics.",2024.0,IEEE Access,access,A,Unknown,0.0,no_match,
1aa904e834bb0d0bfa5fdc867179026b1ed39572,"A tertiary study on technical debt: Types, management strategies, research trends, and base information for practitioners","Abstract Context The concept of technical debt (TD) contextualizes problems faced during software evolution considering the tasks that are not carried out adequately during its development. Currently, it is common to associate any impediment related to the software product and its development process to the definition of TD. This can bring confusion and ambiguity in the use of the term. Besides, due to the increasing amount of work in the area, it is difficult to have a comprehensive view of the plethora of proposals on TD management. Objective This paper intends to investigate the current state of research on TD by identifying what research topics have been considered, organizing research directions and practical knowledge that has already been defined, identifying the known types of TD, and organizing what activities, strategies and tools have been proposed to support the management of TD. Method A tertiary study was performed based on a set of five research questions. In total, 13 secondary studies, dated from 2012 to March 2018, were evaluated. Results The results of this tertiary study are beneficial for both practitioners and researchers. We evolved a taxonomy of TD types, identified a list of situations in which debt items can be found in software projects, and organized a map representing the state of the art of activities, strategies and tools to support TD management. Besides, we also summarized some research directions and practical knowledge, and identified the research topics that have been more considered in secondary studies. Conclusion This tertiary study revisited the TD landscape. Its results can help to identify points that still require further investigation in TD research.",2018.0,Information and Software Technology,information and software technology,A,Theoretical Contribution,1.0,,\b(?:a |new )?taxonomy\b
55ae0b4f89f5ca9fdcd468610d3b576119462d0b,The Evolutionary Optimization of a Company’s Return on Equity Factor: Towards the Agent-Based Bio-Inspired System Supporting Corporate Finance Decisions,"Return on Equity (ROE) is an important factor from the perspective of formulating and implementing a company’s financial strategies. It is also one of its evaluation criteria. It presents to investors the effectiveness of using their capital. Increasing profitability may be treated as a symptom of shareholder wealth, while its reduction may be a signal indicating a deterioration of the financial situation of the company. An investment in a company will be attractive to investors if the results obtained by it will enable the benefit from the dividend to be paid and if the share prices will show an upward trend. Therefore, profit and profitability are categories dependent on the company and affect the wealth of its owners. The ROE ratio is synthetic and is linked to, among others with the size of sales, asset use activity, and the size of the company’s debt. However, the decisions regarding the capital structure of a company should be made not only by purely economic and financial analyses but also should take into account the social and environmental effects of economic activities. To take into account not only short-term financial goals but also long-term sustainable development goals during the decision-making process, we need intelligent and creative multi-criteria decision support tools. Bio-inspired artificial intelligence techniques—such as evolutionary algorithms, deep neural networks, or swarm algorithms, to give only a few examples—are gaining more and more popularity in the recent years. Evolutionary algorithms are optimization techniques that are modeled on the processes of evolution that are taking place in natural populations. They can find approximate solutions to the NP-hard global, multi-modal, and multi-objective optimization problems. In this paper, we propose an innovative approach—an agent-based bio-inspired system supporting decisions in the area of corporate finance, which takes into account not only financial goals but also the sustainable development goals. The system will allow for multi-objective optimization with the use of bio-inspired algorithms. In this paper, we will concentrate on one module of the proposed system—the evolutionary algorithm optimizing the ROE factor. During the experiments, we will verify the ability of the proposed algorithm to provide decision makers with reasonable, useful, and, at the same time, also innovative and non-obvious solutions concerning the desired capital structure of a given company, which usually operates in a rapidly changing environment. The proposed system will allow for taking into account more than one criteria and perform multi-objective optimization with the use of an evolutionary algorithm or an agent-based co-evolutionary algorithm, so it will be possible to include also the long-term goals of sustainable development in the future.",2018.0,IEEE Access,access,A,Unknown,0.0,no_match,
85997c1f017b4c12e88947a3ee635d2461bd0ddb,"Discovering, Analyzing, and Managing Safety Stories in Agile Projects","Traditionally, safety-critical projects have been developed using the waterfall process. However, this makes it costly and challenging to incrementally introduce new features and to certify the modified product for use. As a result, there has been increasing interest in adopting agile development paradigms within the safety-critical domain. This in turn introduces numerous challenges. In this paper we address the specific problems of discovering, analyzing, specifying, and managing safety requirements within the agile Scrum process. We propose SafetyScrum, a methodology that augments the Scrum lifecycle with incrementally applied safety-related activities and introduces the notion of ""safety debt"" for incrementally tracking the current safety status of a project. We demonstrate the viability of SafetyScrum for managing safety stories in an agile development environment by applying it to a project in which our existing Unmanned Aerial Vehicle system is enhanced to support a River-Rescue scenario.",2018.0,IEEE International Requirements Engineering Conference,international requirements engineering conference,A,Unknown,0.0,no_match,
aa7b5eddcd0f8f23d22a9d6e3822496fdfa09c4f,"An Empirical Study of Social Debt in Open-Source Projects: Social Drivers and the ""Known Devil"" Community Smell","Social debt, the accumulation of unforeseen project costs from suboptimal human-centered software development processes, is an important dimension of technical debt that cannot be ignored. Recent research on social debt focusing on the detection of specific debt indicators, called community smells, has largely been conceptual and few of them are operationalizable. In addition, studies on the causes of community smells focused on group processes instead of individual tendencies. In this paper, we define and investigate four social drivers—factors that influence individual developer choices in their collaboration— in 13 open-source projects over four years: 1) inertia, 2) co-authorship (by chance or by choice), 3 ) experience heterophily, and 4) organization homophily. Building on previous studies and theories from sociology and psychology, we hypothesize how these drivers influence software quality outcomes. Our network analysis results include a contradiction to existing studies about experience heterophily and reveal a new community smell, which we call “Known Devil”, that can be automatically detected.",2024.0,Hawaii International Conference on System Sciences,hawaii international conference on system sciences,A,Empirical Study,1.0,,\bempirical study\b; \b\d+ (?:open[- ]source |open )?projects?\b
ab5739f669f7e85a6ef0a74aee5d16d5237dcf50,Technical Debt tracking: Current state of practice: A survey and multiple case study in 15 large organizations,"Abstract Large software companies need to support continuous and fast delivery of customer value both in the short and long term. However, this can be hindered if both the evolution and maintenance of existing systems are hampered by Technical Debt. Although a lot of theoretical work on Technical Debt has been produced recently, its practical management lacks empirical studies. In this paper, we investigate the state of practice in several companies to understand what the cost of managing TD is, what tools are used to track TD, and how a tracking process is introduced in practice. We combined two phases: a survey involving 226 respondents from 15 organizations and an in-depth multiple case study in three organizations including 13 interviews and 79 Technical Debt issues. We selected the organizations where Technical Debt was better tracked in order to distill best practices. We found that the development time dedicated to managing Technical Debt is substantial (an average of 25% of the overall development), but mostly not systematic: only a few participants (26%) use a tool, and only 7.2% methodically track Technical Debt. We found that the most used and effective tools are currently backlogs and static analyzers. By studying the approaches in the companies participating in the case study, we report how companies start tracking Technical Debt and what the initial benefits and challenges are. Finally, we propose a Strategic Adoption Model for the introduction of tracking Technical Debt in software organizations.",2018.0,Science of Computer Programming,science of computer programming,A,Case Study,1.0,,\bcase study\b; \b(?:multiple|multi)[- ]case study\b
ab5c231cf891d61d8ca7258481a3ed18d169d1f4,Awareness and Management of Social Debt in the German ICT Industry: A Multi-Perspective Analysis,"Social debt (SD) is the cumulative burden of unresolved interpersonal, communicative, and organizational issues within software teams. Although individual issues, such as demotivation, communication breakdowns, and inefficient collaboration, are widely acknowledged, the concept of SD and its preventive management are largely unexplored in practice. This study advances the operationalization of SD by identifying concrete indicators, root causes, and mitigation strategies. Drawing on 24 semi-structured interviews with experienced IT professionals in Germany, we examine how SD is perceived, interpreted, and addressed across gender, company size, and professional roles. Our findings, structured via a preliminary Input-Process-Output (IPO) model, reveal that SD is often recognized only in retrospect, highlighting a significant gap in proactive identification. While developers typically view SD as operational inefficiency, managers interpret it as a strategic leadership challenge impacting project costs. Exploratory patterns suggest subtle nuances in relational awareness among participants, which are discussed in the context of role expectations rather than innate traits. We argue that establishing a shared vocabulary is a crucial initial management approach to transforming diffuse social tensions into tangible project governance issues. This work provides actionable recommendations for industry practitioners to foster sustainable collaboration and mitigate organizational blind spots.",2026.0,IEEE Access,access,A,Position Paper,1.0,,\bwe argue\b
b226e63e7153c810e707d4d11001ec9d101f5ab5,Identifying and Estimating Technical Debt for Service Composition in SaaS Cloud,"A composite service in multi-tenant SaaS cloud would inevitably operate under dynamic changes on the workload from the tenants, and thus it is not uncommon for the composition to encounter under-utilization and over-utilization on the component services. However, both of those cases could be good or bad: the former implies that although there is under-utilization, the pay-off afterwards are more significant; the latter, in contrast, refers to the over-utilization that leads to trivial pay-off, or nothing at all. Such a notion perfectly matches with the Technical Debt (TD) metaphor in Software Engineering. As a result, it is necessary to identify the root causes of the debts and where the debt can be manifested in the service composition, which, in turn, would offer great helps on the decision making process of service composition. In this paper, we propose a novel approach for identifying the technical debt in service composition under SaaS cloud. The approach combines time series forecasting and a newly proposed technical debt model to estimate the future debt and utility in the service composition. Through a real world case study, we demonstrate that our approach can successfully identify both the good and bad debts, while producing satisfactory accuracy on estimating the technical debt in the service composition under SaaS cloud.",2019.0,2019 IEEE International Conference on Web Services (ICWS),web services,A,Case Study,1.0,,\bcase study\b
c134fdadb9527f836189790cbbd0c42d0eb865e5,Probabilistic Enhancement to the LEAP Process for Identifying Technical Debt in Iterative System Development,"The List, Evaluate, Achieve, Procure (LEAP) process defines a methodology for mathematically associating the delivery of system capabilities with the temporal satisfaction of stakeholder needs while identifying technologies at high risk of imparting technical debt into the system. The original process is qualitative, relying on binary definitions of timelines for technology development – the technology either is or is not developed in a specific time period. The binary definitions allow for rapid high-level assessments of the potential for technical debt. However, they fail to capture more realistic scenarios of uncertain technology development timelines. This paper resolves these issues by introducing probability into LEAP process. This paper also provides examples of using the probability in the LEAP process and compares the probabilistic (quantitative) and binary (qualitative) models. These examples show improvements in the ability to assess the likelihood of delivering capabilities in time to meet stakeholder needs when using the probabilistic version of the LEAP process. Since the impact of technical debt is uncertain, the inclusion of probabilities within the LEAP process provides a higher fidelity decision support system for iterative release planning and system development.",2023.0,IEEE Access,access,A,Unknown,0.0,no_match,
d60e63d17510e57ab38b059a7d7bdcb3c2867696,Exploring the Relation between Technical Debt Principal and Interest: An Empirical Approach,"Abstract Context The cornerstones of technical debt (TD) are two concepts borrowed from economics: principal and interest. Although in economics the two terms are related, in TD there is no study on this direction so as to validate the strength of the metaphor. Objective We study the relation between Principal and Interest, and subsequently dig further into the ‘ingredients’ of each concept (since they are multi-faceted). In particular, we investigate if artifacts with similar levels of TD Principal exhibit a similar amount of TD Interest, and vice-versa. Method To achieve this goal, we performed an empirical study, analyzing the dataset using the Mantel test. Through the Mantel test, we examined the relation between TD Principal and Interest, and identified aspects that are able to denote proximity of artifacts, with respect to TD. Next, through Linear Mixed Effects (LME) modelling we studied the generalizability of the results. Results The results of the study suggest that TD Principal and Interest are related, in the sense that classes with similar levels of TD Principal tend to have similar levels of Interest. Additionally, we have reached the conclusion that aggregated measures of TD Principal or Interest are more capable of identifying proximate artifacts, compared to isolated metrics. Finally, we have provided empirical evidence on the fact that improving certain quality properties (e.g., size and coupling) should be prioritized while ranking refactoring opportunities in the sense that high values of these properties are in most of the cases related to artifacts with higher levels of TD Principal. Conclusions The findings shed light on the relations between the two concepts, and can be useful for both researchers and practitioners: the former can get a deeper understanding of the concepts, whereas the latter can use our findings to guide their TD management processes such as prioritization and repayment.",2020.0,Information and Software Technology,information and software technology,A,Empirical Study,1.0,,\bempirical study\b
e9ef34e1d7308d6869be8c7c85893f14ad136e8f,"A systematic literature review on Technical Debt prioritization: Strategies, processes, factors, and tools","Abstract Background Software companies need to manage and refactor Technical Debt issues. Therefore, it is necessary to understand if and when refactoring of Technical Debt should be prioritized with respect to developing features or fixing bugs. Objective The goal of this study is to investigate the existing body of knowledge in software engineering to understand what Technical Debt prioritization approaches have been proposed in research and industry. Method We conducted a Systematic Literature Review of 557 unique papers published until 2020, following a consolidated methodology applied in software engineering. We included 44 primary studies. Results Different approaches have been proposed for Technical Debt prioritization, all having different goals and proposing optimization regarding different criteria. The proposed measures capture only a small part of the plethora of factors used to prioritize Technical Debt qualitatively in practice. We present an impact map of such factors. However, there is a lack of empirical and validated set of tools. Conclusion We observed that Technical Debt prioritization research is preliminary and there is no consensus on what the important factors are and how to measure them. Consequently, we cannot consider current research conclusive. In this paper, we therefore outline different directions for necessary future investigations.",2021.0,Journal of Systems and Software,journal of systems and software,A,Systematic Literature Review,1.0,,\bsystematic literature review\b
f6ad0ff47e85db56e6171df3e727a161581a1bbd,Methods and Tools for TD Estimation and Forecasting: A State-of-the-art Survey,"Technical debt (TD), a metaphor inspired by the financial debt of economic theory, indicates quality compromises that can yield short-term benefits in the software development process, but may negatively affect the long-term quality of software products. Numerous techniques, methods, and tools have been proposed over the years for estimating and managing TD, providing a variety of options to the developers and project managers of software applications. However, apart from managing TD, predicting its future value is equally important since this knowledge is expected to facilitate decision-making tasks regarding software implementation and maintenance, such as incurring or paying off TD instances. To this end, the purpose of the present study is to (i) summarize the work that has been conducted until today in the field of TD estimation and forecasting, and (ii) to identify existing open issues that have not been adequately addressed yet and require further research. The present survey led to two interesting observations. Firstly, none of the existing TD estimation methods and tools has reached a desired level of maturity, while a large volume of previously uninvestigated metrics and techniques exist that could potentially increase the completeness of TD estimation. Secondly, no notable contributions exist in the field of TD forecasting, indicating that it is a scarcely investigated field. The latter constitutes the main finding of the present literature review, since TD forecasting could lead to the development of practical decision-making mechanisms, which could assist developers and project managers in taking proactive actions regarding TD repayment.",2018.0,2018 International Conference on Intelligent Systems (IS),intelligent systems,A,Unknown,0.0,no_match,
fd252d0d0576482bcc543617093124531cff95f3,A logic for the stepwise development of reactive systems,"Abstract D ↓ is a new dynamic logic combining regular modalities with the binder constructor typical of hybrid logic, which provides a smooth framework for the stepwise development of reactive systems. Actually, the logic is able to capture system properties at different levels of abstraction, from high-level safety and liveness requirements, to constructive specifications representing concrete processes. The paper discusses its semantics, given in terms of reachable transition systems with initial states, its expressive power and a proof system. The methodological framework is in debt to the landmark work of D. Sannella and A. Tarlecki, instantiating the generic concepts of constructor and abstractor implementations by standard operators on reactive components, e.g. relabelling and parallel composition, as constructors, and bisimulation for abstraction.",2018.0,Theoretical Computer Science,theoretical computer science,A,Unknown,0.0,no_match,
fd46e3ce0426ec46e678072b4a5842e9961f0d3d,Integrating Technical Debt Management and Software Quality Management Processes: A Normative Framework and Field Tests,"Despite the increasing awareness of the importance of managing technical debt in software product development, systematic processes for implementing technical debt management in software production have not been readily available. In this paper we report on the development and field tests of a normative process framework that systematically incorporates steps for managing technical debt in commercial software production. The framework integrates processes required for technical debt management with existing software quality management processes prescribed by the project management body of knowledge (PMBOK), and it contributes to the further development of software-specific extensions to the PMBOK. We partnered with three commercial software product development organizations to implement the framework in real-world software production settings. All three organizations, irrespective of their varying software process maturity levels, were able to adopt the proposed framework and integrate the prescribed technical debt management processes with their existing software quality management processes. Our longitudinal observations and case-study interviews indicate that the organizations were able to accrue economic benefits from the adoption and use of the integrated framework.",2019.0,IEEE Transactions on Software Engineering,transactions on software engineering,A*,Unknown,0.0,no_match,
245fe77a10c6d80b6cd1e170d29e5c72460c8ace,Towards a Holistic Definition of Requirements Debt,"When not appropriately managed, technical debt is considered to have negative effects to the long term success of software projects. However, how the debt metaphor applies to requirements engineering in general, and to requirements engineering activities in particular, is not well understood. Grounded in the existing literature, we present a holistic definition of requirements debt which includes debt incurred during the identification, formalization, and implementation of requirements. We outline future assessment to validate and further refine our proposed definition. This conceptualization is a first step towards a requirements debt monitoring framework to support stakeholders decisions, such as when to incur and eventually pay back requirements debt, and at what costs.",2019.0,International Symposium on Empirical Software Engineering and Measurement,empirical software engineering and measurement,A,Unknown,0.0,no_match,
44513472ec2e98b8f7c180c2db7a12a1ebc52ef4,Management of quality requirements in agile and rapid software development: A systematic mapping study,"Abstract Context Quality requirements (QRs) describe the desired quality of software, and they play an important role in the success of software projects. In agile software development (ASD), QRs are often ill-defined and not well addressed due to the focus on quickly delivering functionality. Rapid software development (RSD) approaches (e.g., continuous delivery and continuous deployment), which shorten delivery times, are more prone to neglect QRs. Despite the significance of QRs in both ASD and RSD, there is limited synthesized knowledge on their management in those approaches. Objective This study aims to synthesize state-of-the-art knowledge about QR management in ASD and RSD, focusing on three aspects: bibliometric, strategies, and challenges. Research method Using a systematic mapping study with a snowballing search strategy, we identified and structured the literature on QR management in ASD and RSD. Results We found 156 primary studies: 106 are empirical studies, 16 are experience reports, and 34 are theoretical studies. Security and performance were the most commonly reported QR types. We identified various QR management strategies: 74 practices, 43 methods, 13 models, 12 frameworks, 11 advices, 10 tools, and 7 guidelines. Additionally, we identified 18 categories and 4 non-recurring challenges of managing QRs. The limited ability of ASD to handle QRs, time constraints due to short iteration cycles, limitations regarding the testing of QRs and neglect of QRs were the top categories of challenges. Conclusion Management of QRs is significant in ASD and is becoming important in RSD. This study identified research gaps, such as the need for more tools and guidelines, lightweight QR management strategies that fit short iteration cycles, investigations of the link between QRs challenges and technical debt, and extension of empirical validation of existing strategies to a wider context. It also synthesizes QR management strategies and challenges, which may be useful for practitioners.",2020.0,Information and Software Technology,information and software technology,A,Systematic Literature Review,1.0,,\bsystematic mapping study\b; \bsystematic mapping\b; \bsnowballing\b
a99d7e53b3f8edd37d183db2f082554511ee7323,An initial Theory to Understand and Manage Requirements Engineering Debt in Practice,"Context: Advances in technical debt research demonstrate the benefits of applying the financial debt metaphor to support decision-making in software development activities. Although decision-making during requirements engineering has significant consequences, the debt metaphor in requirements engineering is inadequately explored. Objective: We aim to conceptualize how the debt metaphor applies to requirements engineering by organizing concepts related to practitioners' understanding and managing of requirements engineering debt (RED). Method: We conducted two in-depth expert interviews to identify key requirements engineering debt concepts and construct a survey instrument. We surveyed 69 practitioners worldwide regarding their perception of the concepts and developed an initial analytical theory. Results: We propose a RED theory that aligns key concepts from technical debt research but emphasizes the specific nature of requirements engineering. In particular, the theory consists of 23 falsifiable propositions derived from the literature, the interviews, and survey results. Conclusions: The concepts of requirements engineering debt are perceived to be similar to their technical debt counterpart. Nevertheless, measuring and tracking requirements engineering debt are immature in practice. Our proposed theory serves as the first guide toward further research in this area.",2022.0,Information and Software Technology,information and software technology,A,Unknown,0.0,no_match,
47b80cb935c60b3bc3b453845e5aeb9c56dd4e9f,A Novel Parallel Motion Estimation Design and Implementation on GPU,"The development of high-resolution video mounts a serious challenge to the previous video coding standard. The appearance of the new generation standards greatly relieves the dilemma but increases the coding complexity dramatically. Motion estimation is considered as the module with a relatively high computational complexity. In this paper, a parallel motion estimation implementation is proposed, which includes pre-motion estimation, integer motion estimation, and fractional motion estimation. They are highly accelerated on GPU based on AVS2, which is one of the new generation standards. A rapid mapping table algorithm is introduced to improve the efficiency of data access. In addition, a quasi-integral-graph algorithm is designed to calculate SAD or SATD efficiently for blocks of different sizes. The two novel techniques can effectively improve the utilization and efficiency of threads and exploit the characteristics of GPU. The experimental results show that the proposed parallel method can effectively accelerate the motion estimation.",2019.0,IEEE Access,access,A,Unknown,0.0,no_match,
536e87ee1a645c8acbd8630957614d9f0d115b08,Negativity in self-admitted technical debt: how sentiment influences prioritization,"Self-Admitted Technical Debt, or SATD, is a self-admission of technical debt present in a software system. The presence of SATD in software systems negatively affects developers, therefore, managing and addressing SATD is crucial for software engineering. To effectively manage SATD, developers need to estimate its priority and assess the effort required to fix the described technical debt. About a quarter of descriptions of SATD in software systems express some form of negativity or negative emotions when describing technical debt. In this paper, we report on an experiment conducted with 59 respondents to study whether negativity expressed in the description of SATD actually affects the prioritization of SATD. The respondents are a mix of professional developers and students, and in the experiment, we asked participants to prioritize four vignettes: two expressing negativity and two expressing neutral sentiment. To ensure the vignettes were realistic, they were based on existing SATD extracted from a dataset. We find that negativity causes between one-third and half of developers to prioritize SATD in which negativity is expressed as having more priority. Developers affected by negativity when prioritizing SATD are twice as likely to increase their estimation of urgency and 1.5 times as likely to increase their estimation of importance and effort for SATD compared to the likelihood of decreasing these prioritization scores. Our findings show how developers actively use negativity in SATD to determine how urgently a particular instance of technical debt should be addressed. However, our study also describes a gap in the actions and belief of developers. Even if 33% to 50% use negativity to prioritize SATD, 67% of developers believe that using negativity as a proxy for priority is unacceptable. Therefore, we would not recommend using negativity as a proxy for priority. However, we also recognize it might be unavoidable that negativity is expressed by developers to describe technical debt.",2025.0,Empirical Software Engineering,empirical software engineering,A,Unknown,0.0,no_match,
d87a7b74d24ea8a9dd088f7f00b289b6a45f4b27,Progressive Spatial Recurrent Neural Network for Intra Prediction,"Intra prediction is an important component of modern video codecs, which is able to efficiently squeeze out the spatial redundancy in video frames. With preceding pixels as the context, traditional intra prediction schemes generate linear predictions based on several predefined directions (i.e., modes) for blocks to be encoded. However, these modes are relatively simple and their predictions may fail when facing blocks with complex textures, which leads to additional bits encoding the residue. In this paper, we design a progressive spatial recurrent neural network (PS-RNN) that learns to conduct intra prediction. Specifically, our PS-RNN consists of three spatial recurrent units and progressively generates predictions by passing information along from preceding contents to blocks to be encoded. To make our network generate predictions considering both distortion and bit rate, we propose using sum of absolute transformed difference (SATD) as the loss function to train PS-RNN since SATD is able to measure rate-distortion cost of encoding a residue block. Moreover, our method supports variable-block-size for intra prediction, which is more practical in real coding conditions. The proposed intra prediction scheme achieves on average 2.5% bit-rate reduction on variable-block-size settings under the same reconstruction quality compared with HEVC.",2018.0,IEEE transactions on multimedia,transactions on multimedia,A*,Unknown,0.0,no_match,
03889bd6987c0110a2a504d78478990dfbd4e85d,On Optimal Clearing Payments in Financial Networks,"Modern financial networks are characterized by complex structures of mutual obligations. Such interconnections may propagate and amplify individual defaults, leading in some cases to financial disaster. For this reason, mathematical models for the study and control of systemic risk have attracted considerable research attention in recent years. One important line of research is concerned with mechanisms of clearing, that is, the mechanism by which mutual debts are repaid, in the regular regime, or in a default regime. One of the first models of a clearing mechanism was proposed by Eisenberg and Noe in [1], which introduced the concept of clearing vector of payments. In this paper, we propose a necessary and sufficient condition for the uniqueness of the clearing vector applicable to an arbitrary topology of the financial network. Further, we show that the overall system loss can be reduced if one relaxes the pro-rata rule and replaces the clearing vector by a matrix of clearing payments. This approach shifts the focus from the individual interest to the system, or social, interest, in order to control and contain the adverse effects of cascaded failures.",2021.0,IEEE Conference on Decision and Control,conference on decision and control,A,Unknown,0.0,no_match,
572863f85c3debd1a0787dcba3fb3b0dd03faf66,Software Fairness Debt: Building a Research Agenda for Addressing Bias in AI Systems,"Ensuring fairness in software systems has become a critical concern in software engineering. Motivated by this challenge, this article explores the multifaceted nature of bias in software systems, providing a comprehensive understanding of its origins, manifestations, and impacts. Through a scoping study, we identified the primary causes of fairness deficiencies in software development and highlighted their adverse effects on individuals and communities, including instances of discrimination and the perpetuation of inequalities. Our investigation culminated in the introduction of the concept of software fairness debt. In addition to defining fairness debt, we propose a socio-technical roadmap that addresses broader aspects of fairness in AI-driven systems. This roadmap is structured around six goals: bridging the gap between research and real-world applications, developing a framework for fairness debt, equipping practitioners with tools and knowledge, improving bias mitigation, integrating fairness tools into industry practice, and enhancing explainability and transparency in AI systems. This roadmap provides a holistic approach to managing biases in software systems through software fairness debt, offering actionable steps for both research and practice. By guiding researchers and practitioners, our roadmap aims to foster the development of more equitable and socially responsible software systems, ensuring fairness is embedded throughout the software lifecycle.",2024.0,ACM Transactions on Software Engineering and Methodology,transactions on software engineering and methodology,A*,Position Paper,1.0,,\broadmap\b; \bresearch agenda\b
c0da4f50499c4d2f21ac9cae79727f5165746a61,Understanding Community Smells Variability: A Statistical Approach,"Social debt has been defined as the presence in a project of costly sub-optimal organizational conditions, e.g., non-cohesive development communities whose members have communication or coordination issues. Community smells are indicators of such sub-optimal organizational structures and may well lead to social debt. Recently, several studies analyzed actors affecting presence of community smells and their harmfulness, or proposed refactoring strategies to mitigate them. However, to the best of our knowledge, there is still a limited understanding of the factors influencing the variability of community smells, namely how they increase/decrease in magnitude over time. In this paper, we aim at conducting the first statistical experimentation on the matter, by analyzing how a set of 40 socio-technical factors, e.g., turnover or communicability, impact the variability of four community smells on a dataset composed of 60 open-source communities. The results of the study reveal that communicability is, in most cases, important to reduce the risk of an increase of community smell instances, while broadening the collaboration network does not always have a positive effect.",2021.0,2021 IEEE/ACM 43rd International Conference on Software Engineering: Software Engineering in Society (ICSE-SEIS),software engineering,A*,Unknown,0.0,no_match,
e9a7dc4d1e5f3074a5fbdd40aff78736929fdfe9,Stakeholder Value Criteria for Technical Debt Acquisition Decisions: An Empirical Analysis,"Context: Technical Debt (TD) decision-making is a central challenge in software engineering. Although often framed as a rational economic trade-off, this perspective overlooks the complex real-world dynamics through which TD is negotiated, enacted, and justified in practice. Objective: This study addresses that gap by developing an empirically grounded theoretical framework that explains how TD decisions are made, not only as technical choices but also as situated, socio-technical and symbolic performances. Method: We conducted a qualitative study based on in-depth, semi-structured interviews with eleven experienced software professionals occupying diverse roles in the Brazilian software industry. We used a Grounded Theory-inspired thematic analysis to examine how participants describe and rationalize decisions to incur technical debt. Results: Our main contribution is the Situated Performance Framework for Technical Debt (SPF-TD). This framework re-conceptualizes TD decision-making as a situated performance shaped by five interconnected axes: relational (driven by client and stakeholder relationships), temporal (structured by urgency and delivery pressure), cognitive (guided by heuristics and professional habits), symbolic (enacted through framing and justification), and institutional-political (shaped by organizational culture and power dynamics). The SPF-TD reveals TD not as a static liability, but as a dynamic outcome of continuous negotiation within social and institutional systems. Conclusion: By foregrounding TD decisions’ symbolic and performative nature, the SPF-TD provides a richer and more realistic lens for both researchers and practitioners. It calls for a shift in TD management from purely technical or economic control mechanisms to more reflective, context-aware practices that engage with the human and organizational conditions under which debt is created and sustained.",2026.0,ACM Transactions on Software Engineering and Methodology,transactions on software engineering and methodology,A*,Unknown,0.0,tie:Empirical Study|Theoretical Contribution,\bempirical analysis\b; \btheoretical framework\b
0c611a2b618cd8cab0a2e4d03e42d60031a08cbc,"""My Privacy for their Security"": Employees' Privacy Perspectives and Expectations when using Enterprise Security Software","Employees are often required to use Enterprise Security Software (""ESS"") on corporate and personal devices. ESS products collect users' activity data including users' location, applications used, and websites visited - operating from employees' device to the cloud. To the best of our knowledge, the privacy implications of this data collection have yet to be explored. We conduct an online survey (n=258) and a semi-structured interview (n=22) with ESS users to understand their privacy perceptions, the challenges they face when using ESS, and the ways they try to overcome those challenges. We found that while many participants reported receiving no information about what data their ESS collected, those who received some information often underestimated what was collected. Employees reported lack of communication about various data collection aspects including: the entities with access to the data and the scope of the data collected. We use the interviews to uncover several sources of misconceptions among the participants. Our findings show that while employees understand the need for data collection for security, the lack of communication and ambiguous data collection practices result in the erosion of employees' trust on the ESS and employers. We obtain suggestions from participants on how to mitigate these misconceptions and collect feedback on our design mockups of a privacy notice and privacy indicators for ESS. Our work will benefit researchers, employers, and ESS developers to protect users' privacy in the growing ESS market.",2022.0,USENIX Security Symposium,usenix security symposium,A*,Survey,1.0,,\bonline survey\b
33e8a73f4621e2cb80e4e6fb86f856d618c53333,"SPHERA v.9.0.0: A Computational Fluid Dynamics research code, based on the Smoothed Particle Hydrodynamics mesh-less method","Abstract SPHERA v.9.0.0 (RSE SpA) is a FOSS CFD-SPH research code validated on the following application fields: floods with transport of solid bodies and bed-load transport; fast landslides and their interactions with water reservoirs; sediment removal from water bodies; fuel sloshing tanks; hydrodynamic lubrication for energy efficiency actions in the industrial sector. SPHERA is featured by several numerical schemes dealing with: transport of solid bodies in fluid flows; treatment of fixed and mobile solid boundaries; dense granular flows and an erosion criterion. The source and executable codes, the input files and the free numerical chain of SPHERA v.9.0.0 are presented. Some reference validations and applications are also provided. SPHERA is developed and distributed on a GitHub public repository. Program summary Program title: SPHERA v.9.0.0 Program files doi: http://dx.doi.org/10.17632/pwv9rsf3w8.1 Code Ocean capsule: https://doi.org/10.24433/CO.7457751.v1 Licensing provisions: GNU General Public License 3 Programming language: Fortran 95 Supplementary material: software documentation/guide, 34 tutorials Nature of problem: SPHERA v.9.0.0 has been applied to free-surface and multi-phase flows involving the following application fields: floods (with transport of solid bodies, bed-load transport and a domain spatial coverage up to some hundreds of squared kilometres), fast landslides and wave motion, sediment removal from water reservoirs, fuel sloshing tanks, hydrodynamic lubrication. Solution method: SPHERA v.9.0.0 is a research FOSS (“Free/Libre and Open-Source Software”) code based on the SPH (“Smoothed Particle Hydrodynamics”) technique, a mesh-less Computational Fluid Dynamics numerical method for free surface and multi-phase flows. The five numerical schemes featuring SPHERA v.9.0.0 deal with: dense granular flows; transport of solid bodies in free surface flows; boundary treatment for both mobile and fixed frontiers; 2D erosion criterion. Additional comments including restrictions and unusual features: SPHERA v.9.0.0 is a 3D research FOSS (“Free/Libre and Open-Source Software”) code (developed under the subversion control system Git) with peculiar features for: floods (with transport of solid bodies, bed-load transport and a domain spatial coverage up to some hundreds of squared kilometres), fast landslides and wave motion, sediment removal from water reservoirs, fuel sloshing tanks, hydrodynamic lubrication. The whole numerical chain of SPHERA is made of FOSS, freeware and Open Data numerical tools. References: SPHERA (RSE SpA), https://github.com/AndreaAmicarelliRSE/SPHERA , last access on 28May2019 Amicarelli A., G. Agate, R. Guandalini; 2013; A 3D Fully Lagrangian Smoothed Particle Hydrodynamics model with both volume and surface discrete elements; International Journal for Numerical Methods in Engineering, 95: 419–450, DOI: 10.1002/nme.4514 Amicarelli A., R. Albano, D. Mirauda, G. Agate, A. Sole, R. Guandalini; 2015; A Smoothed Particle Hydrodynamics model for 3D solid body transport in free surface flows; Computers & Fluids, 116:205–228. DOI 10.1016/j.compfluid.2015.04.018 Amicarelli A., B. Kocak, S. Sibilla, J. Grabe; 2017; A 3D Smoothed Particle Hydrodynamics model for erosional dam-break floods; International Journal of Computational Fluid Dynamics, 31(10):413-434; DOI 10.1080/10618562.2017.1422731 Manenti S., S. Sibilla, M. Gallati, G. Agate, R. Guandalini; 2012; SPH Simulation of Sediment Flushing Induced by a Rapid Water Flow; Journal of Hydraulic Engineering ASCE 138(3): 227–311. Di Monaco A., S. Manenti, M. Gallati, S. Sibilla, G. Agate, R. Guandalini; 2011; SPH modelling of solid boundaries through a semi-analytic approach. Engineering Applications of Computational Fluid Mechanics, 5(1):1-15.",2020.0,Computer Physics Communications,computer physics communications,A,Tool Paper,1.0,,\b(?:github|gitlab)\.com/\S+
68474108cc0a0f40bef778a3bc53d8c54a937336,Finding and Using Design Information in Discussions,"A software system's design determines many of its properties. An understanding of design is needed to maintain system properties as changes to the system are made. When developers lose track of the overall design, the system may not conform to its intended properties. I hypothesize that it is possible to solve the problems of design evaporation and erosion by recovering design information from written developer discussions and by leveraging the recovered information to help developers make better decisions. As part of investigating this hypothesis, I have built an automated classifier that is able to locate design information in discussions, at the paragraph level, by learning from manual annotations of discussions extracted from open source pull requests. I next plan to extract and represent the design information from the identified paragraphs and to show the usefulness of the information by creating tools to help notify developers of design information relevant to a task at hand.",2019.0,2019 IEEE/ACM 41st International Conference on Software Engineering: Companion Proceedings (ICSE-Companion),software engineering,A*,Unknown,0.0,no_match,
8667c2542c3bb45692aa8db2fa2fcb9331afe23c,CFD study of fluid flow changes with erosion,"Abstract For the first time, a three dimensional mesh deformation algorithm is used to assess fluid flow changes with erosion. The validation case chosen is the Jet Impingement Test, which was thoroughly analysed in previous works by Hattori et al. (Kenichi Sugiyama and Harada, 2008), Gnanavelu et al. in (Gnanavelu et al., 2009, 2011), Lopez et al. in (Lopez et al., 2015) and Mackenzie et al. in (Mackenzie et al., 2015). Nguyen et al. (2014) showed the formation of a new stagnation area when the wear scar is deep enough by performing a three-dimensional scan of the wear scar after 30 min of jet impingement test. However, in the work developed here, this stagnation area was obtained solely by computational means. The procedure consisted of applying an erosion model in order to obtain a deformed geometry, which, due to the changes in the flow pattern lead to the formation of a new stagnation area. The results as well as the wear scar were compared to the results by Nguyen et al. (2014) showing the same trend. OpenFOAM® was the software chosen for the implementation of the deforming mesh algorithm as well as remeshing of the computational domain after deformation. Different techniques for mesh deformation and approaches to erosion modelling are discussed and a new methodology for erosion calculation including mesh deformation is developed. This new approach is independent of the erosion modelling approach, being applicable to both Eulerian and Lagrangian based equations for erosion calculation. Its different applications such as performance decay in machinery subjected to erosion as well as modelling of natural erosion processes are discussed here.",2018.0,Computer Physics Communications,computer physics communications,A,Unknown,0.0,no_match,
cc542c6fb3086db078ba1b128a88ed78fb4aa46b,Numerical Simulations on Flow Characteristics of a Nozzle-Flapper Servo Valve With Diamond Nozzles,"Nozzle-flapper servo valves are widely used in modern electro-hydraulic control systems of many engineering applications. Flow cavitation in the nozzle-flapper pilot stage could produce noise and cavitation erosion, reducing the performance stability and reliability of the servo valves. In this paper, diamond nozzles are proposed to replace the traditional circular nozzles to reduce the flow cavitation in the nozzle-flapper stage. Numerical simulations using CFD software ANSYS/FLUENT were conducted to explore the flow characteristics of the nozzle-flapper pilot stage. Mass flow rate and image measurements were performed to verify the simulation results. Vapor fraction, lateral velocity, pressure distribution, and flow force are compared in detail between the pilot stage with the traditional nozzles and with the diamond nozzles. It is found that the vapor fraction is greatly reduced under the effect of the diamond nozzles. Finally, to explore the effect of the diamond nozzles on the performance of the nozzle-flapper servo valve, the pressure-flow characteristics and time step response of the load flow rate are examined using the software AMESim. The simulation results show that the pressure-flow characteristics and time step response of the load flow rate almost remain the same. This suggests that the diamond nozzles could suppress the cavitation in the nozzle-flapper servo valve without varying its performance.",2019.0,IEEE Access,access,A,Unknown,0.0,no_match,
0ea5ef082c9b8df726fc07dc2c3a41334f9ca99c,The use of incentives to promote Technical Debt management,"When developing software, it is vitally important to keep the level of technical debt down since it is well established from several studies that technical debt can, e.g., lower the development productivity, decrease the developers' morale, and compromise the overall quality of the software. However, even if researchers and practitioners working in today's software development industry are quite familiar with the concept of technical debt and its related negative consequences, there has been no empirical research focusing specifically on how software managers actively communicate and manage the need to keep the level of technical debt as low as possible.",2021.0,Information and Software Technology,information and software technology,A,Unknown,0.0,no_match,
1cfb0c1c9f659261456daabf17cbe1cfd878f0a5,An Empirical Study on Technical Debt in a Finnish SME,"Background. The need to release our products under tough time constraints has required us to take shortcuts during the implementation of our products and to postpone the correct implementation, thereby accumulating Technical Debt. Objective. In this work, we report the experience of a Finnish SME in managing Technical Debt (TD), investigating the most common types of TD they faced in the past, their causes, and their effects. Method. We set up a focus group in the case-company, involving different roles. Results. The results showed that the most significant TD in the company stems from disagreements with the supplier and lack of test automation. Specification and test TD are the most significant types of TD. Budget and time constraints were identified as the most important root causes of TD. Conclusion. TD occurs when time or budget is limited or the amount of work are not understood properly. However, not all postponed activities generated ”debt”. Sometimes the accumulation of TD helped meet deadlines without a major impact, while in other cases the cost for repaying the TD was much higher than the benefits. From this study, we learned that learning, careful estimations, and continuous improvement could be good strategies to mitigate TD These strategies include iterative validation with customers, efficient communication with stakeholders, meta-cognition in estimations, and value orientation in budgeting and scheduling.",2019.0,International Symposium on Empirical Software Engineering and Measurement,empirical software engineering and measurement,A,Empirical Study,1.0,,\bempirical study\b
2a65c31d3fb6765fea0fec12d3f01a393c6bf2a0,Software developer productivity loss due to technical debt - A replication and extension study examining developers' development work,"Software companies need to deliver customer value continuously, both from a short- and long-term perspective. However, software development can be impeded by technical debt (TD). Although significant theoretical work has been undertaken to describe the negative effects of TD, little empirical evidence exists on how much wasted time and additional activities TD causes. The study aims to explore the consequences of TD in terms of wastage of development time. This study investigates on which activities this wasted time is spent and whether different TD types impact the wasted time differently. This study reports the results of a longitudinal study surveying 43 developers and including16 interviews followed by validation by an additional study using a different and independent dataset and focused on replicating the findings addressing the findings. The analysis of the reported wasted time revealed that developers waste, on average, 23% of their time due to TD and that developers are frequently forced to introduce new TD. The most common activity on which additional time is spent is performing additional testing. The study provides evidence that TD hinders developers by causing an excessive waste of working time, where the wasted time negatively affects productivity.",2019.0,Journal of Systems and Software,journal of systems and software,A,Unknown,0.0,no_match,
2e80514248cda3d3b8d8a67931edb94c5a68eb42,Techno-Economic Investment Risk Modeling of Battery Energy Storage System Participating in Day-Ahead Frequency Regulation Market,"Owing to its high capital cost, Battery Energy Storage System (BESS) investment risk has received considerable attention in recent years. Currently, day-ahead frequency regulation service is one major revenue source for BESS, and the revenue is exposed to a compound of stochastic market risk and technical risk. On the market risk side, due to a lack of long-term contracts, investors are exposed to “price risk” and “volume (revenue hours) risk” over the entire investment horizon of 5–10 years. On the technical side, performance issues such as equipment degradation and inherent defects can result in reduced or even negative revenue for BESS under the pay-for-performance remuneration structure. Quantifying these risks is important for investors and banks to assess a project’s investability and bankability. However, existing BESS techno-economic literature has mostly focused on developing optimal control strategies to maximize revenue or optimal battery sizing to reduce capital expenditure. To our knowledge, none of the literature to date has addressed the long-term risk perspective of BESS investment. This study aims to fill this gap by developing a long-term probabilistic revenue estimate that considers these risk factors using Monte Carlo simulations. A case study using Taiwan’s newly launched day-ahead market, which has similar grid dynamics and revenue risk factors as in most markets, is also presented in this paper. Simulation result shows that, for the conservative P90 (90% exceedance probability) scenario, expected return of a hypothetical 10MW (half-hour battery) BESS investment is 8.65% and its debt service coverage ratio is 1.189.",2024.0,IEEE Access,access,A,Case Study,1.0,,\bcase study\b
377ce47bf6d58eefee1d2099c31b5143d39ed1a1,Technical Debt Monitoring Decision Making with Skin in the Game,"Technical Debt Management (TDM) can suffer from unpredictability, communication gaps and the inaccessibility of relevant information, which hamper the effectiveness of its decision making. These issues can stem from division among decision-makers which takes root in unfair consequences of decisions among different decision-makers. One mitigation route is Skin in the Game thinking, which enforces transparency, fairness and shared responsibility during collective decision-making under uncertainty. This article illustrates characteristics which require Skin in the Game thinking in Technical Debt (TD) identification, measurement, prioritisation and monitoring. We point out crucial problems in TD monitoring rooted in asymmetric information and asymmetric payoff between different factions of decision-makers. A systematic TD monitoring method is presented to mitigate the said problems. The method leverages Replicator Dynamics and Behavioural Learning. The method supports decision-makers with automated TD monitoring decisions; it informs decision-makers when human interventions are required. Two publicly available industrial projects with a non-trivial number of TD and timestamps are utilised to evaluate the application of our method. Mann–Whitney U hypothesis tests are conducted on samples of decisions from our method and the baseline. The statistical evidence indicates that our method can produce cost-effective and contextual TD monitoring decisions.",2024.0,ACM Transactions on Software Engineering and Methodology,transactions on software engineering and methodology,A*,Unknown,0.0,no_match,
4d7536f25b408c2d5a640cf32debe152d71181bd,"Embracing Technical Debt, from a Startup Company Perspective","Software startups are typically under extreme pressure to get to market quickly with limited resources and high uncertainty. This pressure and uncertainty is likely to cause startups to accumulate technical debt as they make decisions that are more focused on the short-term than the long-term health of the codebase. However, most research on technical debt has been focused on more mature software teams, who may have less pressure and, therefore, reason about technical debt very differently than software startups. In this study, we seek to understand the organizational factors that lead to and the benefits and challenges associated with the intentional accumulation of technical debt in software startups. We interviewed 16 professionals involved in seven different software startups. We find that the startup phase, the experience of the developers, software knowledge of the founders, and level of employee growth are some of the organizational factors that influence the intentional accumulation of technical debt. In addition, we find the software startups are typically driven to achieve a ""good enough level,"" and this guides the amount of technical debt that they intentionally accumulate to balance the benefits of speed to market and reduced resources with the challenges of later addressing technical debt.",2018.0,IEEE International Conference on Software Maintenance and Evolution,software maintenance and evolution,A,Unknown,0.0,no_match,
714feeff1daa5e9b71c1e6ba3420ef085fd8d69e,Preventing technical debt with the TAP framework for Technical Debt Aware Management,"Context. Technical Debt (TD) is a metaphor for technical problems that are not visible to users and customers but hinder developers in their work, making future changes more difficult. TD is often incurred due to tight project deadlines and can make future changes more costly or impossible. Project Management usually focuses on customer benefits and pays less attention to their IT systems' internal quality. TD prevention should be preferred over TD repayment because subsequent refactoring and re-engineering are expensive. Objective. This paper evaluates a framework focusing on both TD prevention and TD repayment in the context of agile-managed projects. The framework was developed and applied in an IT unit of a publishing house. The unique contribution of this framework is the integration of TD management into project management. Method. The evaluation was performed as a comparative case study based on ticket statistics and two structured surveys. The surveys were conducted in the observed IT unit using the framework and a comparison unit not using the framework. The first survey targeted team members, the second one IT managers. Results. The evaluation shows that in this IT unit, the TAP framework led to a raised awareness for the incurrence of TD. Decisions to incur TD are intentional, and TD is repaid timelier. Unintentional TD incurred by unconscious decisions is prevented. Furthermore, better communication and better planning of the project pipeline can be observed. Conclusions. We provide an insight into practitioners' ways to identify, monitor, prevent and repay TD. The presented framework includes a feasible method for TD prevention despite tight timelines by making TD repayment part of project management.",2021.0,Information and Software Technology,information and software technology,A,Case Study,1.0,,\bcase study\b
8076bb1c2221a586b8c351eb7669e9aac3ee1078,Exploring the Relationship Between Technical Debt and Lead Time: An Industrial Case Study,"Background: Software companies must balance fast delivery and quality, a trade-off that often introduces technical debt and wastes developer's time. Technical debt tends to increase as software evolves, which is assumed to slow down development and maintenance activities. However, the potential relationship between technical debt and lead time lacks empirical evidence. Objective: This paper reports an empirical study to explore the potential relationship between technical debt and lead time in resolving Jira tickets. We further aim to measure the extent to which technical debt can explain the variation in lead time. Method: We conducted an industrial case study to explore this relationship in six components, each of which was analyzed individually. Technical debt was measured using SonarQube and normalized with the component's size. Lead times to resolve Jira tickets were collected from Jira and averaged monthly. Results: The study found little to no correlation between technical debt and lead time to resolve Jira tickets in five components, with technical debt explaining a variation in lead time ranging from 0% to 41%. However, it is less than 30% in most of the components. Conclusion: Technical debt alone does not fully explain the variation in lead time. There should be some other confounding variables (e.g., size and complexity of the changes, number of teams involved, priorities, component ownership) affecting lead time or a residual effect, i.e., interest, that might manifest later. Further investigation into those confounding variables is essential.",2025.0,"IEEE International Conference on Software Analysis, Evolution, and Reengineering",software analysis evolution and reengineering,A,Unknown,0.0,tie:Empirical Study|Case Study,\bcase study\b; \bempirical study\b
8cae68772e384b18127891010f0f3a24c90dba8b,A Debt-Aware Learning Approach for Resource Adaptations in Cloud Elasticity Management,"Elasticity is a cloud property that enables applications and their execution systems to dynamically acquire and release shared computational resources on demand. Moreover, it unfolds the advantage of economies of scale in the cloud through a drop in the average costs of these shared resources. However, it is still an open challenge to achieve a perfect match between resource demand and provision in autonomous elasticity management. Resource adaptation decisions essentially involve a trade-off between economics and performance, which produces a gap between the ideal and actual resource provisioning. This gap, if not properly managed, can negatively impact the aggregate utility of a cloud customer in the long run. To address this limitation, we propose a technical debt-aware learning approach for autonomous elasticity management based on a reinforcement learning of debts in resource provisioning; the adaptation pursues strategic decisions that values the potential utility produced by the gaps between resource supply and demand. We extend CloudSim and Burlap to evaluate our approach. The evaluation indicates that a debt-aware elasticity management obtains a higher utility for a cloud customer, while conforming expected levels of performance.",2017.0,International Conference on Service Oriented Computing,service oriented computing,A,Position Paper,1.0,,\bopen challenges?\b
8d0ad47e170d6c59f134b6005c45ca4d820816d7,"Searching for Technical Debt - An Empirical, Exploratory, and Descriptive Case Study","Commonly, Technical Debt (TD) is used as metaphor to describe “technical compromises that are expedient in the short term, but that create a technical context that increases complexity and cost in the long term” [1]. Since TD is a metaphor, there does not exist a uniform understanding of what concretely such “technical compromises” are. Practitioners, researchers, and tools all subsume and consider widely different concepts as TD. In this paper, we set out to empirically and exploratorily, identify potential “technical compromises” that increase cost and complexity of modifications of two open-source database systems (Apache Cassandra and GCHQ Gaffer). In a manual investigation of 217 commits that are associated to 40 of the most costly and complex issues, we find that refactorings in the sense of Ur-TD [2] are often related to high complexity of modifications and that high cost is due to organization and coordination of work. Other than that, we cannot identify any “technical compromises” that can explain high cost and complexity of the studied contributions.",2022.0,"IEEE International Conference on Software Analysis, Evolution, and Reengineering",software analysis evolution and reengineering,A,Case Study,1.0,,\bcase study\b
8e34864c892b9b723c08a8f44f0605691d6a53a3,4th International workshop on managing technical debt (MTD 2013),"Although now 20 years old, only recently has the concept of technical debt gained some momentum and credibility in the software engineering community. The goal of this fourth workshop on managing technical debt is to engage researchers and practitioners in exchanging ideas on viable research directions and on how to put the concept to actual use, beyond its usage as a rhetorical instrument to discuss the fate and ailments of software development projects. The workshop participants presented and discussed approaches to detect, analyze, visualize, and manage technical debt, in its various forms, on large software-intensive system developments.",2013.0,International Conference on Software Engineering,software engineering,A*,Unknown,0.0,no_match,
984ca5bfe3aace4321a747eb02620d9b2511bacb,Capture the Feature Flag: Detecting Feature Flags in Open-Source,"Feature flags (a.k.a feature toggles) are a mechanism to keep new features hidden behind a boolean option during development. Flags are used for many purposes, such as A/B testing and turning off a feature more easily in case of failures. While software engineering research on feature flags is burgeoning, examples of software projects using flags rarely come from outside commercial and private projects, stifling academic progress. To address this gap, in this paper we present a novel semi-automated mining software repositories approach to detect feature flags in open-source projects, based on analyzing the projects' commit messages and other project characteristics. With our approach, we search over all open-source GitHub projects, finding multiple thousand plausible and active candidate feature flagging projects. We manually validate projects and assemble a dataset of 100 confirmed feature flagging projects. To demonstrate the benefits of our detection technique, we report on an initial analysis of feature flags in the validated sample of 100 projects, investigating practices that correlate with shorter flag lifespans (typically desirable to reduce technical debt), such as using the issue tracker and having a flag owner.",2020.0,IEEE Working Conference on Mining Software Repositories,mining software repositories,A,Empirical Study,1.0,,\bmining software repositories?\b; \b\d+ (?:open[- ]source |open )?projects?\b
b7dccf6ad9702198c03693e68aac787ee1cfe0db,A Taste of the Software Industry Perception of Technical Debt and its Management in Uruguay: A survey in software industry,"Background: Technical debt (TD) has been an important focus of attention in recent years by the scientific community and the software industry. TD is a concept for expressing the lack of internal software quality that directly affects its capacity to evolve. Some studies have focused on the TD industry perspective. Aims: To characterize how the software industry professionals in Uruguay understand, perceive, and adopt technical debt management (TDM) activities. Method: To replicate a Brazilian survey with the Uruguayan software industry and compare their findings. Results: From 259 respondents, many indicated any awareness of the TD concept due to the faced difficult to realize how to associate such a concept with actual software issues. Therefore, it is possible to observe a considerable variability in the importance of TDM among the respondents. However, a small part of the respondents declares to carry out TDM activities in their organizations. A list of software technologies declared as used by practitioners was produced and can be useful to support TDM activities. Conclusions: The TD concept and its management are not common yet in Uruguay. There are indications of TD unawareness and difficulties in the conduction of some TDM activities considered as very important by the practitioners. There is a need for more effort aiming to disseminate the TD knowledge and to provide software technologies to support the adoption of TDM in Uruguay. It is likely other software engineering communities face similar issues. Therefore, further investigations in these communities can be of interest.",2020.0,International Symposium on Empirical Software Engineering and Measurement,empirical software engineering and measurement,A,Unknown,0.0,no_match,
c94c2f1c8b322532e6fe9cf9b5a52b4bbd20db90,Toward a Resilience-Oriented Understanding of Unit Test Suites and Refactoring in Software Evolution,"Unit testing is widely advocated for improving software reliability and maintainability, yet little is known about how developers experience its interaction with refactoring and technical debt. In my early-stage doctoral research, I conducted a preliminary study with 109 professional developers to investigate how unit test suites support—or hinder—refactoring efforts. The findings reveal developer expectations that unit test suites should enable safe, productive change, but also frustrations with fragile tests that break during refactoring. This paper outlines the insights gained, lessons learned about conducting empirical software engineering research, and my evolving proposal: to define and empirically ground the concept of “unit test suite resilience to refactoring.” I present the open questions I find personally meaningful, and describe how I intend to explore frameworks and practices that increase the adaptability of unit test suites.",2025.0,IEEE International Conference on Software Maintenance and Evolution,software maintenance and evolution,A,Experience Report,1.0,,\blessons learned\b
d25a65c2d0d1e382ed510d45ce7afa42289d71a0,"Technical Debt: Past, present, and future (Panel)","The term “Technical Debt” was coined over 20 years ago by Ward Cunningham in a 1992 OOPSL A experience report to de scribe the tr ade-offs between delivering the most appropriate — albeit likely immature — product, in the shortest time possible. Since then the repercussions of going into “technical debt” have become more visible, yet not necessarily more broadly understood. This panel will bring together practitioners to discuss and debate strategies for debt relief.",2013.0,International Conference on Software Engineering,software engineering,A*,Experience Report,1.0,,\bexperience report\b
ded3f6151f8286e3841fb295e1ba89fb16fc08dd,Technical Debt Management: The Road Ahead for Successful Software Delivery,"Technical Debt, considered by many to be the ‘silent killer’ of software projects, has undeniably become part of the everyday vocabulary of software engineers. We know it compromises the internal quality of a system, either deliberately or inadvertently. We understand Technical Debt is not all derogatory, often serving the purpose of expediency. But, it is associated with a clear risk, especially for large and complex systems with extended service life: if we do not properly manage Technical Debt, it threatens to “bankrupt” those systems. Software engineers and organizations that develop software-intensive systems are facing an increasingly more dire future state of those systems if they do not start incorporating Technical Debt management into their day to day practice. But how? What have the wins and losses of the past decade of research and practice in managing Technical Debt taught us and where should we focus next? In this paper, we examine the state of the art in both industry and research communities in managing Technical Debt; we subsequently distill the gaps in industrial practice and the research shortcomings, and synthesize them to define and articulate a vision for what Technical Debt management looks like five years hence.",2023.0,2023 IEEE/ACM International Conference on Software Engineering: Future of Software Engineering (ICSE-FoSE),software engineering,A*,Unknown,0.0,no_match,
eec1ca32a11e39f813277f67657c6c512f446bfc,"PVAC: package version activity categorizer, leveraging semantic versioning in a heterogeneous system","Modern open-source software ecosystems, such as those managed by GNU/Linux distributions, are composed of numerous packages developed independently by diverse communities. These ecosystems employ package management tools to facilitate software installation and dependency resolution. However, these tools lack robust mechanisms for systematically evaluating the development activity and versioning dynamics within their heterogeneous software environments. This research aims to introduce a systematic method and a prototype tool for assessing version activity within heterogeneous package manager ecosystems, enabling quantitative analysis of software package updates. We developed a P̲\documentclass[12pt]{minimal} \usepackage{amsmath} \usepackage{wasysym} \usepackage{amsfonts} \usepackage{amssymb} \usepackage{amsbsy} \usepackage{mathrsfs} \usepackage{upgreek} \setlength{\oddsidemargin}{-69pt} \begin{document}$$ \underline{{\textbf {P}}} $$\end{document}ackage V̲\documentclass[12pt]{minimal} \usepackage{amsmath} \usepackage{wasysym} \usepackage{amsfonts} \usepackage{amssymb} \usepackage{amsbsy} \usepackage{mathrsfs} \usepackage{upgreek} \setlength{\oddsidemargin}{-69pt} \begin{document}$$ \underline{{\textbf {V}}} $$\end{document}ersion A̲\documentclass[12pt]{minimal} \usepackage{amsmath} \usepackage{wasysym} \usepackage{amsfonts} \usepackage{amssymb} \usepackage{amsbsy} \usepackage{mathrsfs} \usepackage{upgreek} \setlength{\oddsidemargin}{-69pt} \begin{document}$$ \underline{{\textbf {A}}} $$\end{document}ctivity C̲\documentclass[12pt]{minimal} \usepackage{amsmath} \usepackage{wasysym} \usepackage{amsfonts} \usepackage{amssymb} \usepackage{amsbsy} \usepackage{mathrsfs} \usepackage{upgreek} \setlength{\oddsidemargin}{-69pt} \begin{document}$$ \underline{{\textbf {C}}} $$\end{document}ategorizer (PVAC) that consists of three components. The Version Categorizer (VC), which categorizes diverse semantic version numbers, a Version Number Delta (VND) component, which calculates a numeric score representing the aggregated semantic version changes across packages at the ecosystem level, and finally, an Activity Categorizer (AC) that categorizes the activity of individual packages within that ecosystem. PVAC utilizes tailored regular expressions to parse semantic versioning details (epoch, major, minor, and patch versions) from diverse package version strings, enabling consistent categorization and quantitative scoring of version changes. PVAC was empirically evaluated using a dataset of 22,535 packages drawn from recent releases of Debian and Ubuntu GNU/Linux distributions. Our findings demonstrate PVAC’s effectiveness for accurately categorizing versioning schemes and quantitatively measuring version activity across releases. We provide empirical evidence confirming that semantic versioning, including adapted variations, is predominantly employed across these ecosystems. PVAC represents an effective solution for systematically assessing and monitoring the software package version activity within heterogeneous ecosystems. By providing clear metrics for software activity at both the ecosystem and individual package levels, PVAC helps software maintainers and researchers precisely identify packages that require updates or security remediation, thereby reducing potential security risks, technical debt, and technical lag.",2024.0,Empirical Software Engineering,empirical software engineering,A,Tool Paper,1.0,,\bprototype (?:tool|implementation)\b
e65e12ff199e5da03b4606f207e9ef04835aa003,Predicting β-turns and their types using predicted backbone dihedral angles and secondary structures,"Backgroundβ-turns are secondary structure elements usually classified as coil. Their prediction is important, because of their role in protein folding and their frequent occurrence in protein chains.ResultsWe have developed a novel method that predicts β-turns and their types using information from multiple sequence alignments, predicted secondary structures and, for the first time, predicted dihedral angles. Our method uses support vector machines, a supervised classification technique, and is trained and tested on three established datasets of 426, 547 and 823 protein chains. We achieve a Matthews correlation coefficient of up to 0.49, when predicting the location of β-turns, the highest reported value to date. Moreover, the additional dihedral information improves the prediction of β-turn types I, II, IV, VIII and ""non-specific"", achieving correlation coefficients up to 0.39, 0.33, 0.27, 0.14 and 0.38, respectively. Our results are more accurate than other methods.ConclusionsWe have created an accurate predictor of β-turns and their types. Our method, called DEBT, is available online at http://comp.chem.nottingham.ac.uk/debt/.",2010.0,BMC Bioinformatics,bmc bioinformatics,A,Unknown,0.0,no_match,
01424b3cf0852d999a4b9857af29434a8e3d62b9,A Modified Bonobo Optimizer With Its Application in Solving Engineering Design Problems,"This paper presents a modified bonobo optimizer (MBO) that integrates the Gaussian local mutation, restart strategy, and random contraction strategy into the original bonobo optimizer (BO). BO, inspired by the unique reproductive schemes and fission-fusion social behaviors of bonobos, has previously demonstrated promising results in solving a range of optimization problems. With the new modifications, MBO seeks to improve exploration and exploitation abilities, achieving enhanced convergence speed and solution quality. The Gaussian local mutation aids in fine-tuning solutions by introducing localized variations, the restart strategy provides a mechanism to escape potential local optima, while the random contraction strategy ensures better global search capabilities. The enhanced MBO’s performance is critically assessed on the 10 and 100-dimensional CEC 2017 and 10 and 20-dimensional CEC 2022 benchmark suites, along with seven engineering optimization problems, including cantilever beam design, industrial refrigeration system design, welded beam design, speed reducer design, pressure vessel design, multi-product batch plant design, and three-bar truss design. The MBO algorithm exhibits significant improvements in optimization performance, evidenced by highly significant p-values (as low as 1.25E-11) in the Wilcoxon’s Signed Rank Test. Preliminary results indicate that the MBO exhibits a marked improvement in both solution accuracy and robustness over its predecessor and other state-of-the-art optimization algorithms such as original bonobo optimizer, sand cat swarm optimization, Chernobyl disaster optimizer, driving training-based optimization, Harris hawk optimizer, Archimedes optimization algorithm, smell agent optimizer, grasshopper optimization algorithm, particle swarm optimization, hybrid sine cosine algorithm with differential evolution, modified capuchin search algorithm, liver cancer algorithm, and modified chameleon swarm algorithm. The algorithm’s robust performance can be attributed to its accelerated convergence rate, stability across diverse functions, good exploration-exploitation behavior, and adaptability to high-dimensional and complex solution spaces. The systematic enhancement of proposed algorithm’s convergence capabilities positions it as a reliable and efficient tool for addressing challenging engineering optimization problems.",2024.0,IEEE Access,access,A,Unknown,0.0,no_match,
0159543ebe367491b31582c7b4d40547628f17d8,CLEAN++: Code Smells Extraction for C++,"The extraction of features is an essential step in the process of mining software repositories. An important feature that has been actively studied in the field of mining software repositories is bad code smells. Bad code smells are patterns in the source code that indicate an underlying issue in the design and implementation of the software. Several tools have been proposed to extract code smells. However, currently, there are no tools that extract a significant number of code smells from software written in C++. Therefore, we propose CLEAN++ (Code smeLls ExtrActioN for C++) [1]. It is an extension of a robust static code analysis tool that implements 35 code smells. To evaluate CLEAN++, we ran it over 44 open-source projects and wrote test cases to validate each code smell. Also, we converted the test cases to Java and used two Java tools to validate the effectiveness of our tool. In the end, we confirmed that the CLEAN++ is successful at detecting code smells.The tool is available at https://github.com/Tomma94/CLEAN-Plus-Plus.",2023.0,IEEE Working Conference on Mining Software Repositories,mining software repositories,A,Tool Paper,0.667,,"\bour tool\b; \bthe tool (?:supports?|allows?|enables?|provides?|is)\b; \b(?:github|gitlab)\.com/\S+; \bavailable (?:at|on)\b.{0,30}\bhttp"
02a65d054f4005a01ed1da2f3a54fcaf3ff4c1f0,Manual Tests Do Smell! Cataloging and Identifying Natural Language Test Smells,"Background: Test smells indicate potential problems in the design and implementation of automated software tests that may negatively impact test code maintainability, coverage, and reliability. When poorly described, manual tests written in natural language may suffer from related problems, which enable their analysis from the point of view of test smells. Despite the possible prejudice to manually tested software products, little is known about test smells in manual tests, which results in many open questions regarding their types, frequency, and harm to tests written in natural language. Aims: Therefore, this study aims to contribute to a catalog of test smells for manual tests. Method: We perform a two-fold empirical strategy. First, an exploratory study in manual tests of three systems: the Ubuntu Operational System, the Brazilian Electronic Voting Machine, and the User Interface of a large smartphone manufacturer. We use our findings to propose a catalog of eight test smells and identification rules based on syntactical and morphological text analysis, validating our catalog with 24 in-company test engineers. Second, using our proposals, we create a tool based on Natural Language Processing (NLP) to analyze the subject systems' tests, validating the results. Results: We observed the occurrence of eight test smells. A survey of 24 in-company test professionals showed that 80.7% agreed with our catalog definitions and examples. Our NLP-based tool achieved a precision of 92%, recall of 95%, and f-measure of 93.5%, and its execution evidenced 13,169 occurrences of our cataloged test smells in the analyzed systems. Conclusion: We contribute with a catalog of natural language test smells and novel detection strategies that better explore the capabilities of current NLP mechanisms with promising results and reduced effort to analyze tests written in different idioms.",2023.0,International Symposium on Empirical Software Engineering and Measurement,empirical software engineering and measurement,A,Empirical Study,1.0,,\bexploratory study\b
0895c7786e03d23a66a7b75f9decd52753c7fc83,Automatic CNN-Based Enhancement of 360° Video Experience With Multisensorial Effects,"High-resolution audio-visual virtual reality (VR) technologies currently offer satisfying experiences for both sight and hearing senses in the world of multimedia. However, the delivery of truly immersive experiences requires the incorporation of other senses such as touch and smell. Multisensorial effects are usually manually synchronized with videos and data is stored in companion files, which contain timestamps for these effects. This manual task becomes very complex for 360° videos, as the scenes triggering effects can occur in different viewpoints. The solution proposed in this paper aims to automatically add extra sensory information to immersive 360° videos. A novel scent prediction scheme using Convolutional Neural Networks (CNN) is proposed to perform scene predictions on 360° videos represented in the Equi-Angular Cubemap format in order to add scents relevant to the detected content. Digital signal processing is used to detect loud sounds in the video with a Root Mean Square (RMS) function, which are then associated with haptic feedback. A prototype was developed, which outputs multisensorial stimuli by using an olfaction dispenser and a haptic mouse. The proposed solution has been tested and it achieved excellent results in terms of accuracy of scene detection, olfaction latency and correct execution of the relevant effects. Different CNN architectures, including AlexNet, ResNet18 and ResNet50, were also assessed comparatively, achieving a labeling accuracy of up to 72.67% for olfaction-enhanced media.",2021.0,IEEE Access,access,A,Experience Report,1.0,,\bexperience (?:with|using|applying)\b
08b29768ee546fea71761ae38b7b565363df9389,Selection of human evaluators for design smell detection using dragonfly optimization algorithm: An empirical study,"Context: Design smell detection is considered an efficient activity that decreases maintainability expenses and improves software quality. Human context plays an essential role in this domain. Objective: In this paper, we propose a search-based approach to optimize the selection of human evaluators for design smell detection. Method: For this purpose, Dragonfly Algorithm (DA) is employed to identify the optimal or near-optimal human evaluator’s profiles. An online survey is designed and asks the evaluators to evaluate a sample of classes for the presence of god class design smell. The Kappa-Fleiss test has been used to validate the proposed approach. Results: The results show that the dragonfly optimization algorithm can be utilized effectively to decrease the efforts (time, cost ) of design smell detection concerning the identification of the number and the optimal or near-optimal profile of human experts required for the evaluation process. Conclusions: A Search-based approach can be effectively used for improving a god-class design smell detection. Consequently, this leads to minimizing the maintenance cost.",2022.0,Information and Software Technology,information and software technology,A,Unknown,0.0,tie:Survey|Empirical Study,\bempirical study\b; \bonline survey\b
1172578494a4373f41aa7ea3f6635e895164bda6,Did You Remember To Test Your Tokens?,"Authentication is a critical security feature for confirming the identity of a system's users, typically implemented with help from frameworks like Spring Security. It is a complex feature which should be robustly tested at all stages of development. Unit testing is an effective technique for fine-grained verification of feature behaviors that is not widely-used to test authentication. Part of the problem is that resources to help developers unit test security features are limited. Most security testing guides recommend test cases in a “black box” or penetration testing perspective. These resources are not easily applicable to developers writing new unit tests, or who want a security-focused perspective on coverage. In this paper, we address these issues by applying a grounded theory-based approach to identify common (unit) test cases for token authentication through analysis of 481 JUnit tests exercising Spring Security-based authentication implementations from 53 open source Java projects. The outcome of this study is a developer-friendly unit testing guide organized as a catalog of 53 test cases for token authentication, representing unique combinations of 17 scenarios, 40 conditions, and 30 expected outcomes learned from the data set in our analysis. We supplement the test guide with common test smells to avoid. To verify the accuracy and usefulness of our testing guide, we sought feedback from selected developers, some of whom authored unit tests in our dataset.",2020.0,IEEE Working Conference on Mining Software Repositories,mining software repositories,A,Unknown,0.0,no_match,
129357fcdcbd807d7a9e061d367d56bc1ac8de53,Automatic Assessment of Architectural Anti-patterns and Code Smells in Student Software Projects,"When teaching Programming and Software Engineering in Bachelor’s Degree programs, the emphasis on creating functional software projects often overshadows the focus on software quality, a trend consistent with ACM curricula recommendations. Dedicated Software Engineering courses take typically place in the later stages of the curriculum, and allocate only limited time to software quality, leaving educators with the difficult task of deciding which quality aspects to prioritize. To educate students on the importance of developing high-quality code, it is important to introduce these skills as part of the assessment criteria. To this end, we have implemented a pipeline based on advanced frameworks such as ArchUnit and SonarQube. It was successfully tested on a class of students engaged in the Object Oriented Programming course, demonstrating its usefulness as a resource for educators and providing some concrete evidence of quality problems in student projects.",2024.0,International Conference on Evaluation & Assessment in Software Engineering,evaluation and assessment in software engineering,A,Unknown,0.0,no_match,
14ed0db25702e35cce61fe36563fa96bf633e8d3,A Catalog of Transformations to Remove Smells From Natural Language Tests,"Test smells can pose difficulties during testing activities, such as poor maintainability, non-deterministic behavior, and incomplete verification. Existing research has extensively addressed test smells in automated software tests but little attention has been given to smells in natural language tests. While some research has identified and catalogued such smells, there is a lack of systematic approaches for their removal. Consequently, there is also a lack of tools to automatically identify and remove natural language test smells. This paper introduces a catalog of transformations designed to remove seven natural language test smells and a companion tool implemented using Natural Language Processing (NLP) techniques. Our work aims to enhance the quality and reliability of natural language tests during software development. The research employs a two-fold empirical strategy to evaluate its contributions. First, a survey involving 15 software testing professionals assesses the acceptance and usefulness of the catalog’s transformations. Second, an empirical study evaluates our tool to remove natural language test smells by analyzing a sample of real-practice tests from the Ubuntu OS. The results indicate that software testing professionals find the transformations valuable. Additionally, the automated tool demonstrates a good level of precision, as evidenced by a F-Measure rate of 83.70%.",2024.0,International Conference on Evaluation & Assessment in Software Engineering,evaluation and assessment in software engineering,A,Unknown,0.0,tie:Tool Paper|Empirical Study,\bempirical study\b; \bour tool\b
1511aa860acb203f7e5ae5ff492d22d95755d3d8,"Laseroma: A Small-Sized, Light-Weight, and Low-Cost Olfactory Display Releasing Multiple Odors through Pointed Heating","In this paper, we propose Laseroma, a tiny, lightweight, and low-cost Olfactory Display (OD) that can release a maximum of eleven types of odors through pointed heating. Laseroma can be easily attached to Head-Mounted Devices (HMDs) for creating smell-enhanced and controllable Immersive Experiences. Laseroma mainly consists of (1) a laser diode for rapidly generating the pointed heat, (2) a modular and replaceable odor strip which carries eleven miniature odor reservoirs, and (3) a stepper motor for rotating the odor strip for switching the target aroma. We illustrated and articulated the system design, including the hardware, structural mechanism, materials, and fabrication process. We also conducted a preliminary study by testing the scent release performance through the perceived time and odor-release duration of a single scent container.",2023.0,ACM Symposium on User Interface Software and Technology,symposium on user interface software and technology,A*,Unknown,0.0,no_match,
15e79dfe238638dab4e1c8c12519b7324eee96b7,PPTAMη: Energy Aware CI/CD Pipeline for Container Based Applications,"Modern container-based microservices evolve through rapid deployment cycles, but CI/CD pipelines still rarely measure energy consumption, even though prior work shows that design patterns, code smells and refactorings affect energy efficiency. We present PPTAMη, an automated pipeline that integrates power and energy measurement into GitLab CI for containerised API systems, coordinating load generation, container monitoring and hardware power probes to collect comparable metrics at each commit. The pipeline makes energy visible to developers, supports version comparison for test engineers and enables trend analysis for researchers. We evaluate PPTAMη on a JWT-authenticated API across four commits, collecting performance and energy metrics and summarising the architecture, measurement methodology and validation.",2026.0,"IEEE International Conference on Software Analysis, Evolution, and Reengineering",software analysis evolution and reengineering,A,Unknown,0.0,no_match,
16904f7fd0e5ec00559bf6595e22d50a50f800b4,An Empirical Study on the Occurrences of Code Smells in Open Source and Industrial Projects,"Background: Reusing source code containing code smells can induce significant amount of maintenance time and cost. A list of code smells has been identified in the literature and developers are encouraged to avoid the smells from the very beginning while writing new code or reusing existing code, and it increases time and cost to identify and refactor the code after the development of a system. Again, remembering a long list of smells is difficult specially for the new developers. Besides, two different types of software development environment - open source and industry, might have an effect on the occurrences of code smells. Aims: A study on the occurrences of code smells in open source and industrial systems can provide insights about the most frequently occurring smells in each type of software system. The insights can make developers aware of the most frequent occurring smells, and researchers to focus on the improvement and innovation of automatic refactoring tools or techniques for the smells on priority basis. Method: We have conducted a study on 40 large scale Java systems, where 25 are open source and 15 are industrial systems, for 18 code smells. Results: The results show that 6 smells have not occurred in any system, and 12 smells have occurred 21,182 times in total where 60.66% in the open source systems and 39.34% in the industrial systems. Long Method, Complex Class and Long Parameter List have been seen as frequently occurring code smells. The one tailed t-test with 5% level of significant analysis has shown that there is no difference between the occurrences of 10 code smells in industrial and open source systems, and 2 smells are occurred more frequently in open source systems than industrial systems. Conclusions: Our findings conclude that all smells do not occur at the same frequency and some smells are very frequent. The short list of most frequently occurred smells can help developers to write or reuse source code carefully without inducing the smells from the beginning during software development. Our study also concludes that industry and open source environments do not have significant impact on the occurrences of code smells.",2022.0,International Symposium on Empirical Software Engineering and Measurement,empirical software engineering and measurement,A,Empirical Study,1.0,,\bempirical study\b
1864cd890c2fdfa19387f398b4bc6e63c6bf4bfb,A comparative study of test code clones and production code clones,"Clones are one of the most widespread code smells, known to negatively aﬀect the evolution of software systems. While there is a large body of research on detecting, managing, and refactoring clones in production code, clones in test code are often neglected in today’s literature. In this paper we provide empirical evidence that further research on clones in test code is warranted. By analysing the clones in ﬁve representative open-source systems and comparing production code clones to test code clones, we observe that test code contains twice as many clones as production code. A detailed analysis reveals that most test clones are of Type II and Type III, and that many tests are duplicated multiple times with slight modiﬁcations. Moreover, current clone detection tools suﬀer from false negatives, and that this occurs more frequently in test code than in production code (NiCad = 76%, CPD = 90%, iClones = 12%). So even from a tools perspective, speciﬁc ﬁne-tuning for test code is needed.",2021.0,Journal of Systems and Software,journal of systems and software,A,Unknown,0.0,no_match,
192ac00421ea922fcf7e65406157c20bef352f6a,Do the Test Smells Assertion Roulette and Eager Test Impact Students’ Troubleshooting and Debugging Capabilities?,"To ensure the quality of a software system, developers perform an activity known as unit testing, where they write code (known as test cases) that verifies the individual software units that make up the system. Like production code, test cases are subject to bad programming practices, known as test smells, that hurt maintenance activities. An essential part of most maintenance activities is program comprehension which involves developers reading the code to understand its behavior to fix issues or update features. In this study, we conduct a controlled experiment with 96 undergraduate computer science students to investigate the impact of two common types of test smells, namely Assertion Roulette and Eager Test, on a student’s ability to debug and troubleshoot test case failures. Our findings show that students take longer to correct errors in production code when smells are present in their associated test cases, especially Assertion Roulette. We envision our findings supporting academia in better equipping students with the knowledge and resources in writing and maintaining high-quality test cases. Our experimental materials are available online11https://wajdialjedaani.github.io/testsmellstd/",2023.0,2023 IEEE/ACM 45th International Conference on Software Engineering: Software Engineering Education and Training (ICSE-SEET),software engineering,A*,Controlled Experiment,1.0,,\bcontrolled experiment\b
19344c9fb09e78e4aa73a35f937ba7a488193baf,"Revisiting Test Smells in Automatically Generated Tests: Limitations, Pitfalls, and Opportunities","Test smells attempt to capture design issues in test code that reduce their maintainability. Previous work found such smells to be highly common in automatically generated test-cases, but based this result on specific static detection rules; although these are based on the original definition of ""test smells"", a recent empirical study showed that developers perceive these as overly strict and non-representative of the maintainability and quality of test suites. This leads us to investigate how effective such test smell detection tools are on automatically generated test suites. In this paper, we build a dataset of 2,340 test cases automatically generated by EVOSUITE for 100 Java classes. We performed a multi-stage, cross-validated manual analysis to identify six types of test smells and label their instances. We benchmark the performance of two test smell detection tools: one widely used in prior work, and one recently introduced with the express goal to match developer perceptions of test smells. Our results show that these test smell detection strategies poorly characterized the issues in automatically generated test suites; the older tool’s detection strategies, especially, misclassified over 70% of test smells, both missing real instances (false negatives) and marking many smell-free tests as smelly (false positives). We identify common patterns in these tests that can be used to improve the tools, refine and update the definition of certain test smells, and highlight as of yet uncharacterized issues. Our findings suggest the need for (i) more appropriate metrics to match development practice; and (ii) more accurate detection strategies, to be evaluated primarily in industrial contexts.",2020.0,IEEE International Conference on Software Maintenance and Evolution,software maintenance and evolution,A,Empirical Study,1.0,,\bempirical study\b
194e8ad97cdc55cee23fa191d52cb09d42080249,PHP code smells in web apps: survival and anomalies,"Context: Code smells are considered symptoms of poor design, leading to future problems, such as reduced maintainability. Except for anecdotal cases (e. g. code dropout), a code smell survives until it gets explicitly refactored or removed. This paper presents a longitudinal study on the survival of code smells for web apps built with PHP. Objectives: RQ: (i) code smells survival depends on their scope? (ii) practitioners attitudes towards code smells removal in web apps have changed throughout time? (iii) how long code smells survive in web applications? (iv) are there sudden variations (anomalies) in the density of code smells through the evolution of web apps? Method: We analyze the evolution of 6 code smells in 8 web applications written in PHP at the server side, across several years, using the survival analysis technique. We classify code smells according to scope in two categories: scattered and localized. Scattered code smells are expected to be more harmful since their influence is not circumscribed as in localized code smells. We split the observations for each web app into two equal and consecutive timeframes, to test the hypothesis that code smells awareness has increased throughout time. As for the anomalies, we standardize their detection criteria. Results: We present some evidence that code smells survival depends on their scope: the average survival rate decreases in some of them, while the opposite is observed for the remainder. The survival of localized code smells is around 4 years, while the scattered ones live around 5 years. Around 60% of the smells are removed, and some live through all the application life. We also show how a graphical representation of anomalies found in the evolution of code smells allows unveiling the story of a development project and make managers aware of the need for enforcing regular refactoring practices.",2020.0,Journal of Systems and Software,journal of systems and software,A,Unknown,0.0,no_match,
1ab0a183bc5e077674449a1aa5cc8a9dca389e03,Test code refactoring unveiled: where and how does it affect test code quality and effectiveness?,"Refactoring has been widely investigated in the past in relation to production code quality, yet little is known about how developers apply refactoring to test code. Specifically, there is still a lack of investigation into how developers typically refactor test code and its effects on test code quality and effectiveness. This paper presents an exploratory empirical study aimed to bridge this gap of knowledge by investigating (1) whether test refactoring actually targets test classes affected by quality and effectiveness concerns and (2) the extent to which refactoring contributes to the improvement of test code quality and effectiveness. First, we performed an exploratory mining software repository to collect test refactoring data of open-source Java projects from GitHub. Then, we statistically analyzed them in combination with quality metrics, test smells, and code/mutation coverage indicators. Furthermore, we measured how refactoring operations impact the quality and effectiveness of test code. Our findings indicate that test refactorings primarily address low-quality test code, as evidenced by test smells and quality metrics. At the same time, we did not find a statistically significant relationship between test refactorings and code/mutation coverage metrics. In addition, test refactorings enhance the coupling, cohesion, and size of the test code, albeit sometimes leading to an increase in certain test smells. We conclude our study by emphasizing the significance of incorporating both quality metrics and test smells into refactoring decisions to enhance the overall quality of test code.",2023.0,Empirical Software Engineering,empirical software engineering,A,Empirical Study,1.0,,\bempirical study\b
1e66c22ac4d7440b2e77b77c0e877e875388dfce,Automatic Test Smell Detection Using Information Retrieval Techniques,"Software testing is a key activity to control the reliability of production code. Unfortunately, the effectiveness of test cases can be threatened by the presence of faults. Recent work showed that static indicators can be exploited to identify test-related issues. In particular test smells, i.e., sub-optimal design choices applied by developers when implementing test cases, have been shown to be related to test case effectiveness. While some approaches for the automatic detection of test smells have been proposed so far, they generally suffer of poor performance: as a consequence, current detectors cannot properly provide support to developers when diagnosing the quality of test cases. In this paper, we aim at making a step ahead toward the automated detection of test smells by devising a novel textual-based detector, coined TASTE (Textual AnalySis for Test smEll detection), with the aim of evaluating the usefulness of textual analysis for detecting three test smell types, General Fixture, Eager Test, and Lack of Cohesion of Methods. We evaluate TASTE in an empirical study that involves a manually-built dataset composed of 494 test smell instances belonging to 12 software projects, comparing the capabilities of our detector with those of two code metrics-based techniques proposed by Van Rompaey et al. and Greiler et al. Our results show that the structural-based detection applied by existing approaches cannot identify most of the test smells in our dataset, while TASTE is up to 44% more effective. Finally, we find that textual and structural approaches can identify different sets of test smells, thereby indicating complementarity.",2018.0,IEEE International Conference on Software Maintenance and Evolution,software maintenance and evolution,A,Empirical Study,1.0,,\bempirical study\b
200d00fb180b29c96486db1b5f2c8fdc76ce6b60,Static Test Flakiness Prediction,"The problem of flakiness occurs when a test case is non-deterministic and exhibits both a passing and failing behavior when run against the same code. Over the last years, the software engineering research community has been working toward defining approaches for detecting and addressing test flakiness, but most of these approaches suffer from scalability issues. Recently, this limitation has been targeted through machine learning solutions that could predict flaky tests using various features, both static and dynamic. Unfortunately, the proposed solutions involve features that could be costly to compute. In this paper, I perform a step forward and predict test flakiness only using statically computable metrics. I conducted an experiment on 18 Java projects coming from the FlakeFlagger dataset. First, I statistically assess the differences between flaky and non-flaky tests in terms of 25 static metrics in an individual and combined way. Then, I experimented with a machine learning approach that predicts flakiness based on the previously evaluated factors. The results show that static features can be used to characterize flaky tests: this is especially true for metrics and smells connected to source code complexity. In addition, this new static approach has performance comparable to the machine learning models already in the literature in terms of F-Measure.",2022.0,2022 IEEE/ACM 44th International Conference on Software Engineering: Companion Proceedings (ICSE-Companion),software engineering,A*,Unknown,0.0,no_match,
200e70c8e3bedb0cff2d75fb47168d6e1561e6b1,An empirical study of data constraint implementations in Java,"Software systems are designed according to guidelines and constraints defined by business rules. Some of these constraints define the allowable or required values for data handled by the systems. These data constraints usually originate from the problem domain (e.g., regulations), and developers must write code that enforces them. Understanding how data constraints are implemented is essential for testing, debugging, and software change. Unfortunately, there are no widely-accepted guidelines or best practices on how to implement data constraints. This paper presents an empirical study that investigates how data constraints are implemented in Java. We study the implementation of 187 data constraints extracted from the documentation of eight real-world Java software systems. First, we perform a qualitative analysis of the textual description of data constraints and identify four data constraint types. Second, we manually identify the implementations of these data constraints and reveal that they can be grouped into 31 implementation patterns. The analysis of these implementation patterns indicates that developers prefer a handful of patterns when implementing data constraints. We also found evidence suggesting that deviations from these patterns are associated with unusual implementation decisions or code smells. Third, we develop a tool-assisted protocol that allows us to identify 256 additional trace links for the data constraints implemented using the 13 most common patterns. We find that almost half of these data constraints have multiple enforcing statements, which are code clones of different types. Finally, a study with 16 professional developers indicates that the patterns we describe can be easily and accurately recognized in Java code.",2021.0,Empirical Software Engineering,empirical software engineering,A,Empirical Study,1.0,,\bempirical study\b
2245c1e2f15b08518d6ab0b365a23959edeb8fae,"ScentCarving: Fabricating Thin, Multi-layered and Paper-Based Scent Release through Laser Printing","Differentiating from commonly-seen Olfactory Displays (ODs) that utilize rigid mechanisms within HCI, we propose ScentCarving, a controllable, lightweight, and flexible odor-release mechanism through a thin, multi-layered structure. ScentCarving consists of four layers, including the (1) paper-based substrate, (2) odor layer containing the ink-based aroma, (3) odor-sealing layer by introducing a thermoplastic material, and (4) a heating module using conductive cooper to soften the sealing layer and release the scent. ScentCarving also involves an easy-to-access Odor Printing technique capable of engraving fragrances onto thin and flexible substrates. We conducted a small-scale user study to test the scent-releasing behavior in terms of smell distance and responsive time.",2023.0,ACM Symposium on User Interface Software and Technology,symposium on user interface software and technology,A*,Unknown,0.0,no_match,
22969f3bfa806a6cd1053ec4da37d912adeab1b9,On the Impact of Requirements Smells in Prompts: The Case of Automated Traceability,"Large language models (LLMs) are increasingly used to generate software artifacts, such as source code, tests, and trace links. Requirements play a central role in shaping the input prompts that guide LLMs, as they are often used as part of the prompts to synthesize the artifacts. However, the impact of requirements formulation on LLM performance remains unclear. In this paper, we investigate the role of requirements smells— indicators of potential issues like ambiguity and inconsistency— when used in prompts for LLMs. We conducted experiments using two LLMs focusing on automated trace link generation between requirements and code. Our results show mixed outcomes: while requirements smells had a small but significant effect when predicting whether a requirement was implemented in a piece of code (i.e., a trace link exists), no significant effect was observed when tracing the requirements with the associated lines of code. These findings suggest that requirements smells can affect LLM performance in certain SE tasks but may not uniformly impact all tasks. We highlight the need for further research to understand these nuances and propose future work toward developing guidelines for mitigating the negative effects of requirements smells in AI-driven SE processes.",2025.0,2025 IEEE/ACM 47th International Conference on Software Engineering: New Ideas and Emerging Results (ICSE-NIER),software engineering,A*,Unknown,0.0,no_match,
22fe63249eaef0798bf4277717fb0aa83d2691ff,Refactoring Test Smells With JUnit 5: Why Should Developers Keep Up-to-Date?,"Test smells are symptoms in the test code that indicate possible design or implementation problems. Previous research demonstrated their harmfulness and the developers’ acknowledgment of test smells’ effects, prevention, and refactoring strategies. Test automation frameworks are constantly evolving, and the JUnit, one of the most used ones for Java projects, has its version 5 available since late 2017. However, we do not know the extent to which developers use the newly introduced features and whether such features indeed help refactor existing test code to remove test smells. This article conducts a mixed-method study investigation to minimize these knowledge gaps. Our study consists of three parts. First, we evaluate the usage of this framework and its features by analyzing the source code of 485 popular Java open-source projects on GitHub that use JUnit. We found that 15.9% of these projects use the JUnit 5 library. We also found that, from 17 new features detected in use, only 3 (i.e., 17.6%) are responsible for more than 70% of usages, limiting optimized propositions to test code creation and maintenance. Second, after identifying features in the JUnit 5 framework that could be considered to test smells removal and prevention, we use these features to propose novel refactorings. In particular, we present refactorings based on 7 introduced JUnit 5 features that help to remove 13 test smells, such as Assertion Roulette, Test Code Duplication, and Conditional Test Logic. Third, to evaluate our refactorings with the opinions of experienced developers, we (i) survey 212 developers for their preferences and comments about our refactorings, corroborating the benefits of our proposals and raising community feedback on JUnit 5 features, and (ii) we refactor actual test code from popular GitHub Java projects and submit 38 Pull Requests, reaching a 94% acceptance rate among respondents. As implications of our study, we alert the software testing community (i.e., practitioners and researchers) to the need to study the JUnit 5 features to effectively remove and prevent test smells. To better assist this process, we give directions on how test smells can be refactored using such features.",2023.0,IEEE Transactions on Software Engineering,transactions on software engineering,A*,Unknown,0.0,no_match,
314adc3be2bab09cce81fcf155de0d9c27e3d625,An Empirical Investigation on the Effect of Code Smells on Resource Usage of Android Mobile Applications,"Code smells refer to suboptimal coding practices which impact software quality and software non-functional requirements such as performance, maintainability, and resource usage. Although desktop application code smells have been extensively studied in the literature, mobile applications are relatively new in nature, and the effect of code smells is only recently being studied on mobile devices. This paper investigates the effect of code refactoring on enhancing both CPU usage and Memory usage. It presents a study of three code smells: HashMap Usage, Member Ignoring Method and Slow Loop, and eight open-source applications were selected from Github for testing purposes. The three aforementioned code smells were refactored individually and cumulatively to study their effects on a mobile phone’s resource usage, with CPU usage and memory usage as the metrics of choice. The resource usage of five different versions of eight different mobile applications were measured to find the optimal refactoring strategy. The results obtained suggest that refactoring HashMap Usage and Member Ignoring Methods yielded significantly an average improvement in CPU usage of 12.7% and 13.7% respectively, while the refactoring of all three code smells yielded an improvement of up to 7.1% in memory usage. This research shows that certain refactoring methods have significant impacts on improving both the CPU usage and Memory usage. These statistically significant results can be used as the basis of guidelines to assist in writing codes which utilize smartphones’ resources more efficiently and enhance their quality.",2021.0,IEEE Access,access,A,Empirical Study,1.0,,\bempirical investigation\b
33dc970f4d98e63c9ac48b2862d4611ff96bdcb7,An Improved Beetle Antennae Search Algorithm and Its Application on Economic Load Distribution of Power System,"The beetle antennae search algorithm (BAS) is a new heuristic algorithm proposed in 2017. BAS is a simulation optimization algorithm based on beetle antennae, which determine the direction of flight by sensing the smell of food and thereby find the food. The BAS algorithm has been proven to have better optimization speed and precision when searching for solutions to low-dimensional problems. However, when solving high-dimensional problems, the algorithm easily falls into a local optimum. To improve the search ability of BAS, this paper introduces inertia weight, which leads the algorithm to perform a global search in early stages and a local search in later stages, which greatly improves the optimization precision of the algorithm. Economic load distribution (ELD) is a typical optimization problem in power systems. This paper analyses the problem of ELD and its mathematical model and then uses a 3-machine 6-node example to apply the improved BAS algorithm to ELD. Finally, the improved BAS algorithm is compared with PSO and other algorithms on the basis of the optimization results of test functions. The conclusion is drawn that the improved BAS algorithm has advantages in dealing with ELD problems.",2020.0,IEEE Access,access,A,Unknown,0.0,no_match,
352a2ee2756148d9097fc840d1d2a975d4a6110d,Smells Like Trouble: Investigating the Impact of Requirements Quality on LLM-Supported Software Engineering,"Large Language Models (LLMs) are increasingly integrated into software engineering (SE) workflows, supporting tasks such as code generation, test case derivation, and requirements-to-code traceability. These tasks heavily rely on natural language requirements, making the quality of those requirements a critical factor in LLM performance. Previous research suggests that requirements smells, i.e. indicators of potential quality issues, can negatively affect the accuracy and reproducibility of LLM-generated outputs. However, the extent and nature of this impact remain largely unexplored. The dissertation aims to investigate how requirements smells influence LLM effectiveness across various SE tasks and to explore automated techniques for detecting and mitigating issues indicated by such smells. Initial results show that increasing the number of smells in requirements significantly degrades LLM performance in traceability tasks. The dissertation aims to establish empirical foundations for improving prompt quality and to support more reliable use of LLMs in SE through automated quality assurance mechanisms.",2025.0,IEEE International Requirements Engineering Conference,international requirements engineering conference,A,Unknown,0.0,no_match,
388e23b8b2f251e416ff6175a3c9a5d86655abdd,Build Optimization: A Systematic Literature Review,"In modern software organizations, Continuous Integration (CI) consists of an automated build process triggered by change submissions and involving compilation, testing, and packaging to enable the continuous deployment of new software versions to end-users. While CI offers various advantages regarding software quality and delivery speed, it introduces challenges addressed by a large body of research. To better understand this literature, so as to help practitioners find solutions for their problems and guide future research, we conduct a systematic review of 97 studies published between 2006 and 2024, summarizing their goals, methodologies, datasets, and metrics. These studies target two main challenges: (1) long build durations and (2) build failures. To address the first, researchers have proposed techniques such as predicting build outcomes and durations, selective build execution, and build acceleration through caching or performance smell repair. On the other hand, build failure root causes have been studied, leading to techniques for predicting build script maintenance needs and automating repairs. Recent work also focuses on flaky build failures caused by environmental issues. Most techniques use machine learning and rely on build metrics, which we classify into five categories. Finally, we identify eight publicly available datasets to support future research on build optimization.",2025.0,ACM Computing Surveys,computing surveys,A*,Systematic Literature Review,1.0,,\bsystematic literature review\b; \bsystematic review\b
3a114190abaa70d5dd59f97cb81490f7c96a992e,Just-In-Time Test Smell Detection and Refactoring: The DARTS Project,"Test smells represent sub-optimal design or implementation solutions applied when developing test cases. Previous research has shown that these smells may decrease both maintainability and effectiveness of tests and, as such, researchers have been devising methods to automatically detect them. Nevertheless, there is still a lack of tools that developers can use within their integrated development environment to identify test smells and refactor them. In this paper, we present DARTS (Detection And Refactoring of Test Smells), an Intellij plug-in which (1) implements a state-of-the-art detection mechanism to detect instances of three test smell types, i.e., General Fixture, Eager Test, and Lack of Cohesion of Test Methods, at commit-level and (2) enables their automated refactoring through the integrated APIs provided by Intellij. Video. https//youtu.be/sd3V2J7k8Zs Source Code. https://github.com/StefanoLambiase/DARTS",2020.0,IEEE International Conference on Program Comprehension,program comprehension,A,Tool Paper,1.0,,\b(?:eclipse|intellij|vs ?code) plug[- ]?in\b; \b(?:github|gitlab)\.com/\S+
3cab165741e52030d26bfebeaad904987feb1c53,Students vs. Professionals: Improving the Learning of Software Testing,"Software testing is a crucial phase of software development. Educators now are assessing tests written by students. Methods have been proposed to assess the completeness of student-written tests. However, there is more to good test quality than completeness, and these additional quality are not assessed by the previous work. Test smells are patterns of poorly designed tests that may negatively affect the quality of test and production code. We propose to assess test smells in students’ code to improve the quality of software tests they write. In the early stages of this research, we will examine whether practitioners actually spend time and energy to remove those test smells summarized by researchers backed by real-world software projects. Then, we will develop and evaluate our new assessment method.",2022.0,2022 IEEE/ACM 44th International Conference on Software Engineering: Companion Proceedings (ICSE-Companion),software engineering,A*,Unknown,0.0,no_match,
40d4ed7b9f38c8472cea9d9593b60724cdee0078,The Effect of Code Smells on the Relationship Between Design Patterns and Defects,"The relationship between design patterns and defects was investigated in the literature, but with mixed results. While the majority of studies found the presence of patterns to be positively correlated with defects, other works reported the opposite conclusions. This may suggest that contextual factors affect this relationship. In this study we analyze the role of code smells as a confounding variable in the relationship between design patterns and defects in Java classes. To investigate this, we applied statistical tests to capture the difference in the impact on defects between pattern classes with/without code smells in 10 Java systems from the PROMISE dataset, with respect to 13 design patterns and 10 code smells. The presence of code smells in patterns appears to be a valid factor affecting defect-proneness. Pattern classes with smells attract more defects than non-smelly pattern classes, and in most systems smelly design patterns are positively correlated with the presence of defects, while non-smelly patterns tend to have no impact, or a slightly negative impact on the presence of defects. As a result, the presence of code smells in design pattern classes appears to be a contextual factor affecting the defect-proneness of the subject code.",2021.0,IEEE Access,access,A,Unknown,0.0,no_match,
41e8990c9d5245be0cc0ff5bc3c14c9bec234aa8,SMILES to Smell: Decoding the Structure-Odor Relationship of Chemical Compounds Using the Deep Neural Network Approach,"Finding the relationship between the structure of an odorant molecule and its associated smell has always been an extremely challenging task. The major limitation in establishing the structure-odor relation is the vague and ambiguous nature of the descriptor-labeling, especially when the sources of odorant molecules are different. With the advent of deep networks, data-driven approaches have been substantiated to achieve more accurate linkages between the chemical structure and its smell. In this study, the deep neural network (DNN) with physiochemical properties and molecular fingerprints (PPMF) and the convolution neural network (CNN) with chemical-structure images (IMG) are developed to predict the smells of chemicals using their SMILES notations. A data set of 5185 chemical compounds with 104 smell percepts was used to develop the multilabel prediction models. The accuracies of smell prediction from DNN + PPMF and CNN + IMG (Xception based) were found to be 97.3 and 98.3%, respectively, when applied on an independent test set of chemicals. The deep learning architecture combining both DNN + PPMF and CNN + IMG prediction models is proposed, which classifies smells and may help understand the generic mechanism underlying the relationship between chemical structure and smell perception.",2021.0,Journal of Chemical Information and Modeling,journal of chemical information and modeling,A,Unknown,0.0,no_match,
437d6e352de7af0c066c69c89121477df72cbd82,Towards Automated Detection of Inline Code Comment Smells,"Background: Code comments are important in software development because they directly influence software maintainability and overall quality. Bad practices of code comments lead to code comment smells, negatively impacting software maintenance. Recent research has been conducted on classifying inline code comment smells, yet automatically detecting these still remains a challenge. Objective: We aim to automatically detect and classify inline code comment smells through machine learning (ML) models and a large language model (LLM) to determine how accurately each smell type can be detected. Method: We enhanced a previously labeled dataset, where comments are labeled according to a determined taxonomy, by augmenting it with additional code segments and their associated comments. GPT-4, a large language model, was used to classify code comment smells on both the original and augmented datasets to evaluate its performance. In parallel, we trained and tested seven different machine learning algorithms on the augmented dataset to compare their classification performance against GPT-4. Results: The performance of models—particularly Random Forest, which achieved an overall accuracy of 69%, along with Gradient Boosting and Logistic Regression, each achieving 66% and 65%, respectively —establishes a solid baseline for future research in this domain. The Random Forest model outperformed all other ML models, by achieving the highest Matthew’s Correlation Coefficient (MCC) score of 0.44. The augmented dataset improved the overall classification accuracy of the GPT-4 model’s predictions from 34% to 55%. Conclusion: This study contributes to software maintainability by exploring the automatic detection and classification of inline code comment smells. We have made our augmented dataset and code artifacts available online, offering a valuable resource for developing automated comment smell detection tools.",2025.0,International Conference on Evaluation & Assessment in Software Engineering,evaluation and assessment in software engineering,A,Theoretical Contribution,1.0,,\b(?:a |new )?taxonomy\b
456f3003b603369fedc812a7a67d6a9eb7444a10,Quality Assessment of Python Tests Generated by Large Language Models,"The manual generation of test scripts is a time-intensive, costly, and error-prone process, indicating the value of automated solutions. Large Language Models (LLMs) have shown great promise in this domain, leveraging their extensive knowledge to produce test code more efficiently. This study investigates the quality of Python test code generated by three LLMs: GPT-4o, Amazon Q, and LLama 3.3. We evaluate the structural reliability of test suites generated under two distinct prompt contexts: Text2Code (T2C) and Code2Code (C2C). Our analysis includes the identification of errors and test smells, with a focus on correlating these issues to inadequate design patterns. Our findings reveal that most test suites generated by the LLMs contained at least one error or test smell. Assertion errors were the most common, comprising 64% of all identified errors, while the test smell Lack of Cohesion of Test Cases was the most frequently detected (41%). Prompt context significantly influenced test quality; textual prompts with detailed instructions often yielded tests with fewer errors but a higher incidence of test smells. Among the evaluated LLMs, GPT-4o produced the fewest errors in both contexts (10% in C2C and 6% in T2C), whereas Amazon Q had the highest error rates (19% in C2C and 28% in T2C). For test smells, Amazon Q had fewer detections in the C2C context (9%), while LLama 3.3 performed best in the T2C context (10%). Additionally, we observed a strong relationship between specific errors, such as assertion or indentation issues, and test case cohesion smells. These findings demonstrate opportunities for improving the quality of test generation by LLMs and highlight the need for future research to explore optimized generation scenarios and better prompt engineering strategies.",2025.0,International Conference on Evaluation & Assessment in Software Engineering,evaluation and assessment in software engineering,A,Systematic Literature Review,1.0,,\bquality assessment\b
4598da39a1145d80be1ffc304c7b52145fe0aabc,Testing of Mobile Applications in the Wild: A large-Scale Empirical Study on Android Apps,"Nowadays, mobile applications (a.k.a., apps) are used by over two billion users for every type of need, including social and emergency connectivity. Their pervasiveness in today's world has inspired the software testing research community in devising approaches to allow developers to better test their apps and improve the quality of the tests being developed. In spite of this research effort, we still notice a lack of empirical studies aiming at assessing the actual quality of test cases developed by mobile developers: this perspective could provide evidence-based findings on the current status of testing in the wild as well as on the future research directions in the field. As such, we performed a large-scale empirical study targeting 1,780 open-source Android apps and aiming at assessing (1) the extent to which these apps are actually tested, (2) how well-designed are the available tests, and (3) what is their effectiveness. The key results of our study show that mobile developers still tend not to properly test their apps. Furthermore, we discovered that the test cases of the considered apps have a low (i) design quality, both in terms of test code metrics and test smells, and (ii) effectiveness when considering code coverage as well as assertion density.",2020.0,IEEE International Conference on Program Comprehension,program comprehension,A,Empirical Study,1.0,,\bempirical study\b
463d5de151f0f58dcb1af998ccedf9103c3ed42b,Weighted Summation: Feature Extraction of Farm Pigsty Data for Electronic Nose,"When an electronic nose (e-nose) is used for prediction, extracting more useful information from the original response curve is of great importance. However, the most traditional feature extraction models in e-nose only sample a few data during the process of extracting features. To use more data and acquire more information to improve e-nose’s classification accuracy, we present a new feature extraction method called “weighted summation” (WS). In addition, this method was compared with other exiting methods, including maximum value of the steady-state response (MAX), curve fitting (CF), dynamic moments of the phase space (MD2), maximum value of the first-order derivative (Dmax), and Db1 wavelet transformation (WT). Dingfeng pig farm located at Changchun (Jilin Province, China) was used as odor source. Four kinds of odors taken from inside of pig barn in the morning and in the evening, and outside of pig barn in the morning and in the evening were used as the original response of e-nose. The reasons why we choose these four classes are as follows: to start with, the smell of the house has a great influence on the health of pigs; then, outdoor odors affect residents’ comfort level; and morning and evening are the most odorous hours. Experimental results demonstrated that for WS, MAX, CF, MD2, Dmax, and WT methods, accuracy in training set was 88.33%, 85%, 83.33%, 83.33%, 46.67%, and 51.67%, respectively, and accuracy in testing set was 100%, 100%, 91.67%, 91.67%, 41.67%, and 41.67%, respectively, suggesting that novel feature extraction method outperformed other methods. Moreover, a simple monitor system based on WS method was established to monitor the real environment in pig farm.",2019.0,IEEE Access,access,A,Unknown,0.0,no_match,
49b334c45e9af96a9b7370090451148d7fd0b09c,Smell & Paste: Low-Fidelity Prototyping for Olfactory Experiences,"Low-fidelity prototyping is so foundational to Human-Computer Interaction, appearing in most early design phases. So, how do experts prototype olfactory experiences? We interviewed eight experts and found that they do not because no process supports this. Thus, we engineered Smell & Paste, a low-fidelity prototyping toolkit. Designers assemble olfactory proofs-of-concept by pasting scratch-and-sniff stickers onto a paper tape. Then, they test the interaction by advancing the tape in our 3D-printed (or cardboard) cassette, which releases the smells via scratching. Our toolkit uses commodity materials; keeps iterations quick, approachable, and cheap; and circumvents electronics, programming, and chemical handling. We evaluated Smell & Paste in two studies. We found that the toolkit was approachable to people of any technical background and that novices and experts appropriated and extended the toolkit, making it personalized. Novices produced prototypes quickly, and experts were excited about the kit's technical affordances and integrating it into their practice.",2023.0,International Conference on Human Factors in Computing Systems,human factors in computing systems,A*,Unknown,0.0,no_match,
4b567d69d0c81ec634a9eadb723b334a83c4faf5,Do Static Analysis Tools Affect Software Quality when Using Test-driven Development?,"Background. Test-Driven Development (TDD) is an agile software development practice, which encourages developers to write “quick-and-dirty” production code to make tests pass, and then apply refactoring to “clean” written code. However, previous studies have found that refactoring is not applied as often as the TDD process requires, potentially affecting software quality. Aims. We investigated the benefits of leveraging a Static Analysis Tool (SAT)—plugged-in the Integrated Development Environment (IDE)—on software quality, when applying TDD. Method. We conducted two controlled experiments, in which the participants—92, in total—performed an implementation task by applying TDD with or without a SAT highlighting the presence of code smells in their source code. We then analyzed the effect of the used SAT on software quality. Results. We found that, overall, the use of a SAT helped the participants to significantly improve software quality, yet the participants perceived TDD more difficult to be performed. Conclusions. The obtained results may impact: (i) practitioners, helping them improve their TDD practice through the adoption of proper settings and tools; (ii) educators, in better introducing TDD within their courses; and (iii) researchers, interested in developing better tool support for developers, or further studying TDD.",2022.0,International Symposium on Empirical Software Engineering and Measurement,empirical software engineering and measurement,A,Unknown,0.0,no_match,
4bda4063ca3153ba920af42abbf57a3672185668,Ukwikora: continuous inspection for keyword-driven testing,"Automation of acceptance test suites becomes necessary in the context of agile software development practices, which require rapid feedback on the quality of code changes. To this end, companies try to automate their acceptance tests as much as possible. Unfortunately, the growth of the automated test suites, by several automation testers, gives rise to potential test smells, i.e., poorly designed test code, being introduced in the test code base, which in turn may increase the cost of maintaining the code and creating new one. In this paper, we investigate this problem in the context of our industrial partner, BGL BNP Paribas, and introduce Ukwikora, an automated tool that statically analyzes acceptance test suites, enabling the continuous inspection of the test code base. Ukwikora targets code written in the Robot Framework syntax, a popular framework for writing Keyword-Driven tests. Ukwikora has been successfully deployed at BGL BNP Paribas, detecting issues otherwise unknown to the automation testers, such as the presence of duplicated test code, dead test code and dependency issues among the tests. The success of our case study reinforces the need for additional research and tooling for acceptance test suites.",2019.0,International Symposium on Software Testing and Analysis,software testing and analysis,A,Case Study,1.0,,\bcase study\b
4d7906f87aea0a1f432e0b46b392fdcb3d90356f,Test Smell: A Parasitic Energy Consumer in Software Testing,"Traditionally, energy efficiency research has focused on reducing energy consumption at the hardware level and, more recently, in the design and coding phases of the software development life cycle. However, software testing's impact on energy consumption did not receive attention from the research community. Specifically, how test code design quality and test smell (e.g., sub-optimal design and bad practices in test code) impact energy consumption has not been investigated yet. This study examined 12 Apache projects to analyze the association between test smell and its effects on energy consumption in software testing. We conducted a mixed-method empirical analysis from two dimensions; software (data mining in Apache projects) and developers' views (a survey of 62 software practitioners). Our findings show that: 1) test smell is associated with energy consumption in software testing. Specifically smelly part of a test case consumes 10.92\% more energy compared to the non-smelly part. 2) certain test smells are more energy-hungry than others, 3) refactored test cases tend to consume less energy than their smelly counterparts, and 4) most developers lack knowledge about test smells' impact on energy consumption. We conclude the paper with several observations that can direct future research and developments.",2023.0,Information and Software Technology,information and software technology,A,Empirical Study,1.0,,\bempirical analysis\b
4dca591042a6424124c2e735afb0c775b5f13d83,"Clean Code, Better Models: Enhancing LLM Performance with Smell-Cleaned Dataset","The Large Language Models (LLMs) have demonstrated great potential in code-related tasks. However, most research focuses on improving the output quality of LLMs (e.g., correctness), and less attention has been paid to the LLM input (e.g., the training code quality). Given that code smells are widely existed in practice and can negatively impact software maintainability and readability, this study takes the first systematic research to assess and improve dataset quality in terms of code smells. In this work, we first conduct a preliminary study to explore the presence of code smells in a popular benchmark dataset (i.e., CodeSearchNet-Python) and evaluate the output of several popular LLMs (i.e., DeepSeek-Coder, CodeLlama, and MagiCoder), revealing that code smell issues extensively exist in LLM’s input (e.g., benchmark dataset) and output (e.g., generated code). We also perform a user study to investigate developers’ perspectives on LLM-generated code with and without smells, which indicated developers’ strong preference for smell-free code and their willingness to leverage LLMs for intricate code smell removal. We then conduct our systematic research by taking three main steps: Firstly, we propose an LLM-based code smell cleaning tool, named SmellCC (Smell Code Cleaner), which automatically refactors and removes code smells. To evaluate the correctness of the code refactoring, we construct a test set of 50 repositories sourced from the CodeSearchNet-Python benchmark for functional testing. Then we apply our curated smell-cleaned dataset to fine-tune two LLMs (i.e., DeepSeek-V2 and Qwen-Coder) to explore their potential for generating high-quality code. Thirdly, we investigate the impact of code smells on two downstream tasks: code completion and code search. Furthermore, to access the generalizability of SmellCC, we conduct a cross-project evaluation. Lastly, we derive several actionable implications for software engineering researchers and industry practitioners from our findings. The experimental results show that our SmellCC eliminates 91.6% of code smells across the entire CodeSearchNet-Python corpus, curating a smell-cleaned benchmark dataset. On a curated 50-repository subset, SmellCC achieves 96.8% smell removal while maintaining 91.3% correctness through test verification. The LLMs fine-tuned on this smell-cleaned dataset reduce code smells in generated code by 79.6% and 83.1% for DeepSeek-V2 and Qwen-Coder respectively. Moreover, applying the smell-cleaned dataset to code completion and code search tasks yields significant improvements across all models (DeepSeek-V1/V2, Qwen-Coder), with Qwen-Coder achieving peak gains of 12.2% in completion and 4.3% in search performance. Finally, SmellCC also demonstrates strong generalization capabilities in a cross-project setting.",2025.0,ACM Transactions on Software Engineering and Methodology,transactions on software engineering and methodology,A*,Unknown,0.0,no_match,
4e0ee859d4676268a1d0b1bce8313aa830b33d33,Smells in system user interactive tests,"Test smells are known as bad development practices that reflect poor design and implementation choices in software tests. Over the last decade, there are few attempts to study test smells in the context of system tests that interact with the System Under Test through a Graphical User Interface. To fill the gap, we conduct an exploratory analysis of test smells occurring in System User Interactive Tests (SUIT). We thus, compose a catalog of 35 SUIT-specific smells, identified through a multi-vocal literature review, and show how they differ from smells encountered in unit tests. We also conduct an empirical analysis to assess the diffuseness and removal of these smells in 48 industrial repositories and 12 open-source projects. Our results show that the same type of smells tends to appear in both industrial and open-source projects, but they are not addressed in the same way. We also find that smells originating from a combination of multiple code locations appear more often than those that are localized on a single line. This happens because of the difficulty to observe non-local smells without tool support. Furthermore, we find that smell-removing actions are not frequent with less than 50% of the affected tests ever undergoing a smell removal. Interestingly, while smell-removing actions are rare, some smells disappear while discarding tests, i.e., these smells do not appear in follow-up tests that replace the discarded ones.",2021.0,Empirical Software Engineering,empirical software engineering,A,Empirical Study,1.0,,\bempirical analysis\b; \b\d+ (?:open[- ]source |open )?projects?\b
542142c71781dbe8404c406e896f21610de0fb95,Generated Tests in the Context of Maintenance Tasks: A Series of Empirical Studies,"Maintenance tasks are often time-consuming and hard to manage. To cope with that, developers often use failing test cases to guide their maintenance efforts. Therefore, working with good test cases is essential to the success of maintenance. Automatically generated tests can save time and lead to higher code coverage. However, they often include test smells and are hard to read. Moreover, it is not clear whether generated tests can be effective when guiding maintenance tasks, nor if developers fully accept them. This paper presents a series of empirical studies that evaluates whether automatically generated tests can support developers when maintaining code. First, we ran an empirical study with 20 real developers to compare how they perform maintenance tasks with automatically generated (Evosuite or Randoop) and manually-written tests. Then, we applied a survey with 82 developers that assessed developers’ perceptions of using refactored Randoop tests. Finally, a third empirical study with 24 developers focused on evaluating the impact of refactored Randoop tests on the performance of maintenance. Our results and statistical analyses show that automatically generated tests can be a great help for identifying faults during maintenance. Developers were more accurate at identifying maintenance tasks when using Evosuite tests and equally effective to create bug fixes (manually-written, Evosuite, and Randoop). Developers preferred refactored Randoop tests to the original ones. However, the refactorings applied did not improve their performance on fault detection. On the other hand, developers were more effective to fix the faults using refactored Randoop tests.",2022.0,IEEE Access,access,A,Empirical Study,1.0,,\bempirical study\b
5856da11a550a8f93674088cf975eec45ff0cc9b,Collaborative or individual identification of code smells? On the effectiveness of novice and professional developers,"Abstract Context The code smell identification aims to reveal code structures that harm the software maintainability. Such identification usually requires a deep understanding of multiple parts of a system. Unfortunately, developers in charge of identifying code smells individually can struggle to identify, confirm, and refute code smell suspects. Developers may reduce their struggle by identifying code smells in pairs through the collaborative smell identification. Objective The current knowledge on the effectiveness of collaborative smell identification remains limited. Some scenarios were not explored by previous work on effectiveness of collaborative versus individual smell identification. In this paper, we address a particular scenario that reflects various organizations worldwide. We also compare our study results with recent studies. Method We have carefully designed and conducted a controlled experiment with 34 developers. We exploited a particular scenario that reflects various organizations: novices and professionals inspecting systems they are unfamiliar with. We expect to minimize some critical threats to validity of previous work. Additionally, we interviewed 5 project leaders aimed to understand the potential adoption of the collaborative smell identification in practice. Results Statistical testing suggests 27% more precision and 36% more recall through the collaborative smell identification for both novices and professionals. These results partially confirm previous work in a not previously exploited scenario. Additionally, the interviews showed that leaders would strongly adopt the collaborative smell identification. However, some organization and tool constraints may limit such adoption. We derived recommendations to organizations concerned about adopting the collaborative smell identification in practice. Conclusion We recommend that organizations allocate novice developers for identifying code smells in collaboration. Thus, these organizations can promote the knowledge sharing and the correct smell identification. We also recommend the allocation of developers that are unfamiliar with the system for identifying smells. Thus, organizations can allocate more experience developers in more critical tasks.",2020.0,Information and Software Technology,information and software technology,A,Unknown,0.0,tie:Controlled Experiment|Empirical Study,\b\d+ (?:open[- ]source |open )?projects?\b; \bcontrolled experiment\b
5a86974ba82aca52164515b145af411f66e4e38c,DLFinder: Characterizing and Detecting Duplicate Logging Code Smells,"Developers rely on software logs for a wide variety of tasks, such as debugging, testing, program comprehension, verification, and performance analysis. Despite the importance of logs, prior studies show that there is no industrial standard on how to write logging statements. Recent research on logs often only considers the appropriateness of a log as an individual item (e.g., one single logging statement); while logs are typically analyzed in tandem. In this paper, we focus on studying duplicate logging statements, which are logging statements that have the same static text message. Such duplications in the text message are potential indications of logging code smells, which may affect developers' understanding of the dynamic view of the system. We manually studied over 3K duplicate logging statements and their surrounding code in four large-scale open source systems: Hadoop, CloudStack, ElasticSearch, and Cassandra. We uncovered five patterns of duplicate logging code smells. For each instance of the code smell, we further manually identify the problematic (i.e., require fixes) and justifiable (i.e., do not require fixes) cases. Then, we contact developers in order to verify our manual study result. We integrated our manual study result and developers' feedback into our automated static analysis tool, DLFinder, which automatically detects problematic duplicate logging code smells. We evaluated DLFinder on the four manually studied systems and two additional systems: Camel and Wicket. In total, combining the results of DLFinder and our manual analysis, we reported 82 problematic code smell instances to developers and all of them have been fixed.",2019.0,International Conference on Software Engineering,software engineering,A*,Unknown,0.0,no_match,
5ba008977c63f55914dd13ebed4a6136ca6bb7a6,A Characterization Study of Merge Conflicts in Java Projects,"In collaborative software development, programmers create software branches to add features and fix bugs tentatively, and then merge branches to integrate edits. When edits from different branches textually overlap (i.e., textual conflicts) or lead to compilation and runtime errors (i.e., build and test conflicts), it is challenging for developers to remove such conflicts. Prior work proposed tools to detect and solve conflicts. They investigate how conflicts relate to code smells and the software development process. However, many questions are still not fully investigated, such as what types of conflicts exist in real-world applications and how developers or tools handle them. For this article, we used automated textual merge, compilation, and testing to reveal three types of conflicts in 208 open-source repositories: textual conflicts, build conflicts (i.e., conflicts causing build errors), and test conflicts (i.e., conflicts triggering test failures). We manually inspected 538 conflicts and their resolutions to characterize merge conflicts from different angles. Our analysis revealed three interesting phenomena. First, higher-order conflicts (i.e., build and test conflicts) are harder to detect and resolve, while existing tools mainly focus on textual conflicts. Second, developers manually resolved most higher-order conflicts by applying similar edits to multiple program locations; their conflict resolutions share common editing patterns implying great opportunities for future tool design. Third, developers resolved 64% of true textual conflicts by keeping complete edits from either a left or right branch. Unlike prior studies, our research for the first time thoroughly characterizes three types of conflicts, with a special focus on higher-order conflicts and limitations of existing tool design. Our work will shed light on future research of software merge.",2022.0,ACM Transactions on Software Engineering and Methodology,transactions on software engineering and methodology,A*,Unknown,0.0,no_match,
5bc9b636595dbbe95359635deb0e14dd6c11a3ea,HBSniff: A static analysis tool for Java Hibernate object-relational mapping code smell detection,"Code smells are symptoms of sub-optimal software design and implementation choices. Detection tools were actively developed for general code smell related to coupling and cohesion issues, but such tools cannot capture domain-specific problems. In this work, we fill the gap in data persistence and query code quality by proposing HBSniff , i.e., a static analysis tool for detecting 14 code smells as well as 4 mapping metrics in Java Hibernate Object-Relational Mapping (ORM) codes. HBSniff is tested, documented, and manually validated. It also generates readable and customizable reports for every project. Moreover, it is beneficial to Mining Software Repository (MSR) research requiring large-scale analysis since project compilation is not needed for detection.",2022.0,Science of Computer Programming,science of computer programming,A,Unknown,0.0,no_match,
5e0c17cb43d08085a9f339c829131f9cb934b3cf,Accurate Agarwood Oil Quality Determination: A Breakthrough With Artificial Neural Networks and the Levenberg- Marquardt Algorithm,"The agarwood oil quality has been divided into four grades, including low, medium-low, medium-high, and high, and has been thoroughly examined in this manuscript. Recently, there has been a high demand for agarwood oil but the current grading method is based on conventional techniques that rely on visual inspection of various characteristics such as intensity, smell, texture, and weight. However, this method is not standardized, making it difficult to grade agarwood oil accurately. Therefore, the use of artificial neural networks (ANN) in artificial intelligence (AI) was employed to develop a system for identifying agarwood oil quality using the Levenberg-Marquardt (LM) algorithm. Data from 660 samples of chemical compounds extracted from agarwood oil were used to train the ANN. To enhance the accuracy of agarwood oil quality identification with LM performance, the data was split into 70% for validation, 15% for training, and 15% for testing. The results showed that the ANN with the eleven inputs (10-epi-<inline-formula> <tex-math notation=""LaTeX"">$\gamma $ </tex-math></inline-formula>-eudesmol, <inline-formula> <tex-math notation=""LaTeX"">$\alpha $ </tex-math></inline-formula>-agarofuran, <inline-formula> <tex-math notation=""LaTeX"">$\gamma $ </tex-math></inline-formula>-eudesmol, <inline-formula> <tex-math notation=""LaTeX"">$\beta $ </tex-math></inline-formula>-agarofuran, ar-curcumene, valerianol, <inline-formula> <tex-math notation=""LaTeX"">$\beta $ </tex-math></inline-formula>-dihydro agarofuran, <inline-formula> <tex-math notation=""LaTeX"">$\alpha $ </tex-math></inline-formula>-guaiene, allo aromadendrene epoxide and <inline-formula> <tex-math notation=""LaTeX"">$\Upsilon $ </tex-math></inline-formula>-cadinene) trained by ten hidden neurons of LM algorithm provided the best performance with 100% for accuracy, specificity, sensitivity and precision as well as minimum convergence epoch. The experimental implementation of the model was done using the MATLAB version R2015a platform. This study will help to standardize agarwood oil quality determination using intelligent modeling techniques and serve as a guide for future research in the essential oil industry.",2024.0,IEEE Access,access,A,Unknown,0.0,no_match,
5f2dbb09c083aa0dea236d9ee577cee125da76af,A Catalog of Data Smells for Coding Tasks,"Large Language Models (LLMs) are increasingly becoming fundamental in supporting software developers in coding tasks. The massive datasets used for training LLMs are often collected automatically, leading to the introduction of data smells. Previous work addressed this issue by using quality filters to handle some specific smells. Still, the literature lacks a systematic catalog of the data smells for coding tasks currently known. This article presents a Systematic Literature Review (SLR) focused on articles that introduce LLMs for coding tasks. We first extracted the quality filters adopted for training and testing such LLMs, inferred the root problem behind their adoption (data smells for coding tasks), and defined a taxonomy of such smells. Our results highlight discrepancies in the adoption of quality filters between pre-training and fine-tuning stages and across different coding tasks, shedding light on areas for improvement in LLM-based software development support.",2024.0,ACM Transactions on Software Engineering and Methodology,transactions on software engineering and methodology,A*,Unknown,0.0,tie:Systematic Literature Review|Theoretical Contribution,\b(?:a |new )?taxonomy\b; \bsystematic literature review\b
62f25d50b1a1ccb612a2f769d1954844816ccfc5,The Influence of Code Smell Interactions on Software Maintainability,"Code smells are characteristics in the code that signal potential design issues. Researchers and developers believe that the presence of code smells can adversely impact the maintainability of software, which includes five sub-attributes: modularity, reusability, analyzability, modifiability, and testability. Previous studies have empirically assessed the impact of code smells on maintainability. However, some research suggests that code smells do not always exist in isolation and that their interactions may be the actual cause of degraded maintainability. The primary objective of this study is to empirically assess the influence of code smells on software maintainability, focusing on the interactions between code smells. To assess the influence of code smell interactions, the methodology involves statistically comparing maintainability metric measurements between cases where code smell interactions exist and cases where they do not. Our preliminary study focused on modularity, which was assessed by the number of static dependencies across 116 top-starred Java projects on GitHub. The results suggest that code smell interactions are associated with increased dependencies. The implication is that developers should prioritize examining and refactoring code smells that interact with each other, as they are more severe than code smells that exist in isolation in terms of the number of dependencies between them. Future work will expand to include more smell types, incorporate additional metrics by analyzing historical releases and conducting experiments involving human participants, and explore other maintainability sub-attributes.",2025.0,IEEE International Conference on Software Maintenance and Evolution,software maintenance and evolution,A,Unknown,0.0,no_match,
6bd6baa057059f972f81fa95b0a674c12843b0c9,Scented since the beginning: On the diffuseness of test smells in automatically generated test code,"Abstract Software testing represents a key software engineering practice to ensure source code quality and reliability. To support developers in this activity and reduce testing effort, several automated unit test generation tools have been proposed. Most of these approaches have the main goal of covering as more branches as possible. While these approaches have good performance, little is still known on the maintainability of the test code they produce, i.e.,whether the generated tests have a good code quality and if they do not possibly introduce issues threatening their effectiveness. To bridge this gap, in this paper we study to what extent existing automated test case generation tools produce potentially problematic test code. We consider seven test smells, i.e.,suboptimal design choices applied by programmers during the development of test cases, as measure of code quality of the generated tests, and evaluate their diffuseness in the unit test classes automatically generated by three state-of-the-art tools such as Randoop , JTExpert , and Evosuite . Moreover, we investigate whether there are characteristics of test and production code influencing the generation of smelly tests. Our study shows that all the considered tools tend to generate a high quantity of two specific test smell types, i.e.,Assertion Roulette and Eager Test, which are those that previous studies showed to negatively impact the reliability of production code. We also discover that test size is correlated with the generation of smelly tests. Based on our findings, we argue that more effective automated generation algorithms that explicitly take into account test code quality should be further investigated and devised.",2019.0,Journal of Systems and Software,journal of systems and software,A,Position Paper,1.0,,\bwe argue\b
6c72e7a83cf98ed91c59583c7eb5c317690fd320,"Test smells 20 years later: detectability, validity, and reliability","Test smells aim to capture design issues in test code that reduces its maintainability. These have been extensively studied and generally found quite prevalent in both human-written and automatically generated test-cases. However, most evidence of prevalence is based on specific static detection rules. Although those are based on the original, conceptual definitions of the various test smells, recent empirical studies indicate that developers perceive warnings raised by detection tools as overly strict and non-representative of the maintainability and quality of test suites. This leads us to re-assess test smell detection tools’ detection accuracy and investigate the prevalence and detectability of test smells more broadly. Specifically, we construct a hand-annotated dataset spanning hundreds of test suites both written by developers and generated by two test generation tools (EvoSuite and JTExpert) and performed a multi-stage, cross-validated manual analysis to identify the presence of six types of test smells in these. We then use this manual labeling to benchmark the performance and external validity of two test smell detection tools—one widely used in prior work and one recently introduced with the express goal to match developer perceptions of test smells. Our results primarily show that the current vocabulary of test smells is highly mismatched to real concerns: multiple smells were ubiquitous on developer-written tests but virtually never correlated with semantic or maintainability flaws; machine-generated tests actually often scored better, but in reality, suffered from a host of problems not well-captured by current test smells. Current test smell detection strategies poorly characterized the issues in these automatically generated test suites; in particular, the older tool’s detection strategies misclassified over 70% of test smells, both missing real instances (false negatives) and marking many smell-free tests as smelly (false positives). We identify common patterns in these tests that can be used to improve the tools, refine and update the definition of certain test smells, and highlight as of yet uncharacterized issues. Our findings suggest the need for (i) more appropriate metrics to match development practice, (ii) more accurate detection strategies to be evaluated primarily in industrial contexts.",2022.0,Empirical Software Engineering,empirical software engineering,A,Unknown,0.0,no_match,
6d5f95a70d737b46310fd5add56417e32c995dfd,A manual categorization of new quality issues on automatically-generated tests,"Diverse studies have analyzed the quality of automatically generated test cases by using test smells as the main quality attribute. But recent work reported that generated tests might suffer from a number of quality issues not considered previously, thus suggesting that not all test smells have been identified yet. Little is known about these issues and their frequency within generated tests. In this paper, we report on a manual analysis of an external dataset consisting of 2,340 automatically generated tests. This analysis aimed at detecting new quality issues, not covered by past recognized test smells. We use thematic analysis to group and categorize the new quality issues found. As a result, we propose a taxonomy of 13 new quality issues grouped in four categories. We also report on the frequency of these new quality issues within the dataset and present eight recommendations that test generators may consider to improve the quality and usefulness of the automatically generated tests. As an additional contribution, our results suggest that (i) test quality should be evaluated not only on the tests themselves, but considering also the tested code; and (ii) automatically generated tests present flaws that are unlikely to be found in manually created tests and thus require specific quality checking tools.",2023.0,IEEE International Conference on Software Maintenance and Evolution,software maintenance and evolution,A,Theoretical Contribution,1.0,,\b(?:a |new )?taxonomy\b; \bwe propose a (?:framework|model|theory|taxonomy)\b
6f0a4e7dadb218d9b2fefe31f31297a92d49a576,Test Smell Detection Tools: A Systematic Mapping Study,"Test smells are defined as sub-optimal design choices developers make when implementing test cases. Hence, similar to code smells, the research community has produced numerous test smell detection tools to investigate the impact of test smells on the quality and maintenance of test suites. However, little is known about the characteristics, type of smells, target language, and availability of these published tools. In this paper, we provide a detailed catalog of all known, peer-reviewed, test smell detection tools. We start with performing a comprehensive search of peer-reviewed scientific publications to construct a catalog of 22 tools. Then, we perform a comparative analysis to identify the smell types detected by each tool and other salient features that include programming language, testing framework support, detection strategy, and adoption, among others. From our findings, we discover tools that detect test smells in Java, Scala, Smalltalk, and C++ test suites, with Java support favored by most tools. These tools are available as command-line and IDE plugins, among others. Our analysis also shows that most tools overlap in detecting specific smell types, such as General Fixture. Further, we encounter four types of techniques these tools utilize to detect smells. We envision our study as a one-stop source for researchers and practitioners in determining the tool appropriate for their needs. Our findings also empower the community with information to guide future tool development.",2021.0,International Conference on Evaluation & Assessment in Software Engineering,evaluation and assessment in software engineering,A,Systematic Literature Review,1.0,,\bsystematic mapping study\b; \bsystematic mapping\b
71daa51df96244cbcb2f42261c91e0281c177d90,An Empirical Study on the Evolution of Test Smell,"Test smell as analogous to code smell is a poor design choice in the implementation of test code. Recently, the concept of test smell has become the utmost interest of researchers and practitioners. Surveys show that developers’ are aware of test smells and their potential consequences in the software system. However, there is limited empirical evidence for how developers address test smells during software evolution. Thus, in this paper, we study 2 research questions: (RQ1) How do test smells evolve? (RQ2) What is the motivation for removing test smells? Our result shows that Assertion Roulette, Conditional Test Logic and Unknown tests have a high rate of churns, the feature addition and improvement motivate refactoring, but test smell persists, implicating sub-optimal practice. In our study, we hope to fill the gap between academia and industry by providing evidence of sub-optimal practice in the way developers address test smells, and how it may be detrimental to the software.",2020.0,2020 IEEE/ACM 42nd International Conference on Software Engineering: Companion Proceedings (ICSE-Companion),software engineering,A*,Empirical Study,1.0,,\bempirical study\b
751fdae1e04c66cfb585bed7d8c6b952df8a31fe,The Lost World: Characterizing and Detecting Undiscovered Test Smells,"Test smell refers to poor programming and design practices in testing and widely spreads throughout software projects. Considering test smells have negative impacts on the comprehension and maintenance of test code and even make code-under-test more defect-prone, it thus has great importance in mining, detecting, and refactoring them. Since Deursen et al. introduced the definition of “test smell”, several studies worked on discovering new test smells from test specifications and software practitioners’ experience. Indeed, many bad testing practices are “observed” by software developers during creating test scripts rather than through academic research and are widely discussed in the software engineering community (e.g., Stack Overflow) [70, 94]. However, no prior studies explored new bad testing practices from software practitioners’ discussions, formally defined them as new test smell types, and analyzed their characteristics, which plays a bad role for developers in knowing these bad practices and avoiding using them during test code development. Therefore, we pick up those challenges and act by working on systematic methods to explore new test smell types from one of the most mainstream developers’ Q&A platforms, i.e., Stack Overflow. We further investigate the harmfulness of new test smells and analyze possible solutions for eliminating them. We find that some test smells make it hard for developers to fix failed test cases and trace their failing reasons. To exacerbate matters, we have identified two types of test smells that pose a risk to the accuracy of test cases. Next, we develop a detector to detect test smells from software. The detector is composed of six detection methods for different smell types. These detection methods are both wrapped with a set of syntactic rules based on the code patterns extracted from different test smells and developers’ code styles. We manually construct a test smell dataset from seven popular Java projects and evaluate the effectiveness of our detector on it. The experimental results show that our detector achieves high performance in precision, recall, and F1 score. Then, we utilize our detector to detect smells from 919 real-world Java projects to explore whether the six test smells are prevalent in practice. We observe that these test smells are widely spread in 722 out of 919 Java projects, which demonstrates that they are prevalent in real-world projects. Finally, to validate the usefulness of test smells in practice, we submit 56 issue reports to 53 real-world projects with different smells. Our issue reports achieve 76.4% acceptance by conducting sentiment analysis on developers’ replies. These evaluations confirm the effectiveness of our detector and the prevalence and practicality of new test smell types on real-world projects.",2023.0,ACM Transactions on Software Engineering and Methodology,transactions on software engineering and methodology,A*,Experience Report,1.0,,\bpractitioners?[’']? (?:perspective|view|experience)\b
7650ce52a41a1a6556e7a69725736ad82255eda2,An Exploratory Study on the Refactoring of Unit Test Files in Android Applications,"An essential activity of software maintenance is the refactoring of source code. Refactoring operations enable developers to take necessary actions to correct bad programming practices (i.e., smells) in the source code of both production and test files. With unit testing being a vital and fundamental part of ensuring the quality of a system, developers must address smelly test code. In this paper, we empirically explore the impact and relationship between refactoring operations and test smells in 250 open-source Android applications (apps). Our experiments showed that the type of refactoring operations performed by developers on test files differ from those performed on non-test files. Further, results around test smells show a co-occurrence between certain smell types and refactorings, and how refactorings are utilized to eliminate smells. Findings from this study will not only further our knowledge of refactoring operations on test files, but will also help developers in understanding the possible ways on how to maintain their apps.",2020.0,International Conference on Software Engineering,software engineering,A*,Empirical Study,1.0,,\bexploratory study\b
774f421cf319d37c49e0d89f93d28f9fdf56bce6,An Electronic Nose Natural Neural Learning Model in Real Work Environment,"The natural identification of an odor, smelled once, highlights a new idea on the artificial intelligence for electronic noses to mimic as close as possible the biological olfactory system. For the first time, a natural on-line training with only one sample, to extract both eigen-weights and eigen-bias, for each odor is built herein to elaborate a natural identifier neural model in a real work environment. The proposed model efficiently reduces the maximum extent of traditional neural models complexities, namely generic work-laboratory, dimensional data learning (typically from 60 to 80%), model adaptability complication, time-consuming, heavy experiment materials and chemical products. The outcomes show that the invented model identifies correctly 100% the three hazardous contaminants of the test data (all data minus only three samples for learning) processed from gas sensors weakened in the harshest conditions. Therewith, this natural identifier model methodology is elaborated easily enough to be efficient in different environments conditions to accurately control the air quality safety in any local area.",2019.0,IEEE Access,access,A,Unknown,0.0,no_match,
7b154de8b8188b89c359646b801713e64436b27c,Toward Investigating the Violations Roles of Pattern Grime Occurrence in Software Design Patterns: Violations Roles of Pattern Grime,"Design patterns (DPs) are recurring solutions for software design problems. They are recommended and employed for their benefits and impact on software quality. However, the improper extension and implementation of design patterns raise the emergence of accumulating bad smells in DPs structure and behavior. Pattern grime occurrence is one of the bad smells in the design pattern. Grime highly reduces design pattern usability, testability, and adaptability, and even prevents their proper implementation. Despite that, pattern grime occurrence may have many severe violations and impacts on design patterns. For instance, grime occurrence contributes to build-up code smells, violates object-oriented principles, and degenerates pattern quality and code structure. This research focuses on investigating the violations roles of grime occurrence in design patterns and aims to propose a taxonomy for pattern grime violation types, to take the first step to develop a prediction model to detect pattern grime occurrence in the software design pattern. Thus, this research outlines a research project targeting the main research question: “how pattern grime is correlated, and how this might lead to violate design pattern principles, structure, and quality? We plan to answer this question through various stages. First, we investigate the commonalities and variability of pattern grime occurrence on design patterns. Secondly, we identify the types of grime roles violation in DPs to propose a taxonomy of pattern grime violation types. The results of these stages will help to identify a prediction model to predict pattern grime in the software design patterns.",2022.0,International Conference on Evaluation & Assessment in Software Engineering,evaluation and assessment in software engineering,A,Theoretical Contribution,1.0,,\b(?:a |new )?taxonomy\b
7bd3cc49eb3795e13c60c4861a8ed1173c82a74d,Improving Students’ Testing Practices,"Software testing prevents and detects the introduction of faults and bugs during the process of evolving and delivering reliable software. As an important software development activity, testing has been intensively studied to measure test code quality and effectiveness, and assist professional developers and testers with automated test generation tools. In recent years, testing has been attracting educators’ attention and has been integrated into some Computer Science education programs. Understanding challenges and problems faced by students can help inform educators the topics that require extra attention and practice when presenting testing concepts and techniques.In my research, I study how students implement and modify source code given unit tests, and how they perceive and perform unit testing. I propose to quantitatively measure the quality of student-written test code, and qualitatively identify the common mistakes and bad smells observed in student-written test code. We compare the performance of students and professionals, who vary in prior testing experience, to investigate the factors that lead to high-quality test code. The ultimate goal of my research is to address the challenges students encountered during test code composition and improve their testing skills with supportive tools or guidance.",2020.0,2020 IEEE/ACM 42nd International Conference on Software Engineering: Companion Proceedings (ICSE-Companion),software engineering,A*,Unknown,0.0,no_match,
7da37b12499a251fd7894b5bcbd00beff2f45808,Emerging Trends in Code Quality: Introducing Kotlin-Specific Bad Smell Detection Tool for Android Apps,"The increasing demand for Android applications in line with technological evolution and the development of new features often leads to frequent updates and releases of applications. However, in this update cycle, developers sometimes make hasty changes that result in poor design choices, leading to the emergence of bad smell code. The impact of smells involves a decrease in quality, performance, and understanding, and impedes the software maintenance process. Some previously developed smell detection tools rely on JavaParser to parse source code into an Abstract Syntax Tree representation, meaning the extracted information is limited to Java programming language source code. Meanwhile, Google recommends Kotlin as the language for developing Android applications, and over 60% of professional Android developers use Kotlin. This research is using Program Structure Interface representation and applies a software metric-based approach as a method of smell detection and implements it into a Kotlin Android bad smell code detection tool. This approach was chosen because the characteristics of each smell can be represented with software metrics. The tool’s evaluation results on five Kotlin Android projects showed an F-measure of 100% for Brain Class detection, 93.77% for God Class, and 85.71% for Brain Method. Comparing the tool’s detection results with the iPlasma tool on the Quran project showed that the developed tool detected more smell occurrences. Usability testing results indicated that seven participants strongly agreed with the easy-to-understand detection results, easy-to-find presented functionality, clearly presented information, and the tool helped to perform metric calculation and smell detection more quickly and efficiently. The average rating given for each question was between 4.29 – 4.71.",2024.0,IEEE Access,access,A,Unknown,0.0,no_match,
7f5190603ecb02bb94cdf4c70efb797b2e4379c2,On the Harmfulness of Test Smells in Manual System Testing: A Controlled Experiment,"Background. Test smells can pose difficulties during testing activities, such as poor maintainability, non-deterministic behavior, and incomplete verification. Existing research has extensively addressed test smells in automated software tests, but little attention has been paid to smells in natural language tests. While some research has attempted to catalog such test smells, there is a lack of investigation into their impact on the effectiveness of test cases. Aims. In this paper, we conduct a controlled experiment with 30 participants from academia and industry to examine the impact of test smells in manual test descriptions. Method. Specifically, we analyze whether the presence of two test smells, Ambiguous Test and Eager Action, result in (1) increased test execution time, (2) a higher number of steps needed to complete the tests, and (3) high divergency on the perceived success of the tests outcomes. Results. Our findings reveal that an Ambiguous Test can increase execution time by up to five times and screen flow by up to seven times. In addition, if the Eager Actions are dependent on one another, there is no increase in execution time and screen flow. Conclusions. It highlights the need for better design of manual test descriptions to improve clarity, consistency, and performance execution.",2025.0,International Symposium on Empirical Software Engineering and Measurement,empirical software engineering and measurement,A,Controlled Experiment,1.0,,\bcontrolled experiment\b
7f9fa044869b76e8dc1e2782b63114244cdbaac4,An Empirical Study on the Code Refactoring Capability of Large Language Models,"Large Language Models (LLMs) aim to generate and understand human-like text by leveraging deep learning and natural language processing techniques. In software development, LLMs can enhance the coding experience through coding automation, reducing development time and improving code quality. Code refactoring is a technique used to enhance the internal quality of the code base without altering its external functionalities. Leveraging LLMs for code refactoring can help developers improve code quality with minimal effort. This paper presents an empirical study evaluating the quality of refactored code produced by StarCoder2, GPT-4o-mini, GPT-4o, LLaMA 3, and DeepSeek-v3. Specifically, we (1) evaluate whether the code refactored by the LLMs can improve code quality, (2) understand the differences between the types of refactoring applied by the different LLMs and compare their effectiveness, and (3) evaluate whether the quality of the refactored code generated by the LLM can be improved through one-shot prompting and chain-of-thought prompting. We analyze the refactoring capabilities of LLMs on 30 open-source Java projects. We evaluate StarCoder2, LLaMA 3, GPT-4o-mini, GPT-4o, and DeepSeek-v3 on their ability to improve static code quality metrics, pass unit tests, and reduce code smells. Our findings reveal that production-grade models such as GPT-4o and DeepSeek-v3 achieve pass@5 unit test success rates above 90% on multi-file refactorings. LLaMA 3 achieves the highest overall code smell reduction with a median reduction of 15.1%, while DeepSeek-v3 and GPT-4o achieve the greatest improvements in cohesion, coupling, and complexity. StarCoder2 demonstrates strengths in modularity improvements and systematic refactorings. Developers outperform LLMs in complex, context-sensitive refactorings such as attribute encapsulation. We also show that prompt engineering significantly affects LLM performance: chain-of-thought prompting improves StarCoder2's test pass rate by 1.7% and increases code smell reduction compared to zero-shot prompting. One-shot prompting also expands the variety of refactorings LLMs can perform. These results suggest that LLMs are effective for many refactoring tasks, especially when guided with tailored prompts, but benefit from integration with human expertise for architectural or semantically complex changes. By providing insights into the capabilities and best practices for integrating LLMs into the software development process, our study aims to enhance the effectiveness and efficiency of code refactoring in real-world applications.",2024.0,ACM Transactions on Software Engineering and Methodology,transactions on software engineering and methodology,A*,Empirical Study,1.0,,\bempirical study\b
818903514972325edd8b3b62e2a6aa182347c27c,Machine learning-based test smell detection,"Test smells are symptoms of sub-optimal design choices adopted when developing test cases. Previous studies have proved their harmfulness for test code maintainability and effectiveness. Therefore, researchers have been proposing automated, heuristic-based techniques to detect them. However, the performance of these detectors is still limited and dependent on tunable thresholds. We design and experiment with a novel test smell detection approach based on machine learning to detect four test smells. First, we develop the largest dataset of manually-validated test smells to enable experimentation. Afterward, we train six machine learners and assess their capabilities in within- and cross-project scenarios. Finally, we compare the ML-based approach with state-of-the-art heuristic-based techniques. The key findings of the study report a negative result. The performance of the machine learning-based detector is significantly better than heuristic-based techniques, but none of the learners able to overcome an average F-Measure of 51%. We further elaborate and discuss the reasons behind this negative result through a qualitative investigation into the current issues and challenges that prevent the appropriate detection of test smells, which allowed us to catalog the next steps that the research community may pursue to improve test smell detection techniques.",2022.0,Empirical Software Engineering,empirical software engineering,A,Unknown,0.0,no_match,
8bfcfdc11526b493ae6e4415ae7c3316a8fdfc9b,Multi-faceted Code Smell Detection at Scale using DesigniteJava 2.0,"Code smell detection tools not only help practitioners and researchers detect maintainability issues but also enable repository mining and empirical research involving code smells. However, current tools for detecting code smells exhibit notable shortcomings, such as limited coverage for a diverse kind of smells at varying granularities, lack of maintenance, and inadequate support for large-scale mining studies. To address the limitations, the first major version of DesigniteJava supported code smells detection at architecture, design, and implementation smells along with commonly used code quality metrics. This paper presents DesigniteJava 2.0 that adds testability and test smell detection support. Also, the tool offers new analysis modes, including an optimized multi-commit analysis mode, to support large-scale multi-commit analysis. We show that the optimized multi-commit mode reduces analysis time by up to 46% without compromising the analysis efficacy. The tool is available online. Replication package including all the validation data and scripts can be found online [27]. Demonstration video can be found on YouTube.CCS CONCEPTS• Software and its engineering → Maintaining software; Software maintenance tools.",2024.0,IEEE Working Conference on Mining Software Repositories,mining software repositories,A,Tool Paper,1.0,,\bthe tool (?:supports?|allows?|enables?|provides?|is)\b; \bdemonstration\b
8c5b426d50cb0b90e34d2a099f81861c3db81a63,Towards Unmasking LGTM Smells in Code Reviews: A Comparative Study of Comment-Free and Commented Reviews,"Code review is a crucial component of the software development life cycle and is adopted as a best practice in the industry. However, like any process, counterproductive practices and pitfalls exist within code review, such as the occurrence of the “Looks Good to Me” (LGTM) smell. LGTM smell occurs when a superficial review is conducted. LGTM review smells can potentially result in the accidental inclusion of low-quality changesets in the codebase, leading to severe bugs, possibly many reopens of the associated issues, and additional time wasted on changes to the changeset. In this study, we aim to explore LGTM smells and examine their potential impacts on the related repository. Given the inherent challenges of automatically detecting LGTM smells in code reviews, this study introduces an alternative approach by categorizing code reviews into two distinct types: comment-free and commented reviews. The primary hypothesis is that comment-free reviews are more prone to LGTM smells due to their lack of detailed examination and discourse. To test this hypothesis, we conduct an empirical analysis on a subset of pull requests (PRs) comprising code reviews from five large-scale software projects. We further investigate the impact of comment-free and commented reviews on key development metrics, specifically focusing on the number of reopens and late commits in PRs. According to the results, 64.7% of the PRs in these projects exhibited comment-free reviews. Our manual analysis reveals that comment-free reviews exhibit the LGTM smell 3.5 times more frequently than the commented reviews. We also observed a statistically significant difference, indicating that comment-free review PRs tend to include more late commits (i.e., commits made after the reviewer's approval) than the commented PRs. However, no statistically significant difference was observed in the reopening ratio of associated issues between comment-free reviews and commented reviews. Our approach provides a novel method for detecting and exploring the impacts of LGTM smell, emphasizing the significance of comprehensive code reviews and setting the stage for future research aimed at automatically identifying LGTM smell occurrences.",2024.0,IEEE International Conference on Software Maintenance and Evolution,software maintenance and evolution,A,Empirical Study,1.0,,\bempirical analysis\b
8e5a6cd142fa9626159fd49f68e5e1f3781057a3,Selected Code-quality Characteristics and Metrics for Internet of Things Systems,"Software code is present on multiple levels within current Internet of Things (IoT) systems.The quality of this code impacts system reliability, safety, maintainability, and other quality aspects. In this paper, we provide a comprehensive overview of code quality-related metrics, specifically revised for the context of IoT systems. These metrics are divided into main code quality categories: Size, redundancy, complexity, coupling, unit test coverage and effectiveness, cohesion, code readability, security, and code heterogeneity. The metrics are then linked to selected general quality characteristics from the ISO/IEC 25010:2011 standard by their possible impact on the quality and reliability of an IoT system, the principal layer of the system, the code levels and the main phases of the projectto which they are relevant. This analysis is followed by a discussion of code smells and their relation to the presented metrics. The overview presented in the paper is the result of a thorough analysis and discussion of the author’s team with the involvement of external subject-matter experts in which a defined decision algorithm was followed. The primary result of the paper is an overview of the metrics accompanied by applicability notes related to the quality characteristics, the system layer, the level of the code, and the phase of the IoT project.",2022.0,IEEE Access,access,A,Unknown,0.0,no_match,
8f60ab344e8ec1fb53cd3ecd615d8d348d0a9aa2,Artificial Perception of the Beverages: An In-Depth Review of the Tea Sample,"India is the second-largest tea producer and consumer in the world after China. In 2017, the Indian tea market size accounted for 130 billion Indian rupees. An estimated global tea market size was at USD 13.31 billion in 2019, and the expected compound annual growth rate is 5.5% up to the year 2025. India can grab worth tea market size globally by making market strategies with AI and ML-based demonstrations for the unique identity of tea flavor. Conventional instruments available are not handy, time-consuming and require a skilled person to operate. The tea attributes should be digitally recognizable before purchase from the consumer’s perspective, significantly enlarging the tea market circle. In the paper, the comprehensive review about an artificial perception of tea has been discussed. Three major attributes of the tea sample, its taste, smell, and color, are under consideration. With the help of various sensors, the attributes of liquefied tea samples Had got converted into their digital signature. By analyzing the correlation of them with the pattern recognition, their classification had been done. The electronic feature fusion of tea liquor attributes may cause handling issues with the formation of redundant data. So this paper explains the method and guidelines of an application of specific filters which remove the redundant data. The constructive sample data can establish the decision matrix for correlation. With the established decision matrix, précised test prediction can be achieved for the tea sample based on correlation and regression. The limitations and glitches of the conventional instruments for an artificial perception have been discussed in-depth for possible improvement. The paper ends with a bibliometric analysis of the topic “artificial taste perception of tea,” which had derived from the standard repository of Web of Science. The bibliometric analysis is very useful to showcase the current research trends in the artificial taste perception of tea.",2021.0,IEEE Access,access,A,Unknown,0.0,no_match,
8fd4287d6fd19c8ca3e2d49e4c68a8a2a9c79acc,Detection of test smells with basic language analysis methods and its evaluation,"Similar to the concept of ""code smells"", so-called ""test smells"" describe situations in test code that possibly indicate a deeper problem and require refactoring measures. The elimination of test smells ensures, among other things, that tests are easy to read, easier to maintain and less prone to errors. To automate the detection of test smells, we created the tool ""SniffTest"" (STest), which detects five types of test smells in JUnit tests, namely Anonymous Test, Long Test, Conditional Test Logic, Assertion Roulette, and Rotten Green Test. STest applies basic natural language processing methods, namely regular expressions and part-of-speech tagging. These methods are mostly programming language independent and can be easily adapted to other languages and frameworks. To measure the accuracy of the tool, we created a labelled dataset containing 854 JUnit test methods and 106 helper methods from eight large open source GitHub repositories, where we manually annotated the test smells. The tool showed an accuracy of 87 to 100% in detecting the different test smells. Both the tool and the dataset are made available as open source.",2023.0,"IEEE International Conference on Software Analysis, Evolution, and Reengineering",software analysis evolution and reengineering,A,Unknown,0.0,no_match,
90c9c6562b435dc8a97cda47b24789047bd2c352,Code Smells and Refactoring: A Tertiary Systematic Review of Challenges and Observations,"Abstract Refactoring and smells have been well researched by the software-engineering research community these past decades. Several secondary studies have been published on code smells, discussing their implications on software quality, their impact on maintenance and evolution, and existing tools for their detection. Other secondary studies addressed refactoring, discussing refactoring techniques, opportunities for refactoring, impact on quality, and tools support. In this paper, we present a tertiary systematic literature review of previous surveys, secondary systematic literature reviews, and systematic mappings. We identify the main observations (what we know) and challenges (what we do not know) on code smells and refactoring. We perform this tertiary review using eight scientific databases, based on a set of five research questions, identifying 40 secondary studies between 1992 and 2018. We organize the main observations and challenges about code smell and their refactoring into: smells definitions, most common code-smell detection approaches, code-smell detection tools, most common refactoring, and refactoring tools. We show that code smells and refactoring have a strong relationship with quality attributes, i.e., with understandability, maintainability, testability, complexity, functionality, and reusability. We argue that code smells and refactoring could be considered as the two faces of a same coin. Besides, we identify how refactoring affects quality attributes, more than code smells. We also discuss the implications of this work for practitioners, researchers, and instructors. We identify 13 open issues that could guide future research work. Thus, we want to highlight the gap between code smells and refactoring in the current state of software-engineering research. We wish that this work could help the software-engineering research community in collaborating on future work on code smells and refactoring.",2020.0,Journal of Systems and Software,journal of systems and software,A,Systematic Literature Review,0.667,,\bsystematic literature review\b; \bsystematic review\b
968addd5077be43cbee5c57541176aa51b563b53,Solution of Combined Economic Emission Dispatch Problem Using Improved and Chaotic Population-Based Polar Bear Optimization Algorithm,"This paper proposes a novel improved polar bear optimization (IPBO) algorithm and employs it along with polar bear optimization (PBO) and chaotic population-based variants of polar bear optimization algorithm to solve combined economic emission dispatch (CEED) problem. PBO is a meta-heuristic technique inspired by the hunting mechanisms of polar bears in harsh arctic regions based only on their sense of sight. Polar bears in nature exhibits hunting of prey not only on their sight but also on their keen sense of smell. Hence, a novel improved variant of PBO which enhances its operation by equipping it with tracking capabilities utilizing polar bears sense of smell has been proposed in this study. The validity of novel IPBO is tested through 5 benchmark functions and 140 units Korean ED problem. Furthermore, the impact of different population initialization methods is also observed on the capabilities of conventional PBO. The proposed chaotic population based PBO, improved PBO (IPBO) and PBO are employed to solve IEEE 3 unit and 6-unit CEED problem. CEED is a multi-objective power system optimization problem with conflicting objectives of cost and emission. The simulations performed undertake each objective individually as well as collectively. The results achieved by each technique are analyzed statistically through Wilcoxon rank sum test (WRST), probability density function and cumulative density function. Both the statistical and numerical analysis of results showcase the strength of each solution technique as well as their ability to improve cost and emissions in the solution of CEED problem.",2021.0,IEEE Access,access,A,Unknown,0.0,no_match,
998cb45e2dcc8bf0201615eeb7c82bdf9e53186b,Studying Duplicate Logging Statements and Their Relationships With Code Clones,"Developers rely on software logs for a variety of tasks, such as debugging, testing, program comprehension, verification, and performance analysis. Despite the importance of logs, prior studies show that there is no industrial standard on how to write logging statements. In this paper, we focus on studying duplicate logging statements, which are logging statements that have the same static text message. Such duplications in the text message are potential indications of logging code smells, which may affect developers’ understanding of the dynamic view of the system. We manually studied over 4K duplicate logging statements and their surrounding code in five large-scale open source systems: Hadoop, CloudStack, Elasticsearch, Cassandra, and Flink. We uncovered five patterns of duplicate logging code smells. For each instance of the duplicate logging code smell, we further manually identify the potentially problematic (i.e., require fixes) and justifiable (i.e., do not require fixes) cases. Then, we contact developers to verify our manual study result. We integrated our manual study result and developers’ feedback into our automated static analysis tool, DLFinder, which automatically detects problematic duplicate logging code smells. We evaluated DLFinder on the five manually studied systems and three additional systems: Camel, Kafka and Wicket. In total, combining the results of DLFinder and our manual analysis, we reported 91 problematic duplicate logging code smell instances to developers and all of them have been fixed. We further study the relationship between duplicate logging statements, including the problematic instances of duplicate logging code smells, and code clones. We find that 83 percent of the duplicate logging code smell instances reside in cloned code, but 17 percent of them reside in micro-clones that are difficult to detect using automated clone detection tools. We also find that more than half of the duplicate logging statements reside in cloned code snippets, and a large portion of them reside in very short code blocks which may not be effectively detected by existing code clone detection tools. Our study shows that, in addition to general source code that implements the business logic, code clones may also result in bad logging practices that could increase maintenance difficulties.",2021.0,IEEE Transactions on Software Engineering,transactions on software engineering,A*,Unknown,0.0,no_match,
9a70d436224fb4bc7c56475ea783c0ad652ac6ef,An empirical investigation into the capabilities of anomaly detection approaches for test smell detection,"Test smells are symptoms of sub-optimal design choices adopted when developing test cases. Previous research has demonstrated their harmfulness for test code maintainability and e ↵ ectiveness, showing their impact on test code quality. As such, the quality of test cases a ↵ ected by test smells is likely to deviate signiﬁcantly from the quality of test cases not a ↵ ected by any smell and might be classiﬁed as anomalies . In this paper, we challenge this observation by experimenting with three anomaly detection approaches based on machine learning, cluster analysis, and statistics to understand their e ↵ ectiveness for the detection of four test smells, i.e., Eager Test , Mystery Guest , Resource Optimism , and Test Redundancy on 66 open-source J ava projects. In addition, we compare our results with state-of-the-art heuristic-based and machine learning-based baselines. Our ultimate goal is not to prove that anomaly detection methods are better than existing approaches, but to objectively assess their e ↵ ectiveness in this domain. The key ﬁndings of the study show that the F-Measure of anomaly detectors never exceeds 47%, obtained in the Eager Test detection using the statistical approach, while the Recall is generally higher for the statistical and clustering approaches. Nevertheless, the anomaly detection approaches have a higher Recall than the heuristic and machine learning-based techniques for all test smells. The low F-Measure values we observed for anomaly detectors provide valuable insights into the current limitations of anomaly detection in this context. We conclude our study by elaborating on and discussing the reasons behind these negative results through qualitative investigations. Our analysis shows that the detection of test smells could depend on the approach exploited, suggesting the feasibility of developing a meta-approach.",2024.0,Journal of Systems and Software,journal of systems and software,A,Empirical Study,1.0,,\bempirical investigation\b
9e7b12f8912ec83b78615923651dbe42448cb319,Using Large Language Models to Generate JUnit Tests: An Empirical Study,"A code generation model generates code by taking a prompt from a code comment, existing code, or a combination of both. Although code generation models (e.g., GitHub Copilot) are increasingly being adopted in practice, it is unclear whether they can successfully be used for unit test generation without fine-tuning for a strongly typed language like Java. To fill this gap, we investigated how well three models (Codex, GPT-3.5-Turbo, and StarCoder) can generate unit tests. We used two benchmarks (HumanEval and Evosuite SF110) to investigate the effect of context generation on the unit test generation process. We evaluated the models based on compilation rates, test correctness, test coverage, and test smells. We found that the Codex model achieved above 80% coverage for the HumanEval dataset, but no model had more than 2% coverage for the EvoSuite SF110 benchmark. The generated tests also suffered from test smells, such as Duplicated Asserts and Empty Tests.",2023.0,International Conference on Evaluation & Assessment in Software Engineering,evaluation and assessment in software engineering,A,Empirical Study,1.0,,\bempirical study\b
9eb530731dec33ab11f3573cf3e9410de22ccf2b,Towards Reliable Eager Test Detection: Practitioner Validation and a Tool Prototype,"Context: Existing tools for detecting eager tests produce many false positives, rendering them unreliable for practitioners. To address this, our previous work introduced a novel definition of the Eager Test smell and a heuristic for more effective identification. Comparing the heuristic’s results with existing detection rules revealed eight test patterns where the rules misclassified the presence or absence of eager tests.Objective: We aim to gather practitioners’ feedback on our heuristic’s assessment of these eight test patterns and operationalize the heuristic in a tool we named EagerID.Method: We conducted a survey to collect practitioners’ feedback on the eight identified test patterns and developed EagerID to detect eager tests in Java unit test cases using JUnit. We also preliminarily evaluated EagerID on 300 test cases, which were manually analyzed in our previous study.Results: Our survey received 23 responses from practitioners with a wide range of experience. We found that most practitioners agreed with the assessment of our heuristic. Furthermore, the preliminary evaluation of EagerID returned high precision (100%), recall (91.76%), and F-Score (95.70%).Conclusion: Our survey findings highlight the practical relevance of the heuristic. The preliminary evaluation of the EagerID tool confirmed the heuristic’s potential for automation. These findings suggest that the heuristic provides a solid foundation for both manual and automated detection.",2025.0,"IEEE International Conference on Software Analysis, Evolution, and Reengineering",software analysis evolution and reengineering,A,Survey,1.0,,\bwe (?:conducted|ran|carried out) a survey\b
a126257d0d07b71c3e330a33e54d503122fff827,"An Empirical Study of Security Smells in Python Applications: Identification, Impact, and Mitigation Practices","Security Vulnerabilities/Security Smells (SVS) are recurring code or configuration patterns that indicate potential or latent security weaknesses in software systems. Despite growing interest in this area, limited empirical evidence exists on how such issues are recognized, perceived, and mitigated in Python applications across Software Development Life Cycle (SDLC) phases. This study investigates how Python developers and security professionals identify, perceive, and mitigate SVS through a structured practitioner survey. A total of 156 responses were collected, of which 104 valid responses were retained after eligibility screening. The survey examines recognition, perceived frequency, impact, and mitigation practices for 22 predefined SVS mapped to the Open Web Application Security Project (OWASP) Top 10 (2021) and MITRE Common Weakness Enumeration (CWE) standards. SQL Injection was the most recognized vulnerability (62.5%) and ranked second in perceived impact after Remote Code Execution, followed by Command Injection (48.1% recognition), while Remote Code Execution, despite lower reported frequency, received a 60.6% high-impact rating. Vulnerability detection was primarily concentrated in the testing phase (70.2%), whereas only 42.3% of respondents reported systematic security integration across all SDLC stages. Common mitigation practices included penetration testing (66.3%), regular code reviews (61.5%), and automated security scanning (55.8%), although proactive techniques such as threat modeling (20.2%) remain limited. Spearman’s rank correlation showed no significant association between perceived frequency and impact ( $\rho =0.126$ , p = 0.577), suggesting frequency-based prioritization may overlook high-impact vulnerabilities. These findings provide practitioner-centered evidence supporting risk-aware prioritization and stronger integration of proactive security practices in Python development workflows.",2026.0,IEEE Access,access,A,Unknown,0.0,tie:Survey|Empirical Study,\bempirical study\b; \bpractitioner survey\b
a32e1ddf392b6410a7cdc885a8e58bf5242cc37b,Pytest-Smell: a smell detection tool for Python unit tests,"Code quality and design are key factors in building a successful software application. It is known that a good internal structure assures a good external quality. To improve code quality, several guidelines and best practices are defined. Along with these, a key contribution is brought by unit testing. Just like the source code, unit test code is subject to bad programming practices, known as defects or smells, that have a negative impact on the quality of the software system. As a consequence, the system becomes harder to understand, maintain, and more prone to issues and bugs. In this respect, methods and tools that automate the detection of the aforementioned unit test smells are of the utmost importance. While there are several tools that aim to address the automatic detection of unit test smells, the majority of them are focused on Java software systems. Moreover, the only known such framework designed for applications written in Python performs the detection only on Unittest Python testing library. In addition to this, it relies on an IDE to run, which heavily restricts its usage. The tool proposed within this paper aims to close this gap, introducing a new framework which focuses on detecting Python test smells built with Pytest testing framework. As far as we know, a similar tool to automate the process of test smell detection for unit tests written in Pytest has not been developed yet. The proposed solution also addresses the portability issue, being a cross-platform, easy to install and use Python library.",2022.0,International Symposium on Software Testing and Analysis,software testing and analysis,A,Unknown,0.0,no_match,
a614306b1069a660c6602d29dfa601f4ec19b76a,"Evaluating Software Development Agents: Patch Patterns, Code Quality, and Issue Complexity in Real-World GitHub Scenarios","In recent years, AI-based software engineering has progressed from pre-trained models to advanced agentic workflows, with Software Development Agents representing the next major leap. These agents, capable of reasoning, planning, and interacting with external environments, offer promising solutions to complex software engineering tasks. However, while much research has evaluated code generated by large language models (LLMs), comprehensive studies on agent-generated patches, particularly in real-world settings, are lacking. This study addresses that gap by evaluating 4,892 patches from 10 top-ranked agents on 500 real-world GitHub issues from SWE-Bench Verified, focusing on their impact on code quality. Our analysis shows no single agent dominated, with 170 issues unresolved, indicating room for improvement. Even for patches that passed unit tests and resolved issues, agents made different file and function modifications compared to the gold patches from repository developers, revealing limitations in the benchmark's test case coverage. Most agents maintained code reliability and security, avoiding new bugs or vulnerabilities; while some agents increased code complexity, many reduced code duplication and minimized code smells. Finally, agents performed better on simpler codebases, suggesting that breaking complex tasks into smaller sub-tasks could improve effectiveness. This study provides the first comprehensive evaluation of agent-generated patches on real-world GitHub issues, offering insights to advance AI-driven software development.",2024.0,"IEEE International Conference on Software Analysis, Evolution, and Reengineering",software analysis evolution and reengineering,A,Unknown,0.0,no_match,
a67f33195499728d89c2d6d32b0c53287deb028a,A Maintainability Framework to Ensure the Software Quality in Object-Oriented Programming,"In recent years, there have been significant challenges in the attempt to improve modular structure and code reusability in software development. Software developers should ensure that refactoring not only eliminates code smells but also leads to measurable improvements in software quality metrics. Although metric-based approaches allow for objective and systematic measurements, they have limitations. They cannot ascertain the effectiveness of refactoring techniques in terms of readability, code maintainability, and their impact on system performance and developer productivity. This study proposes mathematical formulations for five key metrics: Modularity (MMo-1-G, MMo-2-S), Analysability (MAn-2-S), Reusability (MRe-1-G), and Testability (MTe-1-G). These metrics are used to evaluate and verify the effectiveness of refactoring in improving module separability and code reuse rate. The proposed model is presented in mathematical notation to link the concepts of modularity and reusability with the corresponding refactoring implementation. Case studies are conducted by applying this formulation to various refactoring techniques aimed at addressing specific types of code smells. Based on the metric analysis conducted on 17 types of code smells using three refactoring techniques, the results demonstrate improvements of 11.46% in MMo-1-G, 0.8% in MMo-2-S, 1.2% in MAn-2-S, 0.82% in MRe-1-G, and 3.07% in MTe-1-G. These findings demonstrate that the proposed formulation can be effectively applied to evaluate code quality changes after refactoring and provide more objective insights into code improvement decision-making.",2025.0,IEEE Access,access,A,Case Study,1.0,,\bcase studies\b
abc6339d20f5916d8052270684533f4687b2f827,Unearthing Gas-Wasting Code Smells in Smart Contracts With Large Language Models,"Smart contracts are automated programs stored on a blockchain, featuring unique attributes such as permissionlessness, trustlessness, immutability, and transparency. These properties underpin an array of unprecedented decentralized services. Compiled into bytecodes, Ethereum smart contracts are executed within the Ethereum Virtual Machine (EVM). Ethereum's distinct gas mechanism assigns a price to each bytecode execution, incentivizing resource-efficient computing. However, a disconnect exists between conventional coding practices and the less intuitive gas consumption computation mechanism, resulting in inadvertent gas wastage. Gas-wasting code smells at the source code level have been studied in various related works; however, the task of manually identifying such code smells by reading through codes and reasoning about them is both time-consuming and economically inefficient. In this work, we propose to leverage Large Language Models (LLMs), which have seen a surge in popularity recently, to facilitate undertaking the labor-intensive part of the code-smell-finding pipeline. In particular, we focus on Solidity, the predominant programming language for Ethereum smart contracts. Overall, we identified 26 gas-wasting code smells, out of which 13 were not presented in previous papers. On average, applying these code smells led to a reduction of approximately 10.534% in deployment costs and 21.528% in message call costs across our test codes. We further make a report on each of the identified code smells with associated example contracts sourced from either previous literature or recently deployed contracts.",2025.0,IEEE Transactions on Software Engineering,transactions on software engineering,A*,Unknown,0.0,no_match,
ad3583c46e64f44931a3140570fd1f4ca3066b0c,Does Refactoring of Test Smells Induce Fixing Flaky Tests?,"Regression testing is a core activity that allows developers to ensure that source code changes do not introduce bugs. An important prerequisite then is that test cases are deterministic. However, this is not always the case as some tests suffer from socalled flakiness. Flaky tests have serious consequences, as they can hide real bugs and increase software inspection costs. Existing research has focused on understanding the root causes of test flakiness and devising techniques to automatically fix flaky tests; a key area of investigation being concurrency. In this paper, we investigate the relationship between flaky tests and three previously defined test smells, namely Resource Optimism, Indirect Testing and Test Run War.We have set up a study involving 19,532 JUnit test methods belonging to 18 software systems. A key result of our investigation is that 54% of tests that are flaky contain a test code smell that can cause the flakiness. Moreover, we found that refactoring the test smells not only removed the design flaws, but also fixed all 54% of flaky tests causally co-occurring with test smells.",2017.0,IEEE International Conference on Software Maintenance and Evolution,software maintenance and evolution,A,Unknown,0.0,no_match,
b05bd4c06551c0a15264c97ef6b95bd3349e1851,On the Relation of Test Smells to Software Code Quality,"Test smells are sub-optimal design choices in the implementation of test code. As reported by recent studies, their presence might not only negatively affect the comprehension of test suites but can also lead to test cases being less effective in finding bugs in production code. Although significant steps toward understanding test smells, there is still a notable absence of studies assessing their association with software quality. In this paper, we investigate the relationship between the presence of test smells and the change-and defect-proneness of test code, as well as the defect-proneness of the tested production code. To this aim, we collect data on 221 releases of ten software systems and we analyze more than a million test cases to investigate the association of six test smells and their co-occurrence with software quality. Key results of our study include:(i) tests with smells are more change-and defect-prone, (ii) ""Indirect Testing"", ""Eager Test"", and ""Assertion Roulette"" are the most significant smells for change-proneness and, (iii) production code is more defect-prone when tested by smelly tests.",2018.0,IEEE International Conference on Software Maintenance and Evolution,software maintenance and evolution,A,Unknown,0.0,no_match,
b0c4a1b65b4b24c523c3af6f7b24dd8517076a47,How Does Test Code Differ from Production Code in Terms of Refactoring? An Empirical Study,"Refactoring is a widely applied practice for improving the internal structure of source code without altering its external behavior. Researchers have proposed approaches to detect refactoring operations and investigated their impact on the code quality. However, these studies often focus on production code, paying little attention to test code. It is still unclear whether developers perform refactoring on test code in the same way or for the same purpose. To fill this gap, we first investigate the types and prevalence of refactoring applied in production and test code, and then examine whether these refactorings impact the code quality in a different way. Our results show that certain refactorings are less common in the test code. Besides, while refactoring-related changes in production and/or test code improved readability, they had limited impact on most design smells. We also find that some specific refactoring types do impact certain design smells. These findings indicate the special attention needed for test code when analyzing refactorings.",2025.0,IEEE International Conference on Software Maintenance and Evolution,software maintenance and evolution,A,Empirical Study,1.0,,\bempirical study\b
b1eeec603217b9424a27183f97347226aed1a810,Towards the Detection of UX Smells: The Support of Visualizations,"Daily experiences in working with various types of computer systems show that, despite the offered functionalities, users have many difficulties, which affect their overall User eXperience (UX). The UX focus is on aesthetics, emotions and social involvement, but usability has a great influence on UX. Usability evaluation is acknowledged as a fundamental activity of the entire development process in software practices. Research in Human-Computer Interaction has proposed methods and tools to support usability evaluation. However, when performing an evaluation study, novice evaluators still have difficulties to identify usability problems and to understand their causes: they would need easier to use and possibly automated tools. This article describes four visualization techniques whose aim is to support the work of evaluators when performing usability tests to evaluate websites. Specifically, they help detect “usability smells”, i.e. hints on web pages that might present usability problems, by visualizing the paths followed by the test participants when navigating in a website to perform a test task. A user study with 15 participants compared the four techniques and revealed that the proposed visualizations have the potential to be valuable tools for novice usability evaluators. These first results should push researchers towards the development of further tools that are capable to support the detection of other types of UX smells in the evaluation of computer systems and that can be translated into common industry practices.",2020.0,IEEE Access,access,A,Unknown,0.0,no_match,
b37cf5d014ce7e02be2246d91c10fb40968999c3,An Exploratory Study of the Relationship Between Software Test Smells and Fault-Proneness,"Test smells have been defined as indicators of poorly designed tests. Their presence negatively affects the maintainability of a test suite as well as the production code. Despite the many studies that address the negative impacts of various test smells, until now there has been no empirical evidence considering the relation between the evolution of test smells and that of faults in the production code. This paper presents such evidence. It presents a case study of data collected from 28 versions of Apache Ant that include a total of 4,447 unit tests. Three key results arise from the data. First, the absolute number of test smells increases as Apache Ant evolves. Second, some test smells are positively correlated with the existence of faults in the production code. Finally, our results show that it is possible to predict faults in the production code based on the existence of test smells in the code’s unit tests. In addition, the resulting prediction model is more accurate at predicting high-severity faults than low-severity faults. This is an important result as it enables an engineer to focus preventative maintenance efforts, applied to the production code, using test smells found in the unit tests.",2019.0,IEEE Access,access,A,Unknown,0.0,tie:Empirical Study|Case Study,\bcase study\b; \bexploratory study\b
ba242fc56ef98988f6184e9829eea382b3f3be1f,How Do Developers Structure Unit Test Cases? An Empirical Analysis of the AAA Pattern in Open Source Projects,"The AAA (Arrange, Act, Assert) pattern provides a unified structure for unit test cases, potentially benefiting comprehension and maintenance. However, its adoption and implementation in practice remain insufficiently understood. This study investigates the prevalence of AAA pattern usage, identifies recurring deviations and design issues within AAA structures, and assesses developers’ receptiveness to AAA-based improvements. We conducted an empirical study on 735 real-life unit test cases randomly selected from seven open-source projects. We manually analyzed these test cases, identified AAA-related issues, and proposed fixes to developers. Our analysis found that 77% of test cases follow the AAA structure. We identified three recurring patterns deviating from AAA and four design issues within A blocks. Comparison with classic test smells revealed unique insights provided by AAA analysis. Of 27 improvement proposals sent to developers, 78% received positive feedback. These findings show that the AAA pattern is widely adopted in practice, but deviations from and design issues within AAA patterns are common. Our analysis provides a novel perspective on test case quality, complementing traditional test smell analysis. The high acceptance rate of our improvement proposals suggests that developers value AAA-based enhancements. These findings can guide the development of tools for improving AAA practice in unit tests.",2024.0,IEEE Transactions on Software Engineering,transactions on software engineering,A*,Empirical Study,1.0,,\bempirical study\b; \bempirical analysis\b
bbcab38695db7b1a22c42be8069186d3313b7933,AW4C: A Commit-Aware C Dataset for Actionable Warning Identification,"Excessive non-actionable warnings generated by static program analysis tools can hinder developers from utilizing these tools effectively. Leveraging learning-based approaches for actionable warning identification has demonstrated promise in boosting developer productivity, minimizing the risk of bugs, and reducing code smells. However, the small sizes of existing datasets have limited the model choices for machine learning researchers, and the lack of aligned fix commits limits the scope of the dataset for research. In this paper, we present AW4C, an actionable warning C dataset that contains 38,134 actionable warnings mined from more than 500 repositories on GitHub. These warnings are generated via Cppcheck, and most importantly, each warning is precisely mapped to the commit where the corrective action occurred. To the best of our knowledge, this is the largest publicly available actionable warning dataset for C programming language to date. The dataset is suited for use in machine/deep learning models and can support a wide range of tasks, such as actionable warning identification and vulnerability detection. Furthermore, we have released our dataset1 and a general framework for collecting actionable warnings on GitHub2 to facilitate other researchers to replicate our work and validate their innovative ideas.CCS Concepts• Software and its engineering → Software maintenance tools; Software creation and management; Software testing and debugging;• Mathematics of computing → Data mining.",2024.0,IEEE Working Conference on Mining Software Repositories,mining software repositories,A,Unknown,0.0,no_match,
bdfe66154d04400b9fdb2f3956e6ed0646c55767,xNose: A Test Smell Detector for C#,"Test smells, similar to code smells, can negatively impact both the test code and the production code being tested. Despite extensive research on test smells in languages like Java, Scala, and Python, automated tools for detecting test smells in C# are lacking. This pa-per aims to bridge this gap by extending the study of test smells to C#, and developing a tool (xNose) to identify test smells in this language and analyze their distribution across projects. We identified 16 test smells from prior studies that were language-independent and had equivalent features in C# and evaluated xNose, achieving a precision score of 96.97% and a recall score of 96.03%. In addition, we conducted an empirical study to determine the prevalence of test smells in xUnit-based C# projects. This analysis sheds light on the frequency and distribution of test smells, deepening our understanding of their impact on C# projects and test suites. The development of xNose and our analysis of test smells in C# code aim to assist developers in maintaining code quality by addressing potential issues early in the development process.",2024.0,2024 IEEE/ACM 46th International Conference on Software Engineering: Companion Proceedings (ICSE-Companion),software engineering,A*,Empirical Study,1.0,,\bempirical study\b
c5d9b465ea5978d85747098d95dd28ae5caab76a,Keeper: Automated Testing and Fixing of Machine Learning Software,"The increasing number of software applications incorporating machine learning (ML) solutions has led to the need for testing techniques. However, testing ML software requires tremendous human effort to design realistic and relevant test inputs and to judge software output correctness according to human common sense. Even when misbehavior is exposed, it is often unclear whether the defect is inside ML API or the surrounding code and how to fix the implementation. This article tackles these challenges by proposing Keeper, an automated testing and fixing tool for ML software. The core idea of Keeper is designing pseudo-inverse functions that semantically reverse the corresponding ML task in an empirical way and proxy common human judgment of real-world data. It incorporates these functions into a symbolic execution engine to generate tests. Keeper also detects code smells that degrade software performance. Once misbehavior is exposed, Keeper attempts to change how ML APIs are used to alleviate the misbehavior. Our evaluation on a variety of applications shows that Keeper greatly improves branch coverage, while identifying 74 previously unknown failures and 19 code smells from 56 out of 104 applications. Our user studies show that 78% of end-users and 95% of developers agree with Keeper’s detection and fixing results.",2024.0,ACM Transactions on Software Engineering and Methodology,transactions on software engineering and methodology,A*,Unknown,0.0,no_match,
c818cfac87bf13988f9864bfdd68619e7b8da4fa,Feature Selection and Classification Optimization of Transformer Oil Odor Data With Recursive Feature Elimination Using Grid Search and Cross-Validation,"Power transformers are vital for transmitting, distributing, and using energy produced in electrical energy systems. The failure of a distribution transformer can cause significant financial losses to society and cause irreparable problems. Therefore, power transformers’ reliability, continuous monitoring, and fault-free operation are critical. In this study, an electronic nose system was developed to detect the duration of oil usage in power transformers based on its smell. In the system designed with eleven inexpensive gas sensors, a total of 200 transformer oil odors with four different usage periods were analyzed. Four features were selected from eighty-eight features using the Recursive Feature Elimination method with Grid Search and Cross-Validation, and they were classified with six different classifiers. With the Extra Trees algorithm, the most successful classifier, classification performance of 0.9810 CA, 0.9810 SE, 0.9937 SF was achieved without feature selection, and 0.9610 CA, 0.9610 SE, 0.9870 SF was achieved by selecting features. Dielectric breakdown voltage tests of the oils in the study were also performed, and the results supported the results of the electronic nose system. According to the results obtained, it can be concluded that transformer oil maintenance can be performed economically, practically, and reliably with the proposed system.",2025.0,IEEE Access,access,A,Unknown,0.0,no_match,
cab4665edb6f70a93f28f2c3325accf0388ec136,A Novel Approach for Code Smell Detection: An Empirical Study,"Code smells detection helps in improving understandability and maintainability of software while reducing the chances of system failure. In this study, six machine learning algorithms have been applied to predict code smells. For this purpose, four code smell datasets (God-class, Data-class, Feature-envy, and Long-method) are considered which are generated from 74 open-source systems. To evaluate the performance of machine learning algorithms on these code smell datasets, 10-fold cross validation technique is applied that predicts the model by partitioning the original dataset into a training set to train the model and test set to evaluate it. Two feature selection techniques are applied to enhance our prediction accuracy. The Chi-squared and Wrapper-based feature selection techniques are used to improve the accuracy of total six machine learning methods by choosing the top metrics in each dataset. Results obtained by applying these two feature selection techniques are compared. To improve the accuracy of these algorithms, grid search-based parameter optimization technique is applied. In this study, 100% accuracy was obtained for the Long-method dataset by using the Logistic Regression algorithm with all features while the worst performance 95.20 % was obtained by Naive Bayes algorithm for the Long-method dataset using the chi-square feature selection technique.",2021.0,IEEE Access,access,A,Empirical Study,1.0,,\bempirical study\b
cd01cb39aa26b81e965a8e7fa05df11e4015e3ae,Static test flakiness prediction: How Far Can We Go?,"Test flakiness is a phenomenon occurring when a test case is non-deterministic and exhibits both a passing and failing behavior when run against the same code. Over the last years, the problem has been closely investigated by researchers and practitioners, who all have shown its relevance in practice. The software engineering research community has been working toward defining approaches for detecting and addressing test flakiness. Despite being quite accurate, most of these approaches rely on expensive dynamic steps, e.g., the computation of code coverage information. Consequently, they might suffer from scalability issues that possibly preclude their practical use. This limitation has been recently targeted through machine learning solutions that could predict the flakiness of tests using various features, like source code vocabulary or a mixture of static and dynamic metrics computed on individual snapshots of the system. In this paper, we aim to perform a step forward and predict test flakiness only using static metrics. We propose a large-scale experiment on 70 Java projects coming from the iDFlakies and FlakeFlagger datasets. First, we statistically assess the differences between flaky and non-flaky tests in terms of 25 test and production code metrics and smells, analyzing both their individual and combined effects. Based on the results achieved, we experiment with a machine learning approach that predicts test flakiness solely based on static features, comparing it with two state-of-the-art approaches. The key results of the study show that the static approach has performance comparable to those of the baselines. In addition, we found that the characteristics of the production code might impact the performance of the flaky test prediction models.",2022.0,Empirical Software Engineering,empirical software engineering,A,Unknown,0.0,no_match,
d05c7b28457844eaa1075bd5fb90272d67ae41bf,Towards Guidelines for Subjective Haptic Quality Assessment: A Case Study on Quality Assessment of Compressed Haptic Signals,"Modern systems are multimodal (e.g., video, audio, smell), and haptic feedback provides the user with additional entertainment and sensory immersion. Standard recommendation groups extensively studied and focused on video and audio subjective quality assessment, especially in signal transmission. In that context, subjective quality assessment and Quality of Experience (QoE) of Haptic signals is at its infant age. We propose further analyzing the collected data from a recent subjective quality assessment campaign as part of the MPEG haptic standardization group. In particular, we are addressing the following questions: 1) How the emerging field of haptic signal QoE can benefit from existing efforts of video and audio quality assessment standards? 2) How to detect possible outliers or characterize the rater’s reliability? 3) How does the discriminability of haptic tests increases with the number of raters? Towards this goal, we question if traditional analysis as proposed for audio or video signal are suitable, as well as other state-of-the-art techniques. We also compare the discriminability of the haptics quality assessment tests with other modalities such as audio, video, and immersive content (360° contents). We propose recommendations on the number of raters required to meet the usual discriminability obtained for other perceptual modalities and how to process ratings to remove possible noise and biases. These results could feed future recommendations in standards such as BT500-14 or P.913 but for haptic signals.",2023.0,IEEE International Conference on Multimedia and Expo,multimedia and expo,A,Unknown,0.0,tie:Systematic Literature Review|Case Study,\bcase study\b; \bquality assessment\b
d6103cf775c8679d168f66b5d7ad4e3338f4a7ef,ScenThread: Weaving Smell into Textiles,"In this paper, we propose ScenThread, a controllable threadlike olfactory display that could be woven into textiles, creating a localized scent release on a flexible surface. ScenThread comprises a tubular PTFE scent reservoir, a lightweight and non-vibrating piezoelectric pumping system for delivering the scents, and a permeable silicone tubing to diffuse the aroma, as well as a heating module using conductive yarns for accelerating the scent release. ScenThread can be refilled and reused multiple times. We articulated the mechanical design of ScenThread and the pattern design of the heating module, smell intensity and multi-scent release. We conducted a preliminary study by testing the scent releasing performance through maximum smell distance and the duration time. We envision that ScenThread could integrate into a wide range of textile-based items in daily life naturally, seamlessly, and artistically.",2021.0,ACM Symposium on User Interface Software and Technology,symposium on user interface software and technology,A*,Unknown,0.0,no_match,
d913b45d555984888ba46aaed54a70e8d81eaabe,A proposal and assessment of an improved heuristic for the Eager Test smell detection,"Context: The evidence for the prevalence of test smells at the unit testing level has relied on the accuracy of detection tools, which have seen intense research in the last two decades. The Eager Test smell, one of the most prevalent, is often identified using simplified detection rules that practitioners find inadequate. Objective: We aim to improve the rules for detecting the Eager Test smell. Method: We reviewed the literature on test smells to analyze the definitions and detection rules of the Eager Test smell. We proposed a novel, unambiguous definition of the test smell and a heuristic to address the limitations of the existing rules. We evaluated our heuristic against existing detection rules by manually applying it to 300 unit test cases in Java. Results: Our review identified 56 relevant studies. We found that inadequate interpretations of original definitions of the Eager Test smell led to imprecise detection rules, resulting in a high level of disagreement in detection outcomes. Also, our heuristic detected patterns of eager and non-eager tests that existing rules missed. Conclusion: Our heuristic captures the essence of the Eager Test smell more precisely; hence, it may address practitioners'concerns regarding the adequacy of existing detection rules.",2025.0,Journal of Systems and Software,journal of systems and software,A,Unknown,0.0,no_match,
db2710156c2275341f7fcc76ecda12047faf1665,"""This Candle Has No Smell"": Detecting the Effect of COVID Anosmia on Amazon Reviews Using Bayesian Vector Autoregression","While there have been many efforts to monitor or predict Covid using digital traces such as social media, one of the most distinctive and diagnostically important symptoms of Covid -- anosmia, or loss of smell -- remains elusive due to the infrequency of discussions of smell online. It was recently hypothesized that an inadvertent indicator of this key symptom may be misplaced complaints in Amazon reviews that scented products such as candles have no smell. This paper presents a novel Bayesian vector autoregression model developed to test this hypothesis, finding that ""no smell"" reviews do indeed reflect changes in US Covid cases even when controlling for the seasonality of those reviews. A series of robustness checks suggests that this effect is also seen in perfume reviews, but did not hold for the flu prior to Covid. These results suggest that inadvertent digital traces may be an important tool for tracking epidemics.",2022.0,International Conference on Web and Social Media,web and social media,A,Unknown,0.0,no_match,
dbcf8c2436d6846483ed1f3b48ca613b20c95b16,Using Word Embedding and Convolution Neural Network for Bug Triaging by Considering Design Flaws,"Resolving bugs in the maintenance phase of software is a complicated task. Bug assignment is one of the main tasks for resolving bugs. Some Bugs cannot be fixed properly without making design decisions and have to be assigned to designers, rather than programmers, to avoid emerging bad smells that may cause subsequent bug reports. Hence, it is important to refer some bugs to the designer to check the possible design flaws. Based on our best knowledge, there are a few works that have considered referring bugs to designers. Hence, this issue is considered in this work. In this paper, a dataset is created, and a CNN-based model is proposed to predict the need for assigning a bug to a designer by learning the peculiarities of bug reports effective in creating bad smells in the code. The features of each bug are extracted from CNN based on its textual features, such as a summary and description. The number of bad samples added to it in the fixing process using the PMD tool determines the bug tag. The summary and description of the new bug are given to the model and the model predicts the need to refer to the designer. The accuracy of 75% (or more) was achieved for datasets with a sufficient number of samples for deep learning-based model training. A model is proposed to predict bug referrals to the designer. The efficiency of the model in predicting referrals to the designer at the time of receiving the bug report was demonstrated by testing the model on 10 projects.",2022.0,Science of Computer Programming,science of computer programming,A,Empirical Study,1.0,,\b\d+ (?:open[- ]source |open )?projects?\b
dbfc7f6edcee9b68effd3a5f4436d18a8c307fa5,Assessing Diffusion and Perception of Test Smells in Scala Projects,"Test smells are, analogously to code smells, defined as the characteristics exhibited by poorly designed unit tests. Their negative impact on test effectiveness, understanding, and maintenance has been demonstrated by several empirical studies. However, the scope of these studies has been limited mostly to Java in combination with the JUnit testing framework. Results for other language and framework combinations are –-despite their prevalence in practice–- few and far between, which might skew our understanding of test smells. The combination of Scala and ScalaTest, for instance, offers more comprehensive means for defining and reusing test fixtures, thereby possibly reducing the diffusion and perception of fixture-related test smells. This paper therefore reports on two empirical studies conducted for this combination. In the first study, we analyse the tests of 164 open-source Scala projects hosted on GitHub for the diffusion of test smells. This required the transposition of their original definition to this new context, and the implementation of a tool (SOCRATES) for their automated detection. In the second study, we assess the perception and the ability of 14 Scala developers to identify test smells. For this context, our results show (i) that test smells have a low diffusion across test classes, (ii) that the most frequently occurring test smells are LazyTest, EagerTest, and AssertionRoulette, and (iii) that many developers were able to perceive but not to identify the smells.",2019.0,IEEE Working Conference on Mining Software Repositories,mining software repositories,A,Unknown,0.0,no_match,
dd403b003efd662ed2ba7df8d25acdb9b3de687e,Methodology for Code Synthesis Evaluation of LLMs Presented by a Case Study of ChatGPT and Copilot,"Large Language Models (LLMs) have grown in popularity in recent years and are now employed in a variety of software engineering domains thanks to their Natural Language Processing (NLP) capabilities, which include source code generation, understanding, and documentation. Selecting the appropriate model for source code generation presents a problem to developers as more and more powerful LLMs become available. While some studies have evaluated Copilot or ChatGPT, there is a lack of research on how developers can choose from available LLMs, which is a key factor in the growing set of available models and services. It is crucial to know if a model is capable of generating useful source code that meets the quality requirements and if the developers will be able to use the generated code. Regarding these factors, one has to decide which model to utilize during everyday tasks. This paper shows a methodology to compare such models by demonstrating an actual comparison of two models. Subsequently, we investigated the functional and non-functional qualities of the code synthesized by the models on a program synthesis benchmark containing 25 tasks. On average, the functional testing shows that ChatGPT generated 17 perfect solutions, while Copilot could only solve 13. The non-functional analysis reflected that both models generated good quality code, however, both have characteristic code smells. Our evaluation shows that ChatGPT performs better using this methodology, which is supported by human reviewers who evaluated the generated code by hand.",2024.0,IEEE Access,access,A,Case Study,1.0,,\bcase study\b
df2cc049925a4ff7375be8762b7c07ae725b6840,Understanding Flaky Tests Through Linguistic Diversity: A Cross-Language and Comparative Machine Learning Study,"Software development is significantly impeded by flaky tests, which intermittently pass or fail without requiring code modifications, resulting in a decline in confidence in automated testing frameworks. Code smells (i.e., test case or production code) are the primary cause of test flakiness. In order to ascertain the prevalence of test smells, researchers and practitioners have examined numerous programming languages. However, one isolated experiment was conducted, which focused solely on one programming language. Across a variety of programming languages, such as Java, Python, C++, Go, and JavaScript, this study examines the predictive accuracy of a variety of machine learning classifiers in identifying flaky tests. We compare the performance of classifiers such as Random Forest, Decision Tree, Naive Bayes, Support Vector Machine, and Logistic Regression in both single-language and cross-language settings. In order to ascertain the impact of linguistic diversity on the flakiness of test cases, models were trained on a single language and subsequently tested on a variety of languages. The following key findings indicate that Random Forest and Logistic Regression consistently outperform other classifiers in terms of accuracy, adaptability, and generalizability, particularly in cross-language environments. Additionally, the investigation contrasts our findings with those of previous research, exhibiting enhanced precision and accuracy in the identification of flaky tests as a result of meticulous classifier selection. We conducted a thorough statistical analysis, which included t-tests, to assess the importance of classifier performance differences in terms of accuracy and F1-score across a variety of programming languages. This analysis emphasizes the substantial discrepancies between classifiers and their effectiveness in detecting flaky tests. The datasets and experiment code utilized in this study are accessible through an open source GitHub repository to facilitate reproducibility is available at: https://github.com/PELAB-LiU/FlakyCrossLanguage. Our results emphasize the effectiveness of probabilistic and ensemble classifiers in improving the reliability of automated testing, despite certain constraints, including the potential biases introduced by language-specific structures and dataset variability. This research provides developers and researchers with practical insights that can be applied to the mitigation of flaky tests in a variety of software environments.",2025.0,IEEE Access,access,A,Tool Paper,1.0,,"\b(?:github|gitlab)\.com/\S+; \bavailable (?:at|on)\b.{0,30}\bhttp"
e84a106dbd7b15150a66703e97852d05ddc124c8,Qualify First! A Large Scale Modernisation Report,"Typically in modernisation projects any concerns for code quality are silenced until the end of the migration, to simplify an already complex process. Yet, we claim from experience that prioritising quality above many other issues has many benefits. In this experience report, we discuss a modernisation project of mBank, a big Polish bank, where bad smell detection and elimination, automated testing and refactoring played a crucial rule, provided pay-offs early in the project, increased buy-in, and ensured maintainability of the end result.",2019.0,"IEEE International Conference on Software Analysis, Evolution, and Reengineering",software analysis evolution and reengineering,A,Experience Report,1.0,,\bexperience report\b
ed13d03c687b5f587d3fcfbb3b8efc3f9c92c84e,"On the Distribution of ""Simple Stupid Bugs"" in Unit Test Files: An Exploratory Study","A key aspect of ensuring the quality of a software system is the practice of unit testing. Through unit tests, developers verify the correctness of production source code, thereby verifying the system’s intended behavior under test. However, unit test code is subject to issues, ranging from bugs in the code to poor test case design (i.e., test smells). In this study, we compare and contrast the occurrences of a type of single-statement-bug-fix known as ""simple stupid bugs"" (SStuBs) in test and non-test (i.e., production) files in popular open-source Java Maven projects. Our results show that SStuBs occur more frequently in non-test files than in test files, with most fix-related code associated with assertion statements in test files. Further, most test files exhibiting SStuBs also exhibit test smells. We envision our findings enabling tool vendors to better support developers in improving the maintenance of test suites.",2021.0,IEEE Working Conference on Mining Software Repositories,mining software repositories,A,Empirical Study,1.0,,\bexploratory study\b
efea7e068d0a180fda76df06fae072efcb977edb,Behavior-based test smells refactoring : Toward an automatic approach to refactoring Eager Test and Lazy Test smells,"Software testing is an essential part of the development process, and like many software artifacts, tests are affected by smells, harming comprehension and maintainability. Several studies are related to test smell identification, but few studies are related to refactoring. Most proposed approaches are semi-automated, with the developer as a safety net. This paper presents a proposal for automatic refactoring of Eager Test and Lazy Test smells based on identifying the behavior of tests and, consequently, the behavior of the System Under Test (SUT). The approach will be evaluated with private source code repositories to identify its impact on quality attributes.",2022.0,2022 IEEE/ACM 44th International Conference on Software Engineering: Companion Proceedings (ICSE-Companion),software engineering,A*,Unknown,0.0,no_match,
f251035a903e9008d871af2bc8fbb29ce386d3d9,Characterizing High-Quality Test Methods: A First Empirical Study,"To assess the quality of a test suite, one can rely on mutation testing, which computes whether the overall test cases are adequately exercising the covered lines. However, this high level of granularity may overshadow the quality of individual test methods. In this paper, we propose an empirical study to assess the quality of test methods by relying on mutation testing at the method level. We find no major differences between high-quality and low-quality test methods in terms of size, number of asserts, and modifications. In contrast, high-quality test methods are less affected by critical test smells. Finally, we discuss practical implications for researchers and practitioners.",2022.0,IEEE Working Conference on Mining Software Repositories,mining software repositories,A,Empirical Study,1.0,,\bempirical study\b
f2916ce13de91f17f1c339fe85bd81b9206e63e1,An Empirical Study on Underlying Correlations between Runtime Performance Deficiencies and “Bad Smells” of Microservice Systems,"Although many principles have been put forward to guide microservice design, such as Domain-Driven Design, Architectural Bad Smells (ABS) would be inevitably imported during microservice system design and development. There has been a consensus that the existence of ABSs would bring negative effects to microservice systems. Although some approaches use static analysis to detect ABSs in the design phase, we conjecture that the design-phase ABSs would result in some performance deficiencies at runtime. This paper conducts an empirical study on underlying correlations between runtime performance deficiencies and ABSs in microservice system design. An automated experimental stress testing framework called MRSTF is developed for automatic deployment of MSS and collecting/analyzing runtime performance data. A microservice system TrainTicket is used in this empirical study. We manually inject several typical ABSs into the system and use MRSTF to compare the runtime performances before and after the injection and check if the existence of ABSs has significant effects on the runtime performance. Experiment results show that ABSs have significant negative effects on some performance metrics of runtime MSS while doing not on others. This study provides solid evidence on the feasibility of optimizing MSS design by eliminating ABSs based on runtime performance data.",2021.0,2021 IEEE International Conference on Web Services (ICWS),web services,A,Empirical Study,1.0,,\bempirical study\b
f365dfc1c86b94f43a57ecce810822094dc29115,How Developers Discuss Architecture Smells? An Exploratory Study on Stack Overflow,"Architecture Smells (ASs) are design decisions that can have significant negative effects on a system's quality attributes such as reusability and testability. ASs are focused on higher level of software systems than code smells, which are implementation-level constructs. ASs can have much wider impact on a system than code smells. However, ASs usually receive less attention than code smells in both research and practice. We have conducted an exploratory study of developers' conception of ASs by analyzing related discussions in Stack Overflow. We used 14 ASs related terms to search the relevant posts in Stack Overflow and extracted 207 posts. We used Grounded Theory method for analyzing the extracted posts about developers' description of ASs, causes of ASs, approaches and tools for detecting and refactoring ASs, quality attributes affected by ASs, and difficulties in detecting and refactoring ASs. Our findings show that: (1) developers often describe ASs with some general terms; (2) ASs are mainly caused by violating architecture patterns, design principles, or misusing architecture antipatterns; (3) there is a lack of dedicated tools for detecting and refactoring ASs; (4) developers mainly concern about the maintainability and performance of systems affected by ASs; and (5) the inability to quantify the cost and benefit as well as the lack of approaches and tools makes detecting and refactoring ASs difficult.",2019.0,International Conference on Software Architecture,software architecture,A,Empirical Study,1.0,,\bexploratory study\b
f3fd8ceaa469de80341837abb6c0ee4cbaf9a6b0,Security Smells Pervade Mobile App Servers,"[Background] Web communication is universal in cyberspace, and security risks in this domain are devastating. [Aims] We analyzed the prevalence of six security smells in mobile app servers, and we investigated the consequence of these smells from a security perspective. [Method] We used an existing dataset that includes 9 714 distinct URLs used in 3 376 Android mobile apps. We exercised these URLs twice within 14 months and investigated the HTTP headers and bodies. [Results] We found that more than 69% of tested apps suffer from three kinds of security smells, and that unprotected communication and misconfigurations are very common in servers. Moreover, source-code and version leaks, or the lack of update policies expose app servers to security risks. [Conclusions] Poor app server maintenance greatly hampers security.",2021.0,International Symposium on Empirical Software Engineering and Measurement,empirical software engineering and measurement,A,Unknown,0.0,no_match,
f9179abfa58cf5eb74479cc2a0481db45dbb26d9,Investigating Severity Thresholds for Test Smells,"Test smells are poor design decisions implemented in test code, which can have an impact on the effectiveness and maintainabil-ity of unit tests. Even though test smell detection tools exist, how to rank the severity of the detected smells is an open research topic. In this work, we aim at investigating the severity rating for four test smells and investigate their perceived impact on test suite maintainability by the developers. To accomplish this, we first analyzed some 1,500 open-source projects to elicit severity thresholds for commonly found test smells. Then, we conducted a study with developers to evaluate our thresholds. We found that (1) current detection rules for certain test smells are considered as too strict by the developers and (2) our newly defined sever-ity thresholds are in line with the participants' perception of how test smells have an impact on the maintainability of a test suite. Preprint [https://doi.org/10.5281/zenodo.3744281], data and mate-rial [https://doi.org/10.5281/zenodo.3611111].",2020.0,IEEE Working Conference on Mining Software Repositories,mining software repositories,A,Empirical Study,1.0,,\b\d+ (?:open[- ]source |open )?projects?\b
fa79c247fae073298e217ae4e644d44487727bdc,An Empirical Study on Regular Expression Bugs,"Understanding the nature of regular expression (regex) issues is important to tackle practical issues developers face in regular expression usage. Knowledge about the nature and frequency of various types of regular expression issues, such as those related to performance, API misuse, and code smells, can guide testing, inform documentation writers, and motivate refactoring efforts. However, beyond ReDoS (Regular expression Denial of Service), little is known about to what extent regular expression issues affect software development and how these issues are addressed in practice. This paper presents a comprehensive empirical study of 350 merged regex-related pull requests from Apache, Mozilla, Facebook, and Google GitHub repositories. Through classifying the root causes and manifestations of those bugs, we show that incorrect regular expression behavior is the dominant root cause of regular expression bugs (165/356, 46.3%). The remaining root causes are incorrect API usage (9.3%) and other code issues that require regular expression changes in the fix (29.5%). By studying the code changes of regex-related pull requests, we observe that fixing regular expression bugs is nontrivial as it takes more time and more lines of code to fix them compared to the general pull requests. The results of this study contribute to a broader understanding of the practical problems faced by developers when using regular expressions.",2020.0,IEEE Working Conference on Mining Software Repositories,mining software repositories,A,Empirical Study,1.0,,\bempirical study\b
fc1e68bb8bd42e2e3692962ff4358def3aacba1b,Revisiting Test Impact Analysis in Continuous Testing From the Perspective of Code Dependencies,"In continuous testing, developers execute automated test cases once or even several times per day to ensure the quality of the integrated code. Although continuous testing helps ensure the quality of the code and reduces maintenance effort, it also significantly increases test execution overhead. In this paper, we empirically evaluate the effectiveness of test impact analysis from the perspective of code dependencies in the continuous testing setting. We first applied test impact analysis to one year of software development history in 11 large-scale open-source systems. We found that even though the number of changed files is small in daily commits (median ranges from 3 to 28 files), around 50 percent or more of the test cases are still impacted and need to be executed. Motivated by our finding, we further studied the code dependencies between source code files and test cases, and among test cases. We found that 1) test cases often focus on testing the integrated behaviour of the systems and 15 percent of the test cases have dependencies with more than 20 source code files; 2) 18 percent of the test cases have dependencies with other test cases, and test case inheritance is the most common cause of test case dependencies; and 3) we documented four dependency-related test smells that we uncovered in our manual study. Our study provides the first step towards studying and understanding the effectiveness of test impact analysis in the continuous testing setting and provides insights on improving test design and execution.",2022.0,IEEE Transactions on Software Engineering,transactions on software engineering,A*,Unknown,0.0,no_match,
fc3f2cb9f97e119ff8514bc6eb02f83f4b3df753,Digital Smell: Toward Electrically Reproducing Artificial Smell Sensations,"Artificially reproducing smell sensations, without using chemical odorants, would change the future multisensory internet experiences. This article presents a computer-controlled smell reproduction technology proposed for stimulating human olfactory receptors, using weak electric pulses. We developed a concept prototype that can generate rectangular-shaped weak electrical pulses in different frequencies (0–30 kHz), duty cycles (0–100%), and currents (1–5 mA). This prototype is tested by stimulating the middle nasal concha region of 31 healthy human participants. During our studies, 8 participants reported chemical and fragrant smell sensations for the stimulation parameters 1 mA with 70 Hz. For 1 mA with 10 Hz, 8 participants reported sweet smell sensation, while 6 participants reported chemical smell sensations. The key novelties of this paper include: 1. describe the development of the first computer controlled digital device for stimulating the olfactory receptor neurons, 2. Testing this new technology on human subjects including the parameters that were not previously tested, 3. Recording the intensities for 22 types of sensations (smell-related and non-smell-related) that could be produced by the electrical stimulation. 4. investigate users’ perception on the usefulness of this type of technology.",2023.0,IEEE Access,access,A,Unknown,0.0,no_match,
fca79b0ce78617df871c85e1d9a661868db38dae,On the performance of method-level bug prediction: A negative result,"Abstract Bug prediction is aimed at identifying software artifacts that are more likely to be defective in the future. Most approaches defined so far target the prediction of bugs at class/file level. Nevertheless, past research has provided evidence that this granularity is too coarse-grained for its use in practice. As a consequence, researchers have started proposing defect prediction models targeting a finer granularity (particularly method-level granularity), providing promising evidence that it is possible to operate at this level. Particularly, models mixing product and process metrics provided the best results. We present a study in which we first replicate previous research on method-level bug-prediction, by using different systems and timespans. Afterwards, based on the limitations of existing research, we (1) re-evaluate method-level bug prediction models more realistically and (2) analyze whether alternative features based on textual aspects, code smells, and developer-related factors can be exploited to improve method-level bug prediction abilities. Key results of our study include that (1) the performance of the previously proposed models, tested using the same strategy but on different systems/timespans, is confirmed; but, (2) when evaluated with a more practical strategy, all the models show a dramatic drop in performance, with results close to that of a random classifier. Finally, we find that (3) the contribution of alternative features within such models is limited and unable to improve the prediction capabilities significantly. As a consequence, our replication and negative results indicate that method-level bug prediction is still an open challenge.",2020.0,Journal of Systems and Software,journal of systems and software,A,Position Paper,1.0,,\bopen challenges?\b
ffc473d0c0287cc87c7bdf80196b138da38246d6,"Are mutants really natural?: a study on how ""naturalness"" helps mutant selection","Background: Code is repetitive and predictable in a way that is similar to the natural language. This means that code is ""natural"" and this ""naturalness"" can be captured by natural language modelling techniques. Such models promise to capture the program semantics and identify source code parts that `smell', i.e., they are strange, badly written and are generally error-prone (likely to be defective). Aims: We investigate the use of natural language modelling techniques in mutation testing (a testing technique that uses artificial faults). We thus, seek to identify how well artificial faults simulate real ones and ultimately understand how natural the artificial faults can be. Our intuition is that natural mutants, i.e., mutants that are predictable (follow the implicit coding norms of developers), are semantically useful and generally valuable (to testers). We also expect that mutants located on unnatural code locations (which are generally linked with error-proneness) to be of higher value than those located on natural code locations. Method: Based on this idea, we propose mutant selection strategies that rank mutants according to a) their naturalness (naturalness of the mutated code), b) the naturalness of their locations (naturalness of the original program statements) and c) their impact on the naturalness of the code that they apply to (naturalness differences between original and mutated statements). We empirically evaluate these issues on a benchmark set of 5 open-source projects, involving more than 100k mutants and 230 real faults. Based on the fault set we estimate the utility (i.e. capability to reveal faults) of mutants selected on the basis of their naturalness, and compare it against the utility of randomly selected mutants. Results: Our analysis shows that there is no link between naturalness and the fault revelation utility of mutants. We also demonstrate that the naturalness-based mutant selection performs similar (slightly worse) to the random mutant selection. Conclusions: Our findings are negative but we consider them interesting as they confute a strong intuition, i.e., fault revelation is independent of the mutants' naturalness.",2018.0,International Symposium on Empirical Software Engineering and Measurement,empirical software engineering and measurement,A,Empirical Study,1.0,,\b\d+ (?:open[- ]source |open )?projects?\b
