paper_id,title,abstract,year,venue,normalised_venue,core_rank
074881d79ff1e72d0fc34170b25ba013049d6546,"Understanding Architectural Complexity, Maintenance Burden, and Developer Sentiment -A Large-Scale Study","Intuitively, the more complex a software system is, the harder it is to maintain. Statistically, it is not clear which complexity metrics correlate with maintenance effort; in fact, it is not even clear how to objectively measure maintenance burden, so that developers' sentiment and intuition can be supported by numbers. Without effective complexity and maintenance metrics, it remains difficult to objectively monitor maintenance, control complexity, or justify refactoring. In this paper, we report a largescale study of 1252 projects written in C++ and Java from Google LLC. We collected three categories of metrics: (1) architectural complexity, measured using propagation cost (PC), decoupling level (DL), and structural anti-patterns; (2) maintenance activity, measured using the number of changes, lines of code (LOC) written, and active coding time (ACT) spent on feature-addition vs. bug-fixing, and (3) developer sentiment on complexity and productivity, collected from 7200 survey responses. We statistically analyzed the correlations among these metrics and obtained significant evidence of the following findings: 1) the more complex the architecture is (higher propagation cost, more instances of anti-patterns), the more LOC is spent on bug-fixing, rather than adding new features; 2) developers who commit more changes for features, spend more lines of code on features, or spend more time on features also feel that they are less hindered by technical debt and complexity. To the best of our knowledge, this is the first large-scale empirical study establishing the statistical correlation among architectural complexity, maintenance activity, and developer sentiment. The implication is that, instead of solely relying upon developer sentiment and intuition to detect degraded structure or increased burden to evolve, it is possible to objectively and continuously measure and monitor architectural complexity and maintenance difficulty, increasing feature delivery efficiency by reducing architectural complexity and anti-patterns.",2025.0,International Conference on Software Engineering,software engineering,A*
0f9b14ab0c204fcf0deecaab60e14ff72abe887c,Technical debt payment and prevention through the lenses of software architects,"Abstract Context: Architectural decisions are considered one of the most common sources of technical debt (TD). Thus, it is necessary to understand how TD is perceived by software architects, particularly, the practices supporting the elimination of debt items from projects, and the practices used to reduce the chances of TD occurrence. Objective: This paper investigates the most commonly used practices to pay off TD and to prevent debt occurrence in software projects from the architect’s point of view. Method: We used the available data from InsighTD, which is a globally distributed family of industrial surveys on the causes, effects, and management of TD. We analyze responses from a corpus of 72 software architects from Brazil, Chile, Colombia, and the United States. Results: Results showed that refactoring (30.2%) was the main practice related to TD payment, followed by design improvements (14.0%). Refactoring, design improvements, and test improvements are the most cited payment practices among cases of code, design and test debt. Concerning the TD preventive practices, we find that having a well-defined architecture and design is the most cited practice (13.6%), followed by having a well-defined scope and requirements. This last practice is the most cited one for expert software architects. Finally, when comparing preventive practices among the three major roles derived from the survey (software architects, engineer roles, and management roles), we found that none of the roles shared the most cited practice, meaning that each role had its worries and focus on different strategies to reduce TD’s presence in the software. Conclusion: The lists of TD payment and prevention practices can guide software teams by having a catalog of practices to keep debt controlled or reduced.",2021.0,Information and Software Technology,information and software technology,A
14624702dbba16a50569f0fc4413489dfdeb3c33,A Domino Effect: Interdependencies among Different Types of Technical Debt,"The paper examines the accrual of technical debt, which represents an increasingly pressing concern for many organizations. To advance understanding of how this debt-accumulation process unfolds, an in-depth case study was conducted with a large manufacturing firm for identifying particular types of technical debt and potential interdependencies among them. The findings point to architecture debt being ""the root of all evil"" at the case company, setting in motion dynamics that led to the development of other types of technical debt. Scholarship should benefit from this nuanced articulation and illustration of interdependencies across the various types of technical debt",2023.0,Hawaii International Conference on System Sciences,hawaii international conference on system sciences,A
1bfb536d8728c8e3661b90b3438cc616f02cb3a8,Building and evaluating a theory of architectural technical debt in software-intensive systems,"Architectural technical debt in software-intensive systems is a metaphor used to describe the ‘‘big’’ design decisions ( e.g., choices regarding structure, frameworks, technologies, languages, etc.) that, while being suitable or even optimal when made, significantly hinder progress in the future. While other types of debt, such as code-level technical debt, can be readily detected by static analyzers, and often be refactored with minimal or only incremental efforts, architectural debt is hard to be identified, of wide-ranging remediation cost, daunting, and often avoided. In this study, we aim at developing a better understanding of how software development organiza- tions conceptualize architectural debt, and how they deal with it. In order to do so, in this investigation we apply a mixed empirical method, constituted by a grounded theory study followed by focus groups. With the grounded theory method we construct a theory on architectural technical debt by eliciting qualitative data from software architects and senior technical staff from a wide range of heterogeneous software development organizations. We applied the focus group method to evaluate the emerging theory and refine it according to the new data collected. The result of the study, i.e., a theory emerging from the gathered data, constitutes an encompassing conceptual model of architectural technical debt, identifying and relating concepts such as its symptoms, causes, consequences, management strategies, and communication problems. From the conducted focus groups, we assessed that the theory adheres to the four evaluation criteria of classic grounded theory, i.e., the theory fits its underlying data, is able to work , has relevance , and is modifiable as new data appears. By grounding the findings in empirical evidence, the theory provides researchers and practitioners with novel knowledge on the crucial factors of architectural technical debt experienced in industrial contexts. strategy Tool-supported processes aimed at the identification and management of technical debt specific to the architecture of software-intensive systems.",2021.0,Journal of Systems and Software,journal of systems and software,A
1c154c5007a367cc5ff62994e34e03f8984b000c,Detecting the Locations and Predicting the Maintenance Costs of Compound Architectural Debts,"Architectural Technical Debt (ATD) refers to sub-optimal architectural design in a software system that incurs high maintenance “interest” over time. Previous research revealed that ATD has significant negative impact on daily development. This paper contributes an approach to enable an architect to precisely locate ATDs, as well as capture the trajectory of maintenance cost on each debt, based on which, predict the cost of the debt in a future release. The ATDs are expressed in four typical patterns, which entail the core of each debt. Furthermore, we aggregate compound ATDs to capture the complicated relationship among multiple ATD instances, which should be examined together for effective refactoring solutions. We evaluate our approach on 18 real-world projects. We identified ATDs that persistently incur significant (up to 95 percent of) maintenance costs in most projects. The maintenance costs on the majority of debts fit into a linear regression model—indicating stable “interest” rate. In five projects, 12.1 to 27.6 percent of debts fit into an exponential model, indicating increasing “interest” rate, which deserve higher priority from architects. The regression models can accurately predict the costs of the majority of (82 to 100 percent) debts in the next release of a system. By aggregating related ATDs, architects can focus on a small number of cost-effective compound debts, which contain a relatively small number of source files, but account for a large portion of maintenance costs in their projects. With these capabilities, our approach can help architects make informed decisions regarding whether, where, and how to refactor for eliminating ATDs in their systems.",2021.0,IEEE Transactions on Software Engineering,transactions on software engineering,A*
1c3b94da0c611a8ec0f940cf567365272e5caaea,The Technical Debt Gamble: A Case Study on Technical Debt in a Large-Scale Industrial Microservice Architecture,"Microservice architectures provide an intuitive promise of high maintainability and evolvability due to loose coupling. However, these quality attributes are notably vulnerable to technical debt (TD). Few studies address TD in microservice systems, particularly on a large scale. This research explores how TD manifests in a large-scale microservice-based industrial system. The research is based on a mixed-method case study of a project including over 100 microservices and serving over 15k locations. Results are collected via a quantitative method based static code analyzers combined with qualitative insights derived from a focus group discussion with the development team and a follow-up interview with the lead architect of the case study system. Results show that (1) simple static source code analysis can be an efficient and effective entry point for holistic TD discovery, (2) inadequate communication significantly contributes to TD, (3) misalignment between architectural and organizational structures can exacerbate TD accumulation, (4) microservices can rapidly cycle through TD accumulation and resolution, a phenomenon referred to as""microservice architecture technical debt gamble"". Finally, we identify a set of fitting strategies for TD management in microservice architectures.",2025.0,Journal of Systems and Software,journal of systems and software,A
3296106138e5f8d447f3156e1911382603382e55,Industry practices and challenges for the evolvability assurance of microservices,"Microservices as a lightweight and decentralized architectural style with fine-grained services promise several beneficial characteristics for sustainable long-term software evolution. Success stories from early adopters like Netflix, Amazon, or Spotify have demonstrated that it is possible to achieve a high degree of flexibility and evolvability with these systems. However, the described advantageous characteristics offer no concrete guidance and little is known about evolvability assurance processes for microservices in industry as well as challenges in this area. Insights into the current state of practice are a very important prerequisite for relevant research in this field. We therefore wanted to explore how practitioners structure the evolvability assurance processes for microservices, what tools, metrics, and patterns they use, and what challenges they perceive for the evolvability of their systems. We first conducted 17 semi-structured interviews and discussed 14 different microservice-based systems and their assurance processes with software professionals from 10 companies. Afterwards, we performed a systematic grey literature review (GLR) and used the created interview coding system to analyze 295 practitioner online resources. The combined analysis revealed the importance of finding a sensible balance between decentralization and standardization. Guidelines like architectural principles were seen as valuable to ensure a base consistency for evolvability and specialized test automation was a prevalent theme. Source code quality was the primary target for the usage of tools and metrics for our interview participants, while testing tools and productivity metrics were the focus of our GLR resources. In both studies, practitioners did not mention architectural or service-oriented tools and metrics, even though the most crucial challenges like Service Cutting or Microservices Integration were of an architectural nature. Practitioners relied on guidelines, standardization, or patterns like Event-Driven Messaging to partially address some reported evolvability challenges. However, specialized techniques, tools, and metrics are needed to support industry with the continuous evaluation of service granularity and dependencies. Future microservices research in the areas of maintenance, evolution, and technical debt should take our findings and the reported industry sentiments into account.",2021.0,Empirical Software Engineering,empirical software engineering,A
370c26079d6a8e3b68c91f63717947860dbf13f1,One Step Further: Investigating Problematic Files of Architecture Anti-patterns,"Architecture anti-patterns violate design principles and negatively impact software internal quality. Both academia and industry have designed methods and tools to detect anti-patterns. However, these tools tend to report a large number of defects, hindering developers from prioritizing true debts. In this work, we take one step further to explore the most problematic files (we define them as root files) in the architecture anti-patterns, which are potential causes leading to the difficulty of software maintenance. Using 45 Python projects as subjects, we investigate root files' maintainability, evolution (i.e., birth, living, and death), and their interactions in different architecture anti-patterns. Our results reveal that, compared with other files in anti-patterns, these root files take only a small proportion but incur heavy maintenance costs. Our study of their evolution and interactions can help developers identify potential causes of anti-patterns. We believe our findings will benefit the practice of design problem fixing.",2021.0,IEEE International Symposium on Software Reliability Engineering,software reliability engineering,A
3c6afb39a839ba22e587ff22d0039e908dc71df5,Serious Refactoring Games,"Software design issues can severely impede software development and maintenance. Thus, it is important for the success of software projects that developers are aware of bad smells in code artifacts and improve their skills to reduce these issues via refactoring. However, software refactoring is a complex activity and involves multiple tasks and aspects. Therefore, imparting competences for identifying bad smells and refactoring code efficiently is challenging for software engineering education and training. The approaches proposed for teaching software refactoring in recent years mostly concentrate on small and artificial tasks and fall short in terms of higher level competences, such as analysis and evaluation. In this paper, we investigate the possibilities and challenges of designing serious games for software refactoring on real-world code artifacts. In particular, we propose a game design, where students can compete either against a predefined benchmark (technical debt) or against each other. In addition, we describe a lightweight architecture as the technical foundation for the game design that integrates pre-existing analysis tools such as test frameworks and software-quality analyzers. Finally, we provide an exemplary game scenario to illustrate the application of serious games in a learning setting.",2019.0,Hawaii International Conference on System Sciences,hawaii international conference on system sciences,A
46dea637b1ebce7f2b1ceb017f7f967861eca258,EvoGraphCoder: An Evolutionary Graph-Reasoning Framework for Self-Adaptive Software Engineering,"Modern software evolves rapidly, accumulates architectural debt, and develops cross-module dependencies that complicate reliable maintenance. We present EvoGraphCoder, an evolutionary graph-reasoning framework for self-adaptive software engineering. EvoGraphCoder represents source code, tests, commit history, dependencies, performance signals, and review feedback as a relational software graph. It combines Adaptive Evolutionary Code Reasoning (AECR) with a multi-agent design consisting of the Innovator, Critic, and Historian to generate, evaluate, and refine candidate repairs over multiple cycles rather than emitting a single patch. The framework further introduces EvoGraph Memory for persistent cross-release learning and Self-Reflexive Validation for explainable pre-merge verification. Experiments on repository-level repair benchmarks show that EvoGraphCoder improves patch quality and robustness over strong baselines, while maintaining positive improvement across repeated repair cycles. These results suggest that graph-driven evolutionary reasoning with persistent memory offers a practical path toward reliable and explainable AI-assisted software maintenance.",2026.0,IEEE Access,access,A
49364bca6ca718cc1de89d25da3b8670bb176292,Technical Debt Management Automation: State of the Art and Future Perspectives,"Technical Debt (TD) refers to non-optimal decisions made in software projects that may lead to short-term benefits, but potentially harm the system's maintenance in the long-term. Technical debt management (TDM) refers to a set of activities that are performed to handle TD, e.g., identification. These activities can entail tasks such as code and architectural analysis, which can be time-consuming if done manually. Thus, substantial research work has focused on automating TDM tasks (e.g., automatic identification of code smells). However, there is a lack of studies that summarize current approaches in TDM automation. This can hinder practitioners in selecting optimal automation strategies to efficiently manage TD. It can also prevent researchers from understanding the research landscape and addressing the research problems that matter the most. Thus, the main objective of this study is to provide an overview of the state of the art in TDM automation, analyzing the available tools, their use, and the challenges in automating TDM. For this, we conducted a systematic mapping study (SMS), and from an initial set of 1086 primary studies, 178 were selected to answer three research questions covering different facets of TDM automation. We found 121 automation artifacts, which were classified in 4 different types (i.e., tools, plugins, scripts, and bots); the inputs/outputs and interfaces were also collected and reported. Finally, a conceptual model is proposed that synthesizes the results and allows to discuss the current state of TDM automation and related challenges. The results show that the research community has investigated to a large extent how to perform various TDM activities automatically, considering the number of studies and automation artifacts we identified. More research is needed towards fully automated TDM, specially concerning the integration of the automation artifacts.",2023.0,Information and Software Technology,information and software technology,A
4b527457628ae1344aebff13acfaf6ba827c62f3,A Survey on the Interplay between Software Engineering and Systems Engineering during SoS Architecting,"Background: The Systems Engineering and Software Engineering disciplines are highly intertwined in most modern Systems of Systems (SoS), and particularly so in industries such as defense, transportation, energy and health care. However, the combination of these disciplines during the architecting of SoS seems to be especially challenging; the literature suggests that major integration and operational issues are often linked to ambiguities and gaps between system-level and software-level architectures. Aims: The objective of this paper is to empirically investigate: 1) the state of practice on the interplay between these two disciplines in the architecting process of systems with SoS characteristics; 2) the problems perceived due to this interplay during said architecting process; and 3) the problems arising due to the particular characteristics of SoS systems. Method: We conducted a questionnaire-based online survey among practitioners from industries in the aforementioned domains, having a background on Systems Engineering, Software Engineering or both, and experience in the architecting of systems with SoS characteristics. The survey combined multiple-choice and open-ended questions, and the data collected from the 60 respondents were analyzed using quantitative and qualitative methods. Results: We found that although in most cases the software architecting process is governed by system-level requirements, the way requirements were specified by systems engineers, and the lack of domain-knowledge of software engineers, often lead to misinterpretations at software level. Furthermore, we found that unclear and/or incomplete specifications could be a common cause of technical debt in SoS projects, which is caused, in part, by insufficient interface definitions. It also appears that while the SoS concept has been adopted by some practitioners in the field, the same is not true about the existing and growing body of knowledge on the subject in Software Engineering resulting in recurring problems with system integration. Finally, while not directly related to the interplay of the two disciplines, the survey also indicates that low-level hardware components, despite being identified as the root cause of undesired emergent behavior, are often not considered when modeling or simulating the system. Conclusions: The survey indicates the need for tighter collaboration between the two disciplines, structured around concrete guidelines and practices for reconciling their differences. A number of open issues identified by this study require further investigation.",2020.0,International Symposium on Empirical Software Engineering and Measurement,empirical software engineering and measurement,A
4e4fd4b2de610ab361ca493d33c129b5303626d1,Automated Detection of Self-Admitted Technical Debt: A Systematic Literature Review,"In modern software development, developers frequently introduce comments that describe temporary solutions, incomplete implementations, or deferred improvements. These comments, commonly referred to as Self-Admitted Technical Debt (SATD), may provide short-term flexibility but can accumulate into long-term maintenance challenges and quality degradation. This paper presents a systematic literature review of automated SATD detection research published between 2015 and 2025. Following established systematic review guidelines, we analyzed 46 primary studies selected from an initial pool of 1,537 publications. The review provides a structured synthesis of the field by: 1) identifying and categorizing the main SATD detection objectives; 2) analyzing representation techniques for textual, structural, and hybrid inputs; 3) comparing learning approaches ranging from traditional machine learning to transformer-based and large language models; and 4) summarizing evaluation practices and performance trends. Our findings reveal a clear methodological evolution from keyword-based and feature-engineered models toward context-aware and multi-modal architectures. While transformer-based approaches such as BERT and CodeBERT demonstrate strong potential, their adoption is constrained by limited benchmark datasets, inconsistent evaluation protocols, and a lack of explainability. To address these challenges, the review highlights key research gaps and outlines future directions, including standardized benchmarks, explainable SATD detection, and cross-project generalization. Overall, this study consolidates a decade of SATD research into a unified perspective and provides actionable guidance for developing more robust, interpretable, and scalable SATD detection techniques to support sustainable software maintenance.",2026.0,IEEE Access,access,A
505331038816f08db191263c88f8cbb60bbd4199,Splicing Community and Software Architecture Smells in Agile Teams: An industrial Study,"Software engineering nowadays largely relies on agile methods to carry out software development. In often highly distributed organizations, agile teams can develop organisational and socio-technical issues loosely defined as community smells, which reflect sub-optimal organisational configurations that bear additional project cost, a phenomenon called social debt. In this paper we look into the co-occurrence of such nasty organisational phenomena—community smells—with software architecture smells—indicators that software architectures may exhibit sub-optimal modularization structures, with consequent additional cost. We conclude that community smells can serve as a guide to steer the qualities of software architectures",2019.0,Hawaii International Conference on System Sciences,hawaii international conference on system sciences,A
50fbf7d839ac822ea24f0ec0d4b4e9ca8799482c,"Understanding the Issues, Their Causes and Solutions in Microservices Systems: An Empirical Study","Many small to large organizations have adopted the Microservices Architecture (MSA) style to develop and deliver their core businesses. Despite the popularity of MSA in the software industry, there is a limited evidence-based and thorough understanding of the types of issues (e.g., errors, faults, failures, and bugs) that microservices system developers experience, the causes of the issues, and the solutions as potential fixing strategies to address the issues. To ameliorate this gap, we conducted a mixed-methods empirical study that collected data from 2,641 issues from the issue tracking systems of 15 open-source microservices systems on GitHub, 15 interviews, and an online survey completed by 150 practitioners from 42 countries across 6 continents. Our analysis led to comprehensive taxonomies for the issues, causes, and solutions. The findings of this study informthat Technical Debt, Continuous Integration and Delivery, Exception Handling, Service Execution and Communication, and Security are the most dominant issues in microservices systems. Furthermore, General Programming Errors, Missing Features and Artifacts, and Invalid Configuration and Communication are the main causes behind the issues. Finally, we found 177 types of solutions that can be applied to fix the identified issues. Based on our study results, we propose a future research framework that outlines key problem dimensions and actionable study strategies to support the engineering of emergent and next-generation microservices systems.",2023.0,Journal of Systems and Software,journal of systems and software,A
537f7557036a924b2360028bda13f3da4bb37a53,Interpretable Deep Learning for Efficient Code Smell Prioritization in Software Development,"Code smells indicate potential design flaws in software systems that can impair maintainability and increase technical debt. While existing approaches have advanced code smell priortization, they often lack effective prioritization mechanisms and interpretability, hindering developers’ ability to make informed refactoring decisions. This paper presents a novel approach combining CodeBERT embeddings with Bidirectional Long Short-Term Memory (Bi-LSTM) networks for code smell prioritization, enhanced by Local Interpretable Model-agnostic Explanations (LIME) for model interpretability. The approach introduces specialized preprocessing for large-scale projects and implements a selectivity metric for validating explanation quality. Our comprehensive evaluation demonstrates that the Bi-LSTM approach consistently outperforms traditional architectures across various code smell types, achieving 0.90 across precision, recall, and F1-score metrics for complex class priortization, and precision of 0.88 with recall of 0.87 for feature envy priortization. The model also showed strong performance in identifying God classes, namely, 0.84 for precision, 0.77 for recall, and 0.89 for long methods. The integration of LIME provides developers with clear insights into the model’s decision-making process, enhancing trust and facilitating more effective refactoring decisions. This work contributes a framework that not only accurately detects and prioritizes code smells but also offers transparent, interpretable results applicable in real-world software development.",2025.0,IEEE Access,access,A
539e9ba60769b48e3f907db2185e2a8962a5aba9,Aspect-Oriented Modeling of Technology Heterogeneity in Microservice Architecture,"Microservice Architecture (MSA) is a novel approach for the development and deployment of service-based software systems. MSA puts a strong emphasis on loose coupling and high cohesion of services. This increases service-specific independence, which is considered to result in a better scalability, adaptability, and quality of software architectures. Another perceived benefit of adopting MSA is technology heterogeneity. Microservice teams are free to employ the technologies they deem to be most appropriate for service implementation and operation. However, technology heterogeneity increases the number of technologies in a microservice architecture with the risk to introduce technical debt and steeper learning curves for team members. In this paper, we present an approach to streamline the usage of different technologies in MSA-based software systems. It employs Aspect-oriented Modeling to make technology decisions in microservice architectures explicit and enable reasoning about them. Therefore, a set of languages for model-driven microservice development is extended with means to define, modularize, and apply MSA technology aspects. The usage and characteristics of our approach are shown and discussed in the context of a case study from the mobility domain.",2019.0,International Conference on Software Architecture,software architecture,A
5b3c62de27f4d3473909bf6c00880c542556985e,Analyzing the concept of technical debt in the context of agile software development: A systematic literature review,"Abstract Context Technical debt (TD) is a metaphor that is used to communicate the consequences of poor software development practices to non-technical stakeholders. In recent years, it has gained significant attention in agile software development (ASD). Objective The purpose of this study is to analyze and synthesize the state of the art of TD, and its causes, consequences, and management strategies in the context of ASD. Research Method Using a systematic literature review (SLR), 38 primary studies, out of 346 studies, were identified and analyzed. Results We found five research areas of interest related to the literature of TD in ASD. Among those areas, “managing TD in ASD” received the highest attention, followed by “architecture in ASD and its relationship with TD”. In addition, eight categories regarding the causes and five categories regarding the consequences of incurring TD in ASD were identified. “Focus on quick delivery” and “architectural and design issues” were the most popular causes of incurring TD in ASD. “Reduced productivity”, “system degradation” and “increased maintenance cost” were identified as significant consequences of incurring TD in ASD. Additionally, we found 12 strategies for managing TD in the context of ASD, out of which “refactoring” and “enhancing the visibility of TD” were the most significant. Conclusion The results of this study provide a structured synthesis of TD and its management in the context of ASD as well as potential research areas for further investigation.",2017.0,Information and Software Technology,information and software technology,A
5dbd353561fe47f98ac443412e7c77b9d57c3655,Microservices-Driven Automation in Full-Stack Development: Bridging Efficiency and Innovation With FSMicroGenerator,"The development of modern web applications presents major challenges due to increasingly complex architectures, scalability requirements, and the need to reduce time to market. These challenges are exacerbated by the shortage of talent, making the implementation of modern architectures more difficult for many companies. In response, this article presents FSMicroGenerator, an innovative code generation tool based on a low-code approach, which exploits UML class diagrams and templates to generate multilingual, full-stack web applications based on a microservices architecture. FSMicroGenerator automates the entire process of creating IT solutions, from development to deployment, reducing technical barriers and technical debt, and enabling teams to focus on business innovation while ensuring compliance with industry standards and best practices. By facilitating the adoption of DevSecOps practices, it improves collaboration between the development and operations teams, ensuring that security is integrated at every stage of the development process. This enables continuous management of the application lifecycle, faster and more reliable releases, and proactive identification and mitigation of security vulnerabilities. FSMicroGenerator also stands out for its ability to create a catalog of ready-to-use functional blocks, enabling their reuse and integration into other solutions. In addition, it offers a secure ecosystem, protecting companies’ assets against the risks of data exposure and leakage thanks to a robust architecture and integrated security mechanisms. As part of our open innovation approach, we plan to make FSMicroGenerator open source, to broaden its adoption and enable the community to contribute to its continuous improvement.",2025.0,IEEE Access,access,A
5e8d6efd9e15ad541bbe114701496c7bbf235fa5,Combining Insights from Multiple Tools to Manage Technical Debt in Industrial C# Projects,"Technical Debt (TD) is a critical challenge in software development, leading to increased maintenance costs and reduced software quality over time. While considerable research has focused on identifying and managing TD in Java projects, studies on. NET (C#) projects remain limited. Additionally, existing approaches often rely on a single tool for TD detection, overlooking the benefits of combining multiple tools. In this paper, we analyze the effectiveness of Arcan, CodeScene, Designite, and DV8 on four industrial C#. NET 8 software products to address these research gaps. To validate and enrich our findings, we conducted online seminars and interviews with developers, architects, and managers involved in these projects, gathering practitioner insights on TD relevance and tool effectiveness. By leveraging complementary tools and practitioner feedback, we uncover different types of TD, including code-level, design, architectural, and knowledge debt. Our findings highlight each tool's strengths and limitations and demonstrate how integrating their outputs with expert input provides a more comprehensive and actionable TD assessment. Based on these insights, we propose a conceptual model for prioritizing and managing TD, offering guidance for practitioners.",2025.0,IEEE International Conference on Software Maintenance and Evolution,software maintenance and evolution,A
5f641d304cbab41110a94e218d43824ce3195fde,"A Systematic Mapping Study Exploring Quantification Approaches to Code, Design, and Architecture Technical Debt","To effectively manage Technical Debt (TD), we need reliable means to quantify it. We conducted a Systematic Mapping Study (SMS) where we identified 39 quantification approaches for Code, Design, and Architecture TD. We analyzed concepts and metrics discussed in these quantification approaches by classifying the quantification approaches based on a set of abstract TD Quantification (TDQ) concepts and their high-level themes, process/time, cost, benefit, probability, and priority, which we developed during our SMS. This helped identify gaps in the literature and to propose future research directions. Among the abstract TDQ concepts discussed in the different quantification approaches, TD item, TD remediation cost, TD interest, and Benefit of remediating TD were the most frequently discussed concepts. They were also supported by some form of measurement. However, some TDQ concepts were poorly examined, for example, the benefit of taking TD. It was evident that cost concepts were more frequently quantified among the approaches, while benefit concepts were not. Most of the approaches focused on remediating TD in retrospect rather than quantifying TD to strategically use it during software development. This raises the question of whether existing approaches reliably quantify TD and suggests the need to further explore TDQ.",2024.0,ACM Transactions on Software Engineering and Methodology,transactions on software engineering and methodology,A*
651c38d551fe774ebcd742eeee27e8199a3ed4c3,Evolution of the Unix System Architecture: An Exploratory Case Study,"Unix has evolved for almost five decades, shaping modern operating systems, key software technologies, and development practices. Studying the evolution of this remarkable system from an architectural perspective can provide insights on how to manage the growth of large, complex, and long-lived software systems. Along main Unix releases leading to the FreeBSD lineage we examine core architectural design decisions, the number of features, and code complexity, based on the analysis of source code, reference documentation, and related publications. We report that the growth in size has been uniform, with some notable outliers, while cyclomatic complexity has been religiously safeguarded. A large number of Unix-defining design decisions were implemented right from the very early beginning, with most of them still playing a major role. Unix continues to evolve from an architectural perspective, but the rate of architectural innovation has slowed down over the system's lifetime. Architectural technical debt has accrued in the forms of functionality duplication and unused facilities, but in terms of cyclomatic complexity it is systematically being paid back through what appears to be a self-correcting process. Some unsung architectural forces that shaped Unix are the emphasis on conventions over rigid enforcement, the drive for portability, a sophisticated ecosystem of other operating systems and development organizations, and the emergence of a federated architecture, often through the adoption of third-party subsystems. These findings have led us to form an initial theory on the architecture evolution of large, complex operating system software.",2019.0,IEEE Transactions on Software Engineering,transactions on software engineering,A*
6eec454bea41bc036d6170e8621760e30faedb45,AI4DE: The 1st International Workshop on AI for Data Editing,"Machine learning traditionally emphasizes developing models for given datasets, but real-world data is often messy, making model improvement insufficient for enhancing performance. AI for data editing (AI4DE) is an emerging field that systematically improves datasets, leading to significant practical ML advancements. While experienced data scientists have manually refined datasets through trial-and-error and intuition, AI4DE approaches data enhancement as a systematic engineering discipline. AI4DE represents a shift from focusing on models to the underlying data used for training and evaluation. Despite the dominance of common model architectures and predictable scaling rules, building and using datasets remain labor-intensive and costly, lacking infrastructure and best practices. The AI4DE movement aims to develop efficient, high-productivity open data engineering tools for modern ML systems. This workshop seeks to foster an interdisciplinary AI4DE community to address practical data challenges, including data collection, generation, labeling, preprocessing, augmentation, quality evaluation, debt, and governance. By defining and shaping the AI4DE movement, this workshop aims to influence the future of AI and ML, inviting interested parties to contribute through paper submissions",2025.0,Knowledge Discovery and Data Mining,knowledge discovery and data mining,A*
7bb5b7ce83429ed77f2cbbe6efe027af86bcec98,On the Nature of Issues in Five Open Source Microservices Systems: An Empirical Study,"Due to its enormous benefits, the research and industry communities have shown an increasing interest in the Microservices Architecture (MSA) style over the last few years. Despite this, there is a limited evidence-based and thorough understanding of the types of issues (e.g., faults, errors, failures, mistakes) faced by microservices system developers and causes that trigger the issues. Such evidence-based understanding of issues and causes is vital for long-term, impactful, and quality research and practice in the MSA style. To that end, we conducted an empirical study on 1,345 issue discussions extracted from five open source microservices systems hosted on GitHub. Our analysis led to the first of its kind taxonomy of the types of issues in open source microservices systems, informing that the problems originating from Technical debt (321, 23.86%), Build (145, 10.78%), Security (137, 10.18%), and Service execution and communication (119, 8.84%) are prominent. We identified that “General programming errors”, “Poor security management”, “Invalid configuration and communication”, and “Legacy versions, compatibility and dependency” are the predominant causes for the leading four issue categories. Study results streamline a taxonomy of issues, their mapping with underlying causes, and present empirical findings that could facilitate research and development on emerging and next-generation microservices systems.",2021.0,International Conference on Evaluation & Assessment in Software Engineering,evaluation and assessment in software engineering,A
82488e37568fb47f3c1a3ea418c7859a17a7c56b,An Architectural Technical Debt Index Based on Machine Learning and Architectural Smells,"A key aspect of technical debt (TD) management is the ability to measure the amount of principal accumulated in a system. The current literature contains an array of approaches to estimate TD principal, however, only a few of them focus specifically on architectural TD, but none of them satisfies all three of the following criteria: being fully automated, freely available, and thoroughly validated. Moreover, a recent study has shown that many of the current approaches suffer from certain shortcomings, such as relying on hand-picked thresholds. In this article, we propose a novel approach to estimate architectural technical debt principal based on machine learning and architectural smells to address such shortcomings. Our approach can estimate the amount of technical debt principal generated by a single architectural smell instance. To do so, we adopt novel techniques from Information Retrieval to train a learning-to-rank machine learning model (more specifically, a gradient boosting machine) that estimates the severity of an architectural smell and ensure the transparency of the predictions. Then, for each instance, we statically analyse the source code to calculate the exact number of lines of code creating the smell. Finally, we combine these two values to calculate the technical debt principal. To validate the approach, we conducted a case study and interviewed 16 practitioners, from both open source and industry, and asked them about their opinions on the TD principal estimations for several smells detected in their projects. The results show that for 71% of instances, practitioners agreed that the estimations provided were representative of the effort necessary to refactor the smell.",2023.0,IEEE Transactions on Software Engineering,transactions on software engineering,A*
914e0d4647336b1538c742dc060b2f87a5f4b173,Global Trends and Empirical Metrics in the Evaluation of Code Smells and Technical Debt: A Bibliometric Study,"Software quality and long-term maintainability represent fundamental challenges in modern software engineering. Among the critical factors that affect these attributes are code smells, indicators of structural deficiencies in the source code, which, although they do not directly affect functionality, significantly increase technical debt and maintenance costs. This study presents a comprehensive bibliometric analysis of the scientific literature published between 2020 and 2024, with the objective of identifying the main trends, authors, sources, metrics and mitigation techniques associated with code smells and their relationship with technical debt. Seventy-eight articles extracted from the Scopus and Web of Science databases were analyzed using Bibliometrix (R), Biblioshiny and VOSviewer tools, applying productivity indicators, co-authorship networks, term co-occurrence analysis and thematic evolution. The results reveal a growing annual scientific production $(+35.79\%)$ , a concentration of publications in Q1 journals such as Journal of Systems and Software and IEEE Transactions on Software Engineering, and a strong presence of key authors such as Fabio Palomba and Tomas Cerny. The most prominent topics include the application of artificial intelligence techniques for automated detection of code smells, the use of empirical metrics such as cyclomatic complexity and data dependencies, and the implementation of strategies such as automated refactoring and peer review for mitigation. In addition, research gaps were identified in the evaluation of emerging code smells in modern architectures such as microservices or scientific software. This study not only consolidates existing knowledge, but also proposes new lines of research aimed at improving software sustainability through the use of predictive models and hybrid techniques. The bibliometric evidence obtained provides a solid framework for researchers and practitioners interested in optimizing code quality and proactively managing technical debt.",2025.0,IEEE Access,access,A
918488ad3762e79ec26c5308af81c9fd11b2e7f9,Assuring the Evolvability of Microservices: Insights into Industry Practices and Challenges,"While Microservices promise several beneficial characteristics for sustainable long-term software evolution, little empirical research covers what concrete activities industry applies for the evolvability assurance of Microservices and how technical debt is handled in such systems. Since insights into the current state of practice are very important for researchers, we performed a qualitative interview study to explore applied evolvability assurance processes, the usage of tools, metrics, and patterns, as well as participants' reflections on the topic. In 17 semi-structured interviews, we discussed 14 different Microservice-based systems with software professionals from 10 companies and how the sustainable evolution of these systems was ensured. Interview transcripts were analyzed with a detailed coding system and the constant comparison method. We found that especially systems for external customers relied on central governance for the assurance. Participants saw guidelines like architectural principles as important to ensure a base consistency for evolvability. Interviewees also valued manual activities like code review, even though automation and tool support was described as very important. Source code quality was the primary target for the usage of tools and metrics. Despite most reported issues being related to Architectural Technical Debt (ATD), our participants did not apply any architectural or service-oriented tools and metrics. While participants generally saw their Microservices as evolvable, service cutting and finding an appropriate service granularity with low coupling and high cohesion were reported as challenging. Future Microservices research in the areas of evolution and technical debt should take these findings and industry sentiments into account.",2019.0,IEEE International Conference on Software Maintenance and Evolution,software maintenance and evolution,A
9675ce96d531626c30c7149c9d61062d1e46b744,Accumulation and Prioritization of Architectural Debt in Three Companies Migrating to Microservices,"Many companies migrate to microservices because they help deliver value to customers quickly and continuously. However, like any architectural style, microservices are prone to architectural technical debt (ATD), which can be costly if the debts are not timely identified, avoided, or removed. During the early stages of migration, microservice-specific ATDs (MS-ATDs) may accumulate. For example, practitioners may decide to continue using poorly defined APIs in microservices while attempting to maintain compatibility with old functionalities. The riskiest MS-ATDs must be prioritized. Nevertheless, there is limited research regarding the prioritization of MS-ATDs in companies migrating to microservices. This study aims to identify, during migration, which MS-ATDs occur, are the most severe, and are the most challenging to solve. In addition, we propose a way to prioritize these debts. We conducted a multiple exploratory case study of three large companies that were early in the migration process to microservices. We interviewed 47 practitioners with several roles to identify the debts in their contexts. We report the MS-ATDs detected during migration, the MS-ATDs that practitioners estimate to occur in the future, and the MS-ATDs that practitioners report as difficult to solve. We discuss the results in the context of the companies involved in this study. In addition, we used a risk assessment approach to propose a way for prioritizing MS-ATDs. Practitioners from other organizations and researchers may use this approach to provide rankings to help identify and prioritize which MS-ATDs should be avoided or solved in their contexts.",2022.0,IEEE Access,access,A
976c5affbf993e68765c00bf3710abcd973fdb4a,How long do Junior Developers take to Remove Technical Debt Items?,"Background. Software engineering is one of the engineering fields with the highest inflow of junior engineers. Tools that utilize source code analysis to provide feedback on internal software quality, i.e. Technical Debt (TD), are valuable to junior developers who can learn and improve their coding skills with minimal consultations with senior colleagues. Objective. We aim at understating which SonarQube TD items junior developers prioritize during the refactoring and how long they take to refactor them. Method. We designed a case study with replicated design and we conducted it with 185 junior developers in two countries, that developed 23 projects with different programming languages and architectures. Results. Junior developers focus homogeneously on different types of TD items. Moreover, they can refactor items in a fraction of the estimated time, never spending more than 50% of the time estimated by SonarQube. Conclusion. Junior Developers appreciate the usage of SonarQube and considered as a useful tool. Companies might ask junior developers to quickly clean their code.",2020.0,International Symposium on Empirical Software Engineering and Measurement,empirical software engineering and measurement,A
97ed6f6042a9d0ea037fba2e26edbc4743ac5d42,Regulating Systemic Crises: Stemming the Contagion Risk in Networked-Loans Through Deep Graph Learning,"In networked-loans, guarantor enterprises have a legal duty to repay debt to the commercial bank when the guaranteed borrower enterprise defaults (fail to repay). During an economic recession, the risk of defaults may spread like wildfire – the loan network structure could amplify both reach and impact; thus leading to a large-scale corporation defaults even systemic financial crises. The Central Bank urges advanced regulation technology to recognize and act on the contagion risk in order to avoid the “gray rhino”. Therefore, we present a novel approach to help the regulators quantify the systemic risk and provide stemming clues. In particular, we report a state-of-the-art graph neural network architecture (iConReg) for detecting and isolating of contagion risk in China’s national-wide networked-loans. The overall accuracy of our model reaches over 91% of AUC (Area under the ROC Curve), which considerably outperforms the compared benchmark methods. By isolating the top 1% of predicted high-risky nodes in the contagion chains, iConReg reports a significant shrink (averaged 25.8%) of loan default rates. Moreover, we conduct extensive case and user studies to evaluate the effectiveness of our proposed method and the result also demonstrates its superior performance. Our presented approach opens up a new direction of using deep graph learning techniques to regulate the contagion risk of networked-loans, which enables the authorities to design more prompt prevention measures against systemic financial crises.",2023.0,IEEE Transactions on Knowledge and Data Engineering,transactions on knowledge and data engineering,A*
9884988dcf8fcbf06773fd22a6907313843ef8b6,Code Health Meter: A Quantitative and Graph-Theoretic Foundation for Automated Code Quality and Architecture Assessment,"Quantifying code quality and architectural soundness remains a persistent challenge in modern software engineering. Existing tools often rely on isolated or superficial metrics, lacking architectural awareness and actionable insight. This article introduces code health meter (CHM), a fully automated, referentially transparent framework for quantitative and graph-theoretic code quality assessment. CHM statically analyzes source code and produces a 6D signature per module, capturing semantic complexity (maintainability index, Halstead volume, cyclomatic complexity), architectural structure (graph centrality, modularity), and redundancy (code duplication via Rabin–Karp fingerprinting). The framework is designed to be deterministic, explainable, and amenable to longitudinal analysis. We validate CHM on a 14,000-line JavaScript system by tracking its evolution across multiple versions. Our analysis reveals increasing architectural fragmentation, rising code duplication, and declining maintainability. These findings demonstrate CHM’s capability to surface actionable architectural insights, quantify technical debt, and support evidence-driven refactoring decisions. CHM bridges the gap between classical software metrics and architectural reasoning, offering a robust foundation for integrating automated code health monitoring into engineering workflows.",2025.0,ACM Transactions on Software Engineering and Methodology,transactions on software engineering and methodology,A*
98ac19b7f0fc8b2b97142d4f8a7ca96cc4c612d6,Specification and automatic checking of architecture constraints on object oriented programs,"Abstract Context: Architecture constraints are specifications of conditions to which an architecture model must adhere in order to satisfy an architecture decision imposed by a given design principle. These constraints can be specified with predicate languages like OCL at design time and checked on design artifacts. Objective: Many works in the literature studied the importance of checking these constraints to guarantee quality on design models, and to prevent technical debt and maintenance difficulties. In this paper, we propose a process whose ultimate goal is to enable the checking of these constraints in the implementation stage. Method: The proposed process takes as input a textual specification of an architecture constraint specified at design stage. It translates this specification into meta-programs and then it uses them with aspect-oriented programming to check constraints at the implementation stage and at run-time on object-oriented programs. Results: We experimented an implementation of this process on a set of 12 architecture constraints. The results of this experimentation showed that our process is able to statically and dynamically detect architecture constraint violations on toy object-oriented applications, but also on real-world ones. Conclusion: The automatic checking of architecture constraints is important at source code level and at runtime. It avoids the disappearance of architecture decision knowledge in implementation artifacts, and facilitates later their maintenance.",2018.0,Information and Software Technology,information and software technology,A
9b9b70835cea24764431a29f1168d4f0e0d7f004,DCAI: The 4th International Workshop on Data-Centric AI,"Machine learning traditionally emphasizes developing models for given datasets, but real-world data is often messy, making model improvement insufficient for enhancing performance. Data-Centric AI (DCAI) is an emerging field that systematically improves datasets, leading to significant practical ML advancements. While experienced data scientists have manually refined datasets through trial-and-error and intuition, DCAI approaches data enhancement as a systematic engineering discipline. DCAI represents a shift from focusing on models to the underlying data used for training and evaluation. Despite the dominance of common model architectures and predictable scaling rules, building and using datasets remain labor-intensive and costly, lacking infrastructure and best practices. The DCAI movement aims to develop efficient, high-productivity open data engineering tools for modern ML systems. This workshop seeks to foster an interdisciplinary DCAI community to address practical data challenges, including data collection, generation, labeling, preprocessing, augmentation, quality evaluation, debt, and governance. By defining and shaping the DCAI movement, this workshop aims to influence the future of AI and ML, inviting interested parties to contribute through paper submissions.",2024.0,International Conference on Information and Knowledge Management,information and knowledge management,A
b76fe85f45938b07306de57b9994b5063eee2d2a,The Pricey Bill of Technical Debt: When and by Whom will it be Paid?,"Software companies need to support continuous and fast delivery of customer value both in short and a long-term perspective. However, this can be hindered by evolution limitations and high maintenance efforts due to internal software quality issues by what is described as Technical Debt. Although significant theoretical work has been undertaken to describe the negative effects of Technical Debt, these studies tend to have a weak empirical basis and often lack quantitative data. The aim of this study is to estimate wasted time, caused by the Technical Debt interest during the software life-cycle. This study also investigates how practitioners perceive and estimate the impact of the negative consequences due to Technical Debt during the software development process. This paper reports the results of both an online web-survey provided quantitative data from 258 participants and follow-up interviews with 32 industrial software practitioners. The importance and originality of this study contributes and provides novel insights into the research on Technical Debt by quantifying the perceived interest and the negative effects it has on the software development life-cycle. The findings show that on average, 36% of all development time is estimated to be wasted due to Technical Debt; Complex Architectural Design and Requirement Technical Debt generates most negative effect; and that most time is wasted on understanding and/or measuring the Technical Debt. Moreover, the analysis of the professional roles and the age of the software system in the survey revealed that different roles are affected differently and that the consequences of Technical Debt are also influenced by the age of the software system.",2017.0,IEEE International Conference on Software Maintenance and Evolution,software maintenance and evolution,A
b93ff5363c0867fbdeed153e7f55cb7bf81acfd4,An Evolutionary Analysis of Software-Architecture Smells,"If software quality assurance is postponed or even abandoned for a software system, maintenance and evolution become harder or even impossible. One widely known symptom for the degradation of system quality are Architecture Smells (ASs), which violate fundamental principles of software design. In this paper, we present a study on the evolution of ASs as well as on how and when they foster system degradation. Thus, we provide valuable insights regarding what ASs are meaningful to assure system quality. To this end, we analyzed the evolution of three types of ASs in 14 open-source systems with a total of 485 versions. We adapted indicators used in previous studies to assess the severity of ASs (e.g., growth, lifetime), and relate ASs to technical debt as another established indicator. Our results indicate that 1) ASs remain mostly stable compared to the code size of a system, 2) certain types of ASs, such as cyclic dependencies, have a greater impact on system degradation, and 3) certain properties determine how much an AS contributes to software degradation. These findings are valuable for practitioners to identify and tackle system degeneration, as well as for researchers to scope new research on managing ASs and technical debt.",2021.0,IEEE International Conference on Software Maintenance and Evolution,software maintenance and evolution,A
bb5c82370775f21c4ac44ed66e5d6ca13ea21d42,Managing Technical Debt Using Intelligent Techniques - A Systematic Mapping Study,"Technical Debt (TD) is a metaphor reflecting technical compromises that can yield short-term benefits but might hurt the long-term health of a software system. With the increasing amount of data generated when performing software development activities, an emergent research field has gained attention: applying Intelligent Techniques to solve Software Engineering problems. Intelligent Techniques were used to explore data for knowledge discovery, reasoning, learning, planning, perception, or supporting decision-making. Although these techniques can be promising, there is no structured understanding related to their application to support Technical Debt Management (TDM) activities. Within this context, this study aims to investigate to what extent the literature has proposed and evaluated solutions based on Intelligent Techniques to support TDM activities. To this end, we performed a Systematic Mapping Study (SMS) to investigate to what extent the literature has proposed and evaluated solutions based on Intelligent Techniques to support TDM activities. In total, 150 primary studies were identified and analyzed, dated from 2012 to 2021. The results indicated a growing interest in applying Intelligent Techniques to support TDM activities, the most used: Machine Learning and Reasoning under uncertainty. Intelligent Techniques aimed to assist mainly TDM activities related to identification, measurement, and monitoring. Design TD, Code TD, and Architectural TD are the TD types in the spotlight. Most studies were categorized at automation levels 1 and 2, meaning that existing approaches still require substantial human intervention. Symbolists and Analogizers are levels of explanation presented by most Intelligent Techniques, implying that these solutions conclude a general truth after considering a sufficient number of particular cases. Moreover, we also cataloged the empirical research types, contributions, and validation strategies described in primary studies. Based on our findings, we argue that there is still room to improve the use of Intelligent Techniques to support TDM activities. The open issues that emerged from this study can represent future opportunities for practitioners and researchers.",2023.0,IEEE Transactions on Software Engineering,transactions on software engineering,A*
cddafd1c987981b4ec1e0bc8e6c065c87e91657a,Tracing the Lifecycle of Architecture Technical Debt in Software Systems: A Dependency Approach,"Architectural technical debt (ATD) represents trade-offs in software architecture that accelerate initial development but create long-term maintenance challenges. ATD, in particular when self-admitted, impacts the foundational structure of software, making it difficult to detect and resolve.This study investigates the lifecycle of ATD, focusing on how it affects i) the connectivity between classes and ii) the frequency of file modifications. We aim to understand how ATD evolves from introduction to repayment and its implications on software architectures.Our empirical approach was applied to a dataset of SATD items extracted from various software artifacts. We isolated ATD instances, filtered for architectural indicators, and calculated dependencies at different lifecycle stages using FAN-IN and FAN-OUT metrics. Statistical analyses, including the Mann-Whitney U test and Cliff’s delta, were used to assess the significance and effect size of connectivity and dependency changes over time.We observed that ATD repayment increased class connectivity, with FAN-IN increasing by 57.5% on average and FAN-OUT by 26.7%, suggesting a shift toward centralization and increased architectural complexity after repayment. Moreover, ATD files were modified less frequently than Non-ATD files, with changes accumulated in high-dependency portions of the code.Our study shows that resolving ATD improves software quality in the short-term, but can make the architecture more complex by centralizing dependencies. Also, even if dependency metrics (like FAN-IN and FAN-OUT) can help understand the impact of ATD, they should be combined with other measures to capture other effects of ATD on software maintainability.",2025.0,International Conference on Software Architecture,software architecture,A
df575f37f9f7f9a209f5f3e40b6d11b634e2c135,How do i refactor this? An empirical study on refactoring trends and topics in Stack Overflow,"An essential part of software maintenance and evolution, refactoring is performed by developers, regardless of technology or domain, to improve the internal quality of the system, and reduce its technical debt. However, choosing the appropriate refactoring strategy is not always straightforward, resulting in developers seeking assistance. Although research in refactoring is well-established, with several studies altering between the detection of refactoring opportunities and the recommendation of appropriate code changes, little is known about their adoption in practice. Analyzing the perception of developers is critical to understand better what developers consider to be problematic in their code and how they handle it. Additionally, there is a need for bridging the gap between refactoring, as research, and its adoption in practice, by extracting common refactoring intents that are more suitable for what developers face in reality. In this study, we analyze refactoring discussions on Stack Overflow through a series of quantitative and qualitative experiments. Our results show that Stack Overflow is utilized by a diverse set of developers for refactoring assistance for a variety of technologies. Our observations show five areas that developers typically require help with refactoring– Code Optimization, Tools and IDEs, Architecture and Design Patterns, Unit Testing, and Database. We envision our findings better bridge the support between traditional (or academic) aspects of refactoring and their real-world applicability, including better tool support.",2021.0,Empirical Software Engineering,empirical software engineering,A
dfe29a4356bad366657216504a23839a16577b1e,Asking about Technical Debt: Characteristics and Automatic Identification of Technical Debt Questions on Stack Overflow,"Background: Q&A sites allow to study how users reference and request support on technical debt. To date only few studies, focusing on narrow aspects, investigate technical debt on Stack Overflow. Aims: We aim at gaining an in-depth understanding on the characteristics of technical debt questions on Stack Overflow. In addition, we assess if identification strategies based on machine learning can be used to automatically identify and classify technical debt questions. Method: We use automated and manual processes to identify technical debt questions on Stack Overflow. The final set of 415 questions is analyzed to study (i) technical debt types, (ii) question length, (iii) perceived urgency, (iv) sentiment, and (v) themes. Natural language processing and machine learning techniques are used to assess if questions can be identified and classified automatically. Results: Architecture debt is the most recurring debt type, followed by code and design debt. Most questions display mild urgency, with frequency of higher urgency steadily declining as urgency rises. Question length varies across debt types. Sentiment is mostly neutral. 29 recurrent themes emerge. Machine learning can be used to identify technical debt questions and binary urgency, but not debt types. Conclusions: Different patterns emerge from the analysis of technical debt questions on Stack Overflow. The results provide further insights on the phenomenon, and support the adoption of a more comprehensive strategy to identify technical debt questions.",2022.0,International Symposium on Empirical Software Engineering and Measurement,empirical software engineering and measurement,A
f5e7c64733f72f969a342a319abb5a7fe6bd07e4,The Influence of Cognitive Biases on Architectural Technical Debt,"Cognitive biases exert a significant influence on human thinking and decision-making. In order to identify how they influence the occurrence of architectural technical debt, a series of semi-structured interviews with software architects was performed. The results show which classes of architectural technical debt originate from cognitive biases, and reveal the antecedents of technical debt items (classes) through biases. This way, we analysed how and when cognitive biases lead to the creation of technical debt. We also identified a set of debiasing techniques that can be used in order to prevent the negative influence of cognitive biases. The observations of the role of organisational culture in the avoidance of inadvertent technical debt throw a new light on that issue.",2021.0,International Conference on Software Architecture,software architecture,A
f7f00c579c7154b761594c83f6394a18aa17db52,Are Architectural Smells Independent from Code Smells? An Empirical Study,"Abstract Background. Architectural smells and code smells are symptoms of bad code or design that can cause different quality problems, such as faults, technical debt, or difficulties with maintenance and evolution. Some studies show that code smells and architectural smells often appear together in the same file. The correlation between code smells and architectural smells, however, is not clear yet; some studies on a limited set of projects have claimed that architectural smells can be derived from code smells, while other studies claim the opposite. Objective. The goal of this work is to understand whether architectural smells are independent from code smells or can be derived from a code smell or from one category of them. Method. We conducted a case study analyzing the correlations among 19 code smells, six categories of code smells, and four architectural smells. Results. The results show that architectural smells are correlated with code smells only in a very low number of occurrences and therefore cannot be derived from code smells. Conclusion. Architectural smells are independent from code smells, and therefore deserve special attention by researchers, who should investigate their actual harmfulness, and practitioners, who should consider whether and when to remove them.",2019.0,Journal of Systems and Software,journal of systems and software,A
0134b0f73d8d0848f2e0edc05db5eeed17152f03,Technical Debts and Faults in Open-source Quantum Software Systems: An Empirical Study,"Quantum computing is a rapidly growing field attracting the interest of both researchers and software developers. Supported by its numerous open-source tools, developers can now build, test, or run their quantum algorithms. Although the maintenance practices for traditional software systems have been extensively studied, the maintenance of quantum software is still a new field of study but a critical part to ensure the quality of a whole quantum computing system. In this work, we set out to investigate the distribution and evolution of technical debts in quantum software and their relationship with fault occurrences. Understanding these problems could guide future quantum development and provide maintenance recommendations for the key areas where quantum software developers and researchers should pay more attention. In this paper, we empirically studied 118 open-source quantum projects, which were selected from GitHub. The projects are categorized into 10 categories. We found that the studied quantum software suffers from the issues of code convention violation, error-handling, and code design. We also observed a statistically significant correlation between code design, redundant code or code convention, and the occurrences of faults in quantum software.",2022.0,Journal of Systems and Software,journal of systems and software,A
015837116c98eddd3d881d82e0c476354937fe58,Racing Against the Clock: Exploring the Impact of Scheduled Deadlines on Technical Debt,"Background: Technical Debt (TD) describes suboptimal software development practices with long-term consequences, such as defects and vulnerabilities. Deadlines are a leading cause of the emergence of TD in software systems. While multiple aspects of TD have been studied, the empirical research findings on the impact of deadlines are still inconclusive. Aims: This study investigates the impact of scheduled deadlines on TD. It analyzes how scheduled deadlines affect code quality, commit activities, and issues in issue-tracking systems. Method: We analyzed eight Open Source Software (OSS) projects with regular release schedules using SonarQube. We analyzed 12.3k commits and 371 releases across these eight OSS projects. The study combined quantitative metrics with qualitative analyses to comprehensively understand TD accumulation under scheduled deadlines. Results: Our findings indicated that some projects had a clear increase in TD as deadlines approached (with above 50% of releases having increasing TD accumulation as deadlines approached), while others managed to maintain roughly the same amount of TD. Analysis of commit activities and issue tracking revealed that deadline proximity could lead to increased commit frequency and bug-related issue creation. Conclusions: Our study highlights that, in some cases, impending deadlines have a clear impact on TD. The findings pinpoint the need to mitigate last-minute coding rushes and the risks associated with deadline-driven TD accumulation.",2025.0,International Conference on Evaluation & Assessment in Software Engineering,evaluation and assessment in software engineering,A
019107b48a19aafa6b1477a258f0ca951e15433e,An Experience Report on Technical Debt in Pull Requests: Challenges and Lessons Learned,"Background: GitHub is a collaborative platform for global software development, where Pull Requests (PRs) are essential to bridge code changes with version control. However, developers often trade software quality for faster implementation, incurring Technical Debt (TD). When developers undertake reviewers’ roles and evaluate PRs, they can often detect TD instances, leading to either PR rejection or discussions. Aims: We investigated whether Pull Request Comments (PRCs) indicate TD by assessing three large-scale repositories: Spark, Kafka, and React. Method: We combined manual classification with automated detection using machine learning and deep learning models. Results: We classified two datasets and found that 37.7 and 38.7% of PRCs indicate TD, respectively. Our best model achieved F1 = 0.85 when classifying TD during the validation phase. Conclusions: We faced several challenges during this process, which may hint that TD in PRCs is discussed differently from other software artifacts (e.g., code comments, commits, issues, or discussion forums). Thus, we present challenges and lessons learned to assist researchers in pursuing this area of research.",2022.0,International Symposium on Empirical Software Engineering and Measurement,empirical software engineering and measurement,A
033f5eb9b4e2c8a95702f7ac49f5c0912188c7a1,dalex: Responsible Machine Learning with Interactive Explainability and Fairness in Python,"The increasing amount of available data, computing power, and the constant pursuit for higher performance results in the growing complexity of predictive models. Their black-box nature leads to opaqueness debt phenomenon inflicting increased risks of discrimination, lack of reproducibility, and deflated performance due to data drift. To manage these risks, good MLOps practices ask for better validation of model performance and fairness, higher explainability, and continuous monitoring. The necessity of deeper model transparency appears not only from scientific and social domains, but also emerging laws and regulations on artificial intelligence. To facilitate the development of responsible machine learning models, we showcase dalex, a Python package which implements the model-agnostic interface for interactive model exploration. It adopts the design crafted through the development of various tools for responsible machine learning; thus, it aims at the unification of the existing solutions. This library's source code and documentation are available under open license at this https URL",2020.0,Journal of machine learning research,journal of machine learning research,A*
04af4773b11a8b78dd4a2b5fd7fa3cf29bbe8a06,Quantifying Requirements Technical Debt: A Systematic Mapping Study and a Conceptual Model,"Requirements Technical Debt (RTD) is a research area where the Technical Debt (TD) metaphor is used to capture the consequences of sub-optimal decisions made concerning Requirements. Understanding the quantification of RTD is key to its management. To facilitate this understanding, we model the quantification of RTD. Our work is grounded in the literature found via a Systematic Mapping Study (SMS) and informed by prior work modeling the quantification of TD for software code-related TD types. This paper reports on the SMS and the development of our model, the RTD Quantification Model (RTDQM). The key observation from our work is that, although RTD is similar in most aspects to TD in software code, it also has its own components. Requirement artifacts have a feedback loop involving the User to precisely capture User Needs. RTD Interest (i.e., additional costs due to sub-optimal decisions concerning Requirements) can incur during both Requirements Engineering and Implementation activities. Furthermore, RTD can incur regardless of the presence of software code-related TD. Similar to benefits accrued by refactoring software code, rectifying RTD can also accrue benefits.",2023.0,IEEE International Requirements Engineering Conference,international requirements engineering conference,A
08be4f093a6d90d9e0281d9ffdb7c38be5644d79,Characterizing and Mitigating Self-Admitted Technical Debt in Build Systems,"Technical Debt is a metaphor used to describe the situation in which long-term software artifact quality is traded for short-term goals in software projects. In recent years, the concept of self-admitted technical debt (SATD) was proposed, which focuses on debt that is intentionally introduced and described by developers. Although prior work has made important observations about admitted technical debt in source code, little is known about SATD in build systems. In this paper, we set out to better understand the characteristics of SATD in build systems. To do so, through a qualitative analysis of 500 SATD comments in the Maven build system of 291 projects, we characterize SATD by location and rationale (reason and purpose). Our results show that limitations in tools and libraries, and complexities of dependency management are the most frequent causes, accounting for 50% and 24% of the comments. We also find that developers often document SATD as issues to be fixed later. As a first step towards the automatic detection of SATD rationale, we train classifiers to detect the two most frequently occurring reasons and the four most frequently occurring purposes of SATD in the content of comments in Maven build systems. The classifier performance is promising, achieving an F1-score of 0.71–0.79. Finally, within 16 identified ‘ready-to-be-addressed’ SATD instances, the three SATD submitted by pull requests and the five SATD submitted by issue reports were resolved after developers were made aware. Our work presents the first step towards understanding technical debt in build systems and opens up avenues for future work, such as tool support to track and manage SATD backlogs.",2021.0,IEEE Transactions on Software Engineering,transactions on software engineering,A*
0a14ff6c087f09b9650e6d85540f551159621466,Feature toggles as code: Heuristics and metrics for structuring feature toggles,"Context: Using feature toggles is a technique to turn a feature either on or oﬀ in program code by checking the value of a variable in a conditional statement. This technique is increasingly used by software practitioners to support continuous integration and continuous delivery (CI/CD). However, using feature toggles may increase code complexity, create dead code, and decrease the quality of a codebase. Objective: The goal of this research is to aid software practitioners in structuring feature toggles in the codebase by proposing and evaluating a set of heuristics and corresponding complexity, comprehensibility, and maintainability metrics based upon an empirical study of open source repositories. Method: We identiﬁed 80 GitHub repositories that use feature toggles in their development cycle. We conducted a qualitative analysis using 60 of the 80 repositories to identify heuristics and metrics. Then, we conducted a survey of practitioners of 80 repositories to obtain their feedback that the proposed heuristics can be used to guide the structure of feature toggles and to reduce technical debt. We also conducted a case study of the all 80 repositories to analyze relations between heuristics and metrics. Results: From the qualitative analysis, we proposed 7 heuristics to guide structuring feature toggles and identiﬁed 12 metrics to support the principles",2022.0,Information and Software Technology,information and software technology,A
0abbdf7f495004180c5ebd02bcf0f8977752d3a5,Self-Admitted Technical Debt and comments’ polarity: an empirical study,"Self-Admitted Technical Debt (SATD) consists of annotations—typically, but not only, source code comments—pointing out incomplete features, maintainability problems, or, in general, portions of a program not-ready yet. The way a SATD comment is written, and specifically its polarity, may be a proxy indicator of the severity of the problem and, to some extent, of the priority with which it should be addressed. In this paper, we study the relationship between different types of SATD comments in source code and their polarity, to understand in which circumstances (and why) developers use negative or rather neutral comments to highlight an SATD. To address this goal, we combine a manual analysis of 1038 SATD comments from a curated dataset with a survey involving 46 professional developers. First of all, we categorize SATD content into its types. Then, we study the extent to which developers express negative sentiment in different types of SATD as a proxy for priority, and whether they believe this can be considered as an acceptable practice. Finally, we look at whether such annotations contain additional details such as bug references and developers’ names/initials. Results of the study indicate that SATD comments are mainly used for annotating poor implementation choices (≃\documentclass[12pt]{minimal} \usepackage{amsmath} \usepackage{wasysym} \usepackage{amsfonts} \usepackage{amssymb} \usepackage{amsbsy} \usepackage{mathrsfs} \usepackage{upgreek} \setlength{\oddsidemargin}{-69pt} \begin{document}$\simeq $\end{document}41%) and partially implemented functionality (≃\documentclass[12pt]{minimal} \usepackage{amsmath} \usepackage{wasysym} \usepackage{amsfonts} \usepackage{amssymb} \usepackage{amsbsy} \usepackage{mathrsfs} \usepackage{upgreek} \setlength{\oddsidemargin}{-69pt} \begin{document}$\simeq $\end{document}22%). The latter may depend from “waiting” for other features being implemented, and this makes SATD comments more negatives than in other cases. Around 30% of the survey respondents agree on using/interpreting negative sentiment as a proxy for priority, while 50% of them indicate that it would be better to discuss SATD on issue trackers and not in the source code. However, while our study indicates that open-source developers use links to external systems, such as bug identifiers, to annotate high-priority SATD, better tool support is required for SATD management.",2022.0,Empirical Software Engineering,empirical software engineering,A
0c4ce3c4a05ee326f4cbcb128df93baa7ac7dc45,Can Clean New Code Reduce Technical Debt Density?,"While technical debt grows in absolute numbers as software systems evolve over time, the density of technical debt (technical debt divided by lines of code) is reduced in some cases. This can be explained by either the application of refactorings or the development of new artifacts with limited Technical Debt. In this paper we explore the second explanation, by investigating the relation between the amount of Technical Debt in new code and the evolution of Technical Debt in the system. To this end, we compare the Technical Debt Density of new code with existing code, and we investigate which of the three major types of code changes (additions, deletions and modifications) is primarily responsible for changes in the evolution of Technical Debt density. Furthermore, we study whether there is a relation between code quality practices and the ‘cleanness’ of new code. To obtain the required data, we have performed a large-scale case study on twenty-seven open-source software projects by the Apache Software Foundation, analyzing 66,661 classes and 56,890 commits. The results suggest that writing “clean” (or at least “cleaner”) new code can be an efficient strategy for reducing Technical Debt Density, and thus preventing software decay over time. The findings also suggest that projects adopting an explicit policy for quality improvement, e.g., through discussions on code quality in board meetings, are associated with a higher frequency of cleaner new code commits. Therefore, we champion the establishment of processes that monitor the density of Technical Debt of new code to control the accumulation of Technical Debt in a software system.",2020.0,IEEE Transactions on Software Engineering,transactions on software engineering,A*
0e14e7e96e027cb1e375e97a4c6654cd4f75ac9a,On the diffuseness of technical debt items and accuracy of remediation time when using SonarQube,"Abstract Context. Among the static analysis tools available, SonarQube is one of the most used. SonarQube detects Technical Debt (TD) items—i.e., violations of coding rules—and then estimates TD as the time needed to remedy TD items. However, practitioners are still skeptical about the accuracy of remediation time estimated by the tool. Objective. In this paper, we analyze both diffuseness of TD items and accuracy of remediation time, estimated by SonarQube, to fix TD items on a set of 21 open-source Java projects. Method. We designed and conducted a case study where we asked 81 junior developers to fix TD items and reduce the TD of 21 projects. Results. We observed that TD items are diffused in the analyzed projects and most items are code smells. Moreover, the results point out that the remediation time estimated by SonarQube is inaccurate and, as compared to the actual time spent to fix TD items, is in most cases overestimated. Conclusions. The results of our study are promising for practitioners and researchers. The former can make more aware decisions during project execution and resource management, the latter can use this study as a starting point for improving TD estimation models.",2020.0,Information and Software Technology,information and software technology,A
16dae0b5dca5aa1f6addbe250d06a66b9ef36790,"DebtViz: A Tool for Identifying, Measuring, Visualizing, and Monitoring Self-Admitted Technical Debt","Technical debt, specifically Self-Admitted Technical Debt (SATD), remains a significant challenge for software developers and managers due to its potential to adversely affect long-term software maintainability. Although various approaches exist to identify SATD, tools for its comprehensive management are notably lacking. This paper presents DebtViz, an innovative SATD tool designed to automatically detect, classify, visualize and monitor various types of SATD in source code comments and issue tracking systems. DebtViz employs a Convolutional Neural Network-based approach for detection and a deconvolution technique for keyword extraction. The tool is structured into a back-end service for data collection and pre-processing, a SATD classifier for data categorization, and a front-end module for user interaction. DebtViz not only makes the management of SATD more efficient but also provides in-depth insights into the state of SATD within software systems, fostering informed decision-making on managing it. The scalability and deployability of DebtViz also make it a practical tool for both developers and managers in diverse software development environments. The source code of DebtViz is available at https://github.com/yikun-li/visdom-satd-management-system and the demo of DebtViz is at https://youtu.be/QXH6Bj0HQew.",2023.0,IEEE International Conference on Software Maintenance and Evolution,software maintenance and evolution,A
17dcb02bdb7067b31a130ca4ba28c37ff711cc85,Evaluating Time-Dependent Methods and Seasonal Effects in Code Technical Debt Prediction,"Background. Code Technical Debt (Code TD) prediction has gained significant attention in recent software engineering research. However, no standardized approach to Code TD prediction fully captures the factors influencing its evolution. Objective. Our study aims to assess the impact of time-dependent models and seasonal effects on Code TD prediction. It evaluates such models against widely used Machine Learning models, also considering the influence of seasonality on prediction performance. Methods. We trained 11 prediction models with 31 Java open-source projects. To assess their performance, we predicted future observations of the SQALE index. To evaluate the practical usability of our TD forecasting model and its impact on practitioners, we surveyed 23 software engineering professionals. Results. Our study confirms the benefits of time-dependent techniques, with the ARIMAX model outperforming the others. Seasonal effects improved predictive performance, though the impact remained modest. \ReviewerA{ARIMAX/SARIMAX models demonstrated to provide well-balanced long-term forecasts. The survey highlighted strong industry interest in short- to medium-term TD forecasts. Conclusions. Our findings support using techniques that capture time dependence in historical software metric data, particularly for Code TD. Effectively addressing this evidence requires adopting methods that account for temporal patterns.",2024.0,Journal of Systems and Software,journal of systems and software,A
183ce484493bbfe1b1da5ed41d374dc749f6c7c2,Automatic identification of self-admitted technical debt from four different sources,"Technical debt refers to taking shortcuts to achieve short-term goals while sacrificing the long-term maintainability and evolvability of software systems. A large part of technical debt is explicitly reported by the developers themselves; this is commonly referred to as Self-Admitted Technical Debt or SATD . Previous work has focused on identifying SATD from source code comments and issue trackers. However, there are no approaches available for automatically identifying SATD from other sources such as commit messages and pull requests, or by combining multiple sources. Therefore, we propose and evaluate an approach for automated SATD identification that integrates four sources: source code comments, commit messages, pull requests, and issue tracking systems. Our findings show that our approach outperforms baseline approaches and achieves an average F1-score of 0.611 when detecting four types of SATD (i.e., code/design debt, requirement debt, documentation debt, and test debt) from the four aforementioned sources. Thereafter, we analyze 23.6M code comments, 1.3M commit messages, 3.7M issue sections, and 1.7M pull request sections to characterize SATD in 103 open-source projects. Furthermore, we investigate the SATD keywords and relations between SATD in different sources. The findings indicate, among others, that: 1) SATD is evenly spread among all sources; 2) issues and pull requests are the two most similar sources regarding the number of shared SATD keywords, followed by commit messages, and then followed by code comments; 3) there are four kinds of relations between SATD items in the different sources.",2022.0,Empirical Software Engineering,empirical software engineering,A
187193c6b811b61dacbd7e52ea620bc8b3b712ea,Profiling Developers Through the Lens of Technical Debt,"Context: Technical Debt needs to be managed to avoid disastrous consequences, and investigating developers' habits concerning technical debt management is invaluable information in software development. Objective: This study aims to characterize how developers manage technical debt based on the code smells they induce and the refactorings they apply. Method: We mined a publicly-available Technical Debt dataset for Git commit information, code smells, coding violations, and refactoring activities for each developer of a selected project. Results: By combining this information, we profile developers to recognize prolific coders, highlight activities that discriminate among developer roles (reviewer, lead, architect), and estimate coding maturity and technical debt tolerance.",2020.0,International Symposium on Empirical Software Engineering and Measurement,empirical software engineering and measurement,A
18ecb8ef59ca47d8dbbee006a7341bc7fc172d4c,Quality Assurance of LLM-generated Code: Addressing Non-Functional Quality Characteristics,"In recent years, large language models have been widely integrated into software engineering workflows, supporting tasks like code generation. While prior evaluations focus on functional correctness, there is still a limited understanding of the non-functional quality characteristics of generated code. Guided by the ISO/IEC 25010 quality model, this study adopts a multi-methods approach comprising three complementary elements: a literature review of 109 papers, two industry workshops with practitioners from multiple organizations, and an empirical analysis of patching real-world software issues using three LLMs. Motivated by insights from both the literature and practitioners, the empirical study examined the quality of generated patches regarding security, maintainability, and performance efficiency, which were identified as critical code-level quality attributes. Our results indicate that existing research primarily emphasizes security, performance efficiency, and maintainability, while other quality attributes are understudied. In contrast, practitioners prioritize maintainability and readability, warning that generated code may accelerate the accumulation of technical debt. The empirical evaluation demonstrates the instability of optimizing NFQCs through prompts in practical software engineering settings. Overall, our findings expose a misalignment between academic focus, industry priorities, and observed model behavior, highlighting the need to integrate quality assurance mechanisms into LLM code generation pipelines to ensure that future generated code not only passes tests but truly passes with quality.",2025.0,Journal of Systems and Software,journal of systems and software,A
1f4ef21dd1f5d7fad2180ecb433a94d9ebef7ba0,An Empirical Study of Quick Remedy Commits,"Software systems are continuously modified to implement new features, to fix bugs, and to improve quality attributes. Most of these activities are not atomic changes, but rather the result of several related changes affecting different parts of the code. For this reason, it may happen that developers omit some of the needed changes and, as a consequence, leave a task partially unfinished, introduce technical debt or, in the worst case scenario, inject bugs. Knowing the changes that are mistakenly omitted by developers can help in designing recommender systems able to automatically identify risky situations in which, for example, the developer is likely to be pushing an incomplete change to the software repository. We present a qualitative study investigating“quick remedy commits” performed by developers with the goal of implementing changes omitted in previous commits. With quick remedy commits we refer to commits that (i) quickly follow a commit performed by the same developer in the same repository, and (ii) aim at remedying issues introduced as the result of code changes omitted in the previous commit (e.g., fix references to code components that have been broken as a consequence of a rename refactoring). Through a manual analysis of 500 quick remedy commits, we define a taxonomy categorizing the types of changes that developers tend to omit. The defined taxonomy can guide the development of tools aimed at detecting omitted changes, and possibly autocomplete them.",2020.0,IEEE International Conference on Program Comprehension,program comprehension,A
24574a3ec3d7efbc23db9aecb61dc5fc86aae9e9,Evaluating Unit Testing Practices in R Packages,"Testing Technical Debt (TTD) occurs due to shortcuts (non-optimal decisions) taken about testing; it is the test dimension of technical debt. R is a package-based programming ecosystem that provides an easy way to install third-party code, datasets, tests, documentation and examples. This structure makes it especially vulnerable to TTD because errors present in a package can transitively affect all packages and scripts that depend on it. Thus, TTD can effectively become a threat to the validity of all analysis written in R that rely on potentially faulty code. This two-part study provides the first analysis in this area. First, 177 systematically-selected, open-source R packages were mined and analysed to address quality of testing, testing goals, and identify potential TTD sources. Second, a survey addressed how R package developers perceive testing and face its challenges (response rate of 19.4%). Results show that testing in R packages is of low quality; the most common smells are inadequate and obscure unit testing, improper asserts, inexperienced testers and improper test design. Furthermore, skilled R developers still face challenges such as time constraints, emphasis on development rather than testing, poor tool documentation and a steep learning curve.",2021.0,International Conference on Software Engineering,software engineering,A*
27c0b3467106c49e1d365b44e6a4cedc5b8972c4,FedCSD: A Federated Learning Based Approach for Code-Smell Detection,"Software quality is critical, as low quality, or “Code smell,” increases technical debt and maintenance costs. There is a timely need for a collaborative model that detects and manages code smells by learning from diverse and distributed data sources while respecting privacy and providing a scalable solution for continuously integrating new patterns and practices in code quality management. However, the current literature is still missing such capabilities. This paper addresses the previous challenges by proposing a Federated Learning Code Smell Detection (FedCSD) approach, specifically targeting “God Class,” to enable organizations to train distributed ML models while safeguarding data privacy collaboratively. We conduct experiments using manually validated datasets to detect and analyze code smell scenarios to validate our approach. Experiment 1, a centralized training experiment, revealed varying accuracies across datasets, with dataset two achieving the lowest accuracy (92.30%) and datasets one and three achieving the highest (98.90% and 99.5%, respectively). Experiment 2, focusing on cross-evaluation, showed a significant drop in accuracy (lowest: 63.80%) when fewer smells were present in the training dataset, reflecting technical debt. Experiment 3 involved splitting the dataset across 10 companies, resulting in a global model accuracy of 98.34%, comparable to the centralized model’s highest accuracy. The application of federated ML techniques demonstrates promising performance improvements in code-smell detection, benefiting both software developers and researchers.",2023.0,IEEE Access,access,A
2c2aec170844db350515781811134f1c8b83bc23,A Taxonomy of Self-Admitted Technical Debt in Deep Learning Systems,"The development of Machine Learning (ML)- and, more recently, of Deep Learning (DL)-intensive systems requires suitable choices, e.g., in terms of technology, algorithms, and hyper-parameters. Such choices depend on developers' experience, as well as on proper experimentation. Due to limited time availability, developers may adopt suboptimal, sometimes temporary choices, leading to a technical debt (TD) specifically related to the ML code. This paper empirically analyzes the presence of Self-Admitted Technical Debt (SATD) in DL systems. After selecting 100 open-source Python projects using popular DL frameworks, we identified SATD from their source comments and created a stratified sample of 443 SATD to analyze manually. We derived a taxonomy of DL-specific SATD through open coding, featuring seven categories and 41 leaves. The identified SATD categories pertain to different aspects of DL models, some of which are technological (e.g., due to hardware or libraries) and some related to suboptimal choices in the DL process, model usage, or configuration. Our findings indicate that DL-specific SATD differs from DL bugs found in previous studies, as it typically pertains to suboptimal solutions rather than functional (e.g., blocking) problems. Last but not least, we found that state-of-the-art static analysis tools do not help developers avoid such problems, and therefore, specific support is needed to cope with DL-specific SATD.",2024.0,IEEE International Conference on Software Maintenance and Evolution,software maintenance and evolution,A
2caeed4221ccada11a19fcc27c3c637aeda43574,When code smells meet ML: on the lifecycle of ML-specific code smells in ML-enabled systems,"The adoption of Machine Learning (ML)-enabled systems is growing rapidly, introducing novel challenges in maintaining quality and managing technical debt in these complex systems. Among the key quality threats are ML-specific code smells (ML-CSs), suboptimal implementation practices in ML pipelines that can compromise system performance, reliability, and maintainability. Although these smells have been defined in the literature, detailed insights into their characteristics, evolution, and mitigation strategies are still needed to help developers address these quality issues effectively. In this paper, we investigate the emergence and evolution of ML-CSs through a large-scale empirical study focusing on (i) their prevalence in real ML-enabled systems, (ii) how they are introduced and removed, and (iii) their survivability. We analyze over 400,000 commits from 337 ML-enabled projects, leveraging CodeSmile, a novel ML smell detector that we developed to enable our investigation and identify ML-specific code smells. Our results reveal that: (1) CodeSmile can detect ML-CSs with precision and recall rates of 87.4% and 78.6%, respectively; (2) ML-CSs are frequently introduced during file modifications in new feature tasks; (3) smells are typically removed during tasks related to new features, enhancements, or refactoring; and (4) the majority of ML-CSs are resolved within the first 10% of commits. Based on these findings, we provide actionable conclusions and insights to guide future research and quality assurance practices for ML-enabled systems.",2024.0,Empirical Software Engineering,empirical software engineering,A
2ce8a4cfbd96621cd926f253f0978860a79db5b0,"Understanding Docker Refactorings: Expanded Taxonomy, Operational Trade-Offs, and Role-Aware Recommendations","Docker-based software containerization has recently emerged as the de facto standard for delivering reusable software artifacts. With a plethora of publicly available Docker images, developers can easily build and deploy their applications, resulting in an industry-wide shift toward containerized solutions. Container-based projects, on the other hand, include several components, such as the Docker and Docker-compose files, as well as several dependencies in the source code, combining different containers and simplifying interactions with them. Like any other complex system, Container-based projects are prone to multiple quality and technical debt issues relating to several artifacts, namely, Docker and Docker-compose files. In a previous work, we conducted the first foundational study on refactorings, i.e., structural changes, while preserving the behavior applied in open-source Docker projects and the technical debt issues they alleviate. The findings suggest that developers refactor these Docker projects for a variety of reasons specific to the configuration, combination, and execution of containers. We defined different best practices and introduced 24 new Docker-specific refactorings and 7 technical debt categories. In this paper, we extend our prior study by expanding the dataset nearly sixfold, from 68 to 443 projects, and refining our selection methodology. These changes reveal 17 additional Docker-specific refactorings, bringing our catalog to 41 distinct mechanisms, and introduce two new technical-debt categories, for a total of nine. We also derive 48 role-aware (Dev vs. Ops) recommendations and quantify the operational impact of refactorings on release-image size and build time, analyzing size–time trade-offs. These extensions not only expand the known landscape of Docker-specific quality issues but also provide deeper insights into how practitioners manage and alleviate technical debt in container environments.",2026.0,IEEE Transactions on Software Engineering,transactions on software engineering,A*
2eb06ecd0718cd2a9ed0edfe7f2b92257a753dac,Unadmitted Technical Debt: Dataset and Detection Approaches,"In recent years, researchers have proposed various approaches to detect code comments that explicitly acknowledge Technical Debt (TD), which are referred to as Self-Admitted Technical Debt (SATD) comments. Previous studies have proven that hidden patterns can be learned from SATD code snippets to predict whether the code snippets hold TD without the aid of comments. In this study, we refer to such TD as unadmitted TD, i.e., TD whose code snippets exhibit patterns similar to those of SATD, but are not annotated with comments indicating the existence of TD. Given that current unadmitted TD datasets are limited to method-level and conditional-statement-level code snippets, we construct the world’s most comprehensive dataset of code snippets and their corresponding comments, which includes 18 popular Java open-source projects and covers code snippets at the file, class, method and block levels. Around this dataset, we have conducted four key research activities. Firstly, we propose an automated framework for data collection and annotation, which extracts commented code snippets of varying granularity from projects and assigns SATD labels using three state-of-the-art SATD detection approaches. Secondly, we conduct a rigorous evaluation process, including the validity test, reliability test and manual verification, to ensure the accuracy and consistency of the dataset before further analysis and utilization. Additionally, we propose a metric-based detection approach named LiteM that detects unadmitted TD solely based on code metrics. As for the real-world scenarios where training data is scarce, we further introduce LiteMC, which generates pseudo-labels for commented code snippets and then employs LiteM to train a model on these pseudo-labeled data, enabling the detection of unadmitted TD in uncommented code snippets. The experimental results demonstrate the effectiveness and efficiency of both LiteM and LiteMC. The dataset and the code are available at https://github.com/HduDBSI/Dataset4TD.",2025.0,IEEE Transactions on Software Engineering,transactions on software engineering,A*
2fce737dc0260deb288f8434d7d4221778177288,On the Relationship Between Developer Experience and Refactoring: An Exploratory Study and Preliminary Results,"Refactoring is one of the means of managing technical debt and maintaining a healthy software structure through enforcing best design practices, or coping with design defects. Previous refactoring surveys have shown that these code restructurings are mainly executed by developers who have sufficient knowledge of the system's design, and disposing of leadership roles in their development teams. However, these surveys were mainly limited to specific projects and companies. In this paper, we explore the generalizability of the previous results though analyzing 800 open-source projects. We mine their refactoring activities, and we identify their corresponding contributors. Then, we associate an expertise score to each contributor in order to test the hypothesis of whether developers with higher scores tend to perform a higher number of refactoring operations. We found that (1) although refactoring is not restricted to a subset of developers, those with higher experiences score tend to perform more refactorings than others; (2) our qualitative analysis of three randomly sampled projects show that the developers who are responsible for the majority of refactoring activities are typically on advanced positions in their development teams, demonstrating their extensive knowledge of the design of the systems they contribute to.",2020.0,International Conference on Software Engineering,software engineering,A*
3405d983891ba2b060a2962cd66dcef37c25a093,SATDBailiff- Mining and Tracking Self-Admitted Technical Debt,"Self-Admitted Technical Debt (SATD) is a metaphorical concept to describe the self-documented addition of technical debt to a software project in the form of source code comments. SATD can linger in projects and degrade source-code quality, but it can also be more visible than unintentionally added or undocumented technical debt. Understanding the implications of adding SATD to a software project is important because developers can benefit from a better understanding of the quality trade-offs they are making. However, empirical studies, analyzing the survivability and removal of SATD comments, are challenged by potential code changes or SATD comment updates that may interfere with properly tracking their appearance, existence, and removal. In this paper, we propose SATDBailiff, a tool that uses an existing state-of-the-art SATD detection tool, to identify SATD in method comments, then properly track their lifespan. SATDBailiff is given as input links to open source projects, and its output is a list of all identified SATDs, and for each detected SATD, SATDBailiff reports all its associated changes, including any updates to its text, all the way to reporting its removal. The goal of SATDBailiff is to aid researchers and practitioners in better tracking SATDs instances and providing them with a reliable tool that can be easily extended. SATDBailiff was validated using a dataset of previously detected and manually validated SATD instances. 
SATDBailiff is publicly available as an open-source, along with the manual analysis of SATD instances associated with its validation, on the project website",2021.0,Science of Computer Programming,science of computer programming,A
36e86224f1350fb7f382d4215644c896a6f2c21f,Splicing Community Patterns and Smells: A Preliminary Study,"Software engineering projects are now more than ever a community effort. In the recent past, researchers have shown that their success may not only depend on source code quality, but also on other aspects like the balance of distance, culture, global engineering practices, and more. In such a scenario, understanding the characteristics of the community around a project and foresee possible problems may be the key to develop successful systems. In this paper, we focus on this research problem and propose an exploratory study on the relation between community patterns, i.e., recurrent mixes of organizational or social structure types, and smells, i.e., sub-optimal patterns across the organizational structure of a software development community that may be precursors of some sort of social debt. We exploit association rule mining to discover frequent relations between them. Our findings show that different organizational patterns are connected to different forms of socio-technical problems, possibly suggesting that practitioners should put in place specific preventive actions aimed at avoiding the emergence of community smells depending on the organization of the project.",2020.0,International Conference on Software Engineering,software engineering,A*
3bd2e3d6d071971de73a49b1c3ed0429e8f50cbd,Experience With Managing Technical Debt in Scientific Software Development Using the EXA2PRO Framework,"Technical Debt (TD) is a software engineering metaphor that resembles the production of poor-quality code to going into debt. In particular, a development team that “saves” effort while developing by not removing inefficiencies, has to “pay-back” with interest, in the form of additional maintenance costs (i.e., fixing bugs, adding features, etc.) due to the poor maintainability of the developed code. Although maintainability assurance is an established practice in traditional software development (lately known as TD management), it has still not attracted the attention of scientific software developers; i.e., researchers writing code and developing tools for purely research purposes. Nevertheless, based on the literature and practice, maintainability seems to be ranked as an important key-driver for the development of such applications; since the effort needed to update the code before the experimentation (e.g., executing a simulation) is common and should not receive low priority. In this paper, we present the outcome of a 3-year research project on Technical Debt Management (TDM) for scientific software development. The outcome of the project is a framework (termed: EXA2PRO TDM framework) and an accompanying platform for assisting scientific software developers in managing the TD of their applications. The framework is a collection of methods tailored for the mainstream programming languages of scientific software development, which have been empirically validated through five pilot applications. The majority of the EXA2PRO framework suggestions have been applied by scientific software developers and eased future maintenance activities.",2021.0,IEEE Access,access,A
3d919732b600dc8f557c31e321d5999a888bbc3d,Identifying self-admitted technical debt through code comment analysis with a contextualized vocabulary,"Abstract Context Previous work has shown that one can explore code comments to detect Self-Admitted Technical Debt (SATD) using a contextualized vocabulary. However, current detection strategies still return a large number of false positives items. Moreover, those strategies do not allow the automatic identification of the type of debt of the identified items. Objective This work applies, evaluates, and improves a set of contextualized patterns we built to detect self-admitted technical debt using code comment analysis. We refer to this set of patterns as the self-admitted technical debt identification vocabulary. Method We carry out three empirical studies. Firstly, 23 participants analyze the patterns of a previously defined contextualized vocabulary and register their level of importance in identifying SATD items. Secondly, we perform a qualitative analysis to investigate the relation between each pattern and types of debt. Finally, we perform a feasibility study using a new vocabulary, improved based on the results of the previous empirical studies, to automatically identify self-admitted technical debt items, and types of debt, that exist in three open source projects. Results More than half of the new patterns were considered decisive or very decisive to detect technical debt items. The new vocabulary was able to find items associated to code, design, defect, documentation, and requirement debt. Thus, the result of the work is an improved vocabulary that considers the level of importance of each pattern and the relationship between patterns and debt types to support the identification and classification of SATD items. Conclusion The studies allowed us to improve a vocabulary to identify self-admitted technical debt items through code comments analysis. The results show that the use of pattern-based code comment analysis can contribute to improve existing methods, or create new ones, for automatically identifying and classifying technical debt items.",2020.0,Information and Software Technology,information and software technology,A
3ebd93358472dcdb1ece04b787c122bcd6948cb3,Augmenting commit classification by using fine-grained source code changes and a pre-trained deep neural language model,"Abstract Context: Analyzing software maintenance activities is very helpful in ensuring cost-effective evolution and development activities. The categorization of commits into maintenance tasks supports practitioners in making decisions about resource allocation and managing technical debt. Objective: In this paper, we propose to use a pre-trained language neural model, namely BERT (Bidirectional Encoder Representations from Transformers) for the classification of commits into three categories of maintenance tasks — corrective, perfective and adaptive. The proposed commit classification approach will help the classifier better understand the context of each word in the commit message. Methods: We built a balanced dataset of 1793 labeled commits that we collected from publicly available datasets. We used several popular code change distillers to extract fine-grained code changes that we have incorporated into our dataset as additional features to BERT’s word representation features. In our study, a deep neural network (DNN) classifier has been used as an additional layer to fine-tune the BERT model on the task of commit classification. Several models have been evaluated to come up with a deep analysis of the impact of code changes on the classification performance of each commit category. Results and conclusions: Experimental results have shown that the DNN model trained on BERT’s word representations and Fixminer code changes (DNN@BERT+Fix_cc) provided the best performance and achieved 79.66% accuracy and a macro-average f1 score of 0.8. Comparison with the state-of-the-art model that combines keywords and code changes (RF@KW+CD_cc) has shown that our model achieved approximately 8% improvement in accuracy. Results have also shown that a DNN model using only BERT’s word representation features achieved an improvement of 5% in accuracy compared to the RF@KW+CD_cc model.",2021.0,Information and Software Technology,information and software technology,A
4053adcc254898ac50abe5f3c701c27b4cbce33b,An empirical study on the effectiveness of large language models for SATD identification and classification,"Self-Admitted Technical Debt (SATD), a concept highlighting sub-optimal choices in software development documented in code comments or other project resources, poses challenges in the maintainability and evolution of software systems. Large language models (LLMs) have demonstrated significant effectiveness across a broad range of software tasks, especially in software text generation tasks. Nonetheless, their effectiveness in tasks related to SATD is still under-researched. In this paper, we investigate the efficacy of LLMs in both identification and classification of SATD. For both tasks, we investigate the performance gain from using more recent LLMs, specifically the Flan-T5 family, across different common usage settings. Our results demonstrate that for SATD identification, all fine-tuned LLMs outperform the best existing non-LLM baseline, i.e., the CNN model, with a 4.4% to 7.2% improvement in F1 score. In the SATD classification task, while our largest fine-tuned model, Flan-T5-XL, still led in performance, the CNN model exhibited competitive results, even surpassing four of six LLMs. We also found that the largest Flan-T5 model, i.e., Flan-T5-XXL, when used with a zero-shot in-context learning (ICL) approach that only provides instructions for SATD identification, yields competitive results with traditional approaches but performs 6.4% to 9.2% worse than fine-tuned LLMs. For SATD classification, few-shot ICL approach, incorporating examples and category descriptions in prompts, outperforms the zero-shot approach and even surpasses the fine-tuned smaller Flan-T5 models. Moreover, our experiments demonstrate that incorporating contextual information, such as surrounding code, into the SATD classification task enables larger fine-tuned LLMs to improve their performance. Our study highlights the capabilities and limitations of LLMs for SATD tasks and the role of contextual information in achieving higher performance with larger LLMs, setting a foundation for future efforts to enhance these models for more effective technical debt management.",2024.0,Empirical Software Engineering,empirical software engineering,A
418b890d6ab810b45ad9fc1e9619694682fd38e4,Self-Admitted Technical Debt in the Embedded Systems Industry: An Exploratory Case Study,"Technical debt denotes shortcuts taken during software development, mostly for the sake of expedience. When such shortcuts are admitted explicitly by developers (e.g., writing a TODO/Fixme comment), they are termed as Self-Admitted Technical Debt or SATD. There has been a fair amount of work studying SATD management in Open Source projects, but SATD in industry is relatively unexplored. At the same time, there is no work focusing on developers’ perspectives towards SATD and its management. To address this, we conducted an exploratory case study in cooperation with an industrial partner to study how they think of SATD and how they manage it. Specifically, we collected data by identifying and characterizing SATD in different sources (issues, source code comments, and commits) and carried out a series of interviews with 12 software practitioners. The results show: 1) the core characteristics of SATD in industrial projects; 2) developers’ attitudes towards identified SATD and statistics; 3) triggers for practitioners to introduce and repay SATD; 4) relations between SATD in different sources; 5) practices used to manage SATD; 6) challenges and tooling ideas for SATD management.",2022.0,IEEE Transactions on Software Engineering,transactions on software engineering,A*
42db9067e9abef0ea3813b7d60b1c66f6b754d0e,A First Look at Duplicate and Near-duplicate Self-admitted Technical Debt Comments,"Self-admitted technical debt (SATD) refers to technical debt that is intentionally introduced by developers and explicitly documented in code comments or other software artifacts (e.g., issue reports) to annotate sub-optimal decisions made by developers in the software development process. In this work, we take the first look at the existence and char-acteristics of duplicate and near-duplicate SATD comments in five popular Apache OSS projects, i.e., JSPWiki, Helix, Jackrab-bit, Archiva, and SystemML. We design a method to automatically identify groups of duplicate and near-duplicate SATD comments and track their evolution in the software system by mining the com-mit history of a software project. Leveraging the proposed method, we identified 3,520 duplicate and near-duplicate SATD comments from the target projects, which belong to 1,141 groups. We man-ually analyze the content and context of a sample of 1,505 SATD comments (by sampling 100 groups for each project) and identify if they annotate the same root cause. We also investigate whether du-plicate SATD comments exist in code clones, whether they co-exist in the same file, and whether they are introduced and removed simultaneously. Our preliminary study reveals several surprising findings that would shed light on future studies aiming to improve the management of duplicate SATD comments. For instance, only 48.5% duplicate SATD comment groups with the same root cause exist in regular code clones, and only 33.9% of the duplicate SATD comment pairs are introduced in the same commit.",2022.0,IEEE International Conference on Program Comprehension,program comprehension,A
43a0e96ad770d6d5cc5cdbc098d70ecc5ad610da,Insights Into Test Code Quality Prediction: Managing Machine Learning Techniques,"Test cases represent the first line of defence against the introduction of software faults, especially when testing for regressions. They must be constantly maintained and updated as part of software components to keep them useful. With the help of testing frameworks, developers create test methods and run them periodically on their code. The entire team relies on the results from these tests to decide whether to merge a pull request or deploy the system. Unfortunately, tests are not immune to bugs or technical debts: indeed, they often suffer from issues that can preclude their effectiveness. Typical problems in test cases are called flaky tests and test smells. Over the last decades, the software engineering research community has been proposing a number of static and dynamic approaches to assist developers with the (semi-)automatic detection and removal of these problems. Despite this, most of these approaches rely on expensive dynamic steps and depend on tunable thresholds. These limitations have been partially targeted through machine learning solutions that could predict test quality issues using various features, like source code vocabulary or a mixture of static and dynamic metrics. In this tutorial, I will discuss our experience building prediction models to detect quality issues in test code. The tutorial will discuss the design choices to make in the context of test code quality prediction and the implications these choices have for the reliability of the resulting models.",2024.0,International Conference on Evaluation & Assessment in Software Engineering,evaluation and assessment in software engineering,A
451f395456f1a053d1d1cbf85874dc2a8eb3b55c,How do Community Smells Influence Self-Admitted Technical Debt in Machine Learning Projects?,"Background: Community smells reflect poor organizational practices that often lead to socio-technical issues and the accumulation of Self-Admitted Technical Debt (SATD). While prior studies have explored these problems in general software systems, their interplay in machine learning (ML)-based projects remains largely under-examined. Aims: In this study, we aim to investigate the prevalence of community smells and their relationship with SATD in open-source ML projects, analyzing data at the release level. Methods: We analyzed $\mathbf{1 5 5 ~ M L}$-based systems across multiple releases to examine the prevalence of ten community smell types. Then we detected SATD at the release level and applied statistical analysis to examine its correlation with community smells. Next, we considered the six identified types of SATD to determine which community smells are the most associated with each debt category. Finally, we analyzed how the community smells and SATD evolve over the releases, uncovering project size-dependent trends and shared trajectories. Results: Community smells are found to be widespread, exhibiting distinct distribution patterns across small, medium and large projects. Certain smells, such as Radio Silence and Organizational Silos, are strongly correlated with higher SATD occurrences, while authority- and communication-related smells often co-occur with persistent code and design debt. Temporal analysis revealed shared evolutionary trajectories of smells and SATD, influenced by project size. Conclusion: Our findings emphasize the importance of early detection and mitigation of socio-technical issues to maintain the long-term quality and sustainability of ML-based systems.",2025.0,International Symposium on Empirical Software Engineering and Measurement,empirical software engineering and measurement,A
497d1d1856f88e367524c98b9a999807d45e3250,Neural Network-based Detection of Self-Admitted Technical Debt,"Technical debt is a metaphor to reflect the tradeoff software engineers make between short-term benefits and long-term stability. Self-admitted technical debt (SATD), a variant of technical debt, has been proposed to identify debt that is intentionally introduced during software development, e.g., temporary fixes and workarounds. Previous studies have leveraged human-summarized patterns (which represent n-gram phrases that can be used to identify SATD) or text-mining techniques to detect SATD in source code comments. However, several characteristics of SATD features in code comments, such as vocabulary diversity, project uniqueness, length, and semantic variations, pose a big challenge to the accuracy of pattern or traditional text-mining-based SATD detection, especially for cross-project deployment. Furthermore, although traditional text-mining-based method outperforms pattern-based method in prediction accuracy, the text features it uses are less intuitive than human-summarized patterns, which makes the prediction results hard to explain. To improve the accuracy of SATD prediction, especially for cross-project prediction, we propose a Convolutional Neural Network-- (CNN) based approach for classifying code comments as SATD or non-SATD. To improve the explainability of our model’s prediction results, we exploit the computational structure of CNNs to identify key phrases and patterns in code comments that are most relevant to SATD. We have conducted an extensive set of experiments with 62,566 code comments from 10 open-source projects and a user study with 150 comments of another three projects. Our evaluation confirms the effectiveness of different aspects of our approach and its superior performance, generalizability, adaptability, and explainability over current state-of-the-art traditional text-mining-based methods for SATD classification.",2019.0,ACM Transactions on Software Engineering and Methodology,transactions on software engineering and methodology,A*
4d1f2c9b70891a4d43f2a86644df29e2b8e78a58,Technical debt and agile software development practices and processes: An industry practitioner survey,"Abstract Context: Contemporary software development is typically conducted in dynamic, resource-scarce environments that are prone to the accumulation of technical debt. While this general phenomenon is acknowledged, what remains unknown is how technical debt specifically manifests in and affects software processes, and how the software development techniques employed accommodate or mitigate the presence of this debt. Objectives: We sought to draw on practitioner insights and experiences in order to classify the effects of agile method use on technical debt management, given the popularity and perceived success of agile methods. We explore the breadth of practitioners’ knowledge about technical debt; how technical debt is manifested across the software process; and the perceived effects of common agile software development practices and processes on technical debt. In doing so, we address a research gap in technical debt knowledge and provide novel and actionable managerial recommendations. Method: We designed, tested and executed a multi-national survey questionnaire to address our objectives, receiving 184 responses from practitioners in Brazil, Finland, and New Zealand. Results: Our findings indicate that: 1) Practitioners are aware of technical debt, although, there was under utilization of the concept, 2) Technical debt commonly resides in legacy systems, however, concrete instances of technical debt are hard to conceptualize which makes it problematic to manage, 3) Queried agile practices and processes help to reduce technical debt; in particular, techniques that verify and maintain the structure and clarity of implemented artifacts (e.g., Coding standards and Refactoring) positively affect technical debt management. Conclusions: The fact that technical debt instances tend to have characteristics in common means that a systematic approach to its management is feasible. However, notwithstanding the positive effects of some agile practices on technical debt management, competing stakeholders’ interests remain a concern.",2017.0,Information and Software Technology,information and software technology,A
5256f2da6ccb01c73576f8aa3e95c8a11b715274,What Made This Test Flake? Pinpointing Classes Responsible for Test Flakiness,"Flaky tests are defined as tests that manifest non-deterministic behaviour by passing and failing intermittently for the same version of the code. These tests cripple continuous integration with false alerts that waste developers’ time and break their trust in regression testing. To mitigate the effects of flakiness, both researchers and industrial experts proposed strategies and tools to detect and isolate flaky tests. However, flaky tests are rarely fixed as developers struggle to localise and understand their causes. Additionally, developers working with large codebases often need to know the sources of non-determinism to preserve code quality, i.e., avoid introducing technical debt linked with non-deterministic behaviour, and to avoid introducing new flaky tests. To aid with these tasks, we propose re-targeting Fault Localisation techniques to the flaky component localisation problem, i.e., pinpointing program classes that cause the non-deterministic behaviour of flaky tests. In particular, we employ Spectrum-Based Fault Localisation (SBFL), a coverage-based fault localisation technique commonly adopted for its simplicity and effectiveness. We also utilise other data sources, such as change history and static code metrics, to further improve the localisation. Our results show that augmenting SBFL with change and code metrics ranks flaky classes in the top-1 and top-5 suggestions, in 26% and 47% of the cases. Overall, we successfully reduced the average number of classes inspected to locate the first flaky class to 19% of the total number of classes covered by flaky tests. Our results also show that localisation methods are effective in major flakiness categories, such as concurrency and asynchronous waits, indicating their general ability to identify flaky components.",2022.0,IEEE International Conference on Software Maintenance and Evolution,software maintenance and evolution,A
54aa0379ba22c91045fe853f31e9489c528e27d6,Some SonarQube Issues have a Significant but SmallEffect on Faults and Changes. A large-scale empirical study,"Context. Companies commonly invest effort to remove technical issues believed to impact software qualities, such as removing anti-patterns or coding styles violations. Objective. Our aim is to analyze the diffuseness of Technical Debt (TD) items in software systems and to assess their impact on code changes and fault-proneness, considering also the type of TD items and their severity. Method. We conducted a case study among 33 Java projects from the Apache Software Foundation (ASF) repository. We analyzed 726 commits containing 27K faults and 12M changes. The projects violated 173 SonarQube rules generating more than 95K TD items in more than 200K classes. Results. Clean classes (classes not affected by TD items) are less change-prone than dirty ones, but the difference between the groups is small. Clean classes are slightly more change-prone than classes affected by TD items of type Code Smell or Security Vulnerability. As for fault-proneness, there is no difference between clean and dirty classes. Moreover, we found a lot of incongruities in the type and severity level assigned by SonarQube. Conclusions. Our result can be useful for practitioners to understand which TD items they should refactor and for researchers to bridge the missing gaps. They can also support companies and tool vendors in identifying TD items as accurately as possible.",2019.0,Journal of Systems and Software,journal of systems and software,A
5536a222b4c844bc9f9930a350ad7f850f4ba895,Local and Global Explainability for Technical Debt Identification,"In recent years, we have witnessed an important increase in research focusing on how machine learning (ML) techniques can be used for software quality assessment and improvement. However, the derived methodologies and tools lack transparency, due to the black-box nature of the employed machine learning models, leading to decreased trust in their results. To address this shortcoming, in this paper we extend the state-of-the-art and -practice by building explainable AI models on top of machine learning ones, to interpret the factors (i.e. software metrics) that constitute a module as in risk of having high technical debt (HIGH TD), to obtain thresholds for metric scores that are alerting for poor maintainability, and finally, we dig further to achieve local interpretation that explains the specific problems of each module, pinpointing to specific opportunities for improvement during TD management. To achieve this goal, we have developed project-specific classifiers (characterizing modules as HIGH and NOT-HIGH TD) for 21 open-source projects, and we explain their rationale using the SHapley Additive exPlanation (SHAP) analysis. Based on our analysis, complexity, comments ratio, cohesion, nesting of control flow statements, coupling, refactoring activity, and code churn are the most important reasons for characterizing classes as in HIGH TD risk. The analysis is complemented with global and local means of interpretation, such as metric thresholds and case-by-case reasoning for characterizing a class as in-risk of having HIGH TD. The results of the study are compared against the state-of-the-art and are interpreted from the point of view of both researchers and practitioners.",2024.0,IEEE Transactions on Software Engineering,transactions on software engineering,A*
5811730096701f5e9815f0b3b4d17e81a42774c3,Metamodel deprecation to manage technical debt in model co-evolution,"Model-Driven Engineering helps formalize problem-domains by using metamodels. Modeling ecosystems consisting of purposely designed editors, transformations, and code generators are defined on top of the metamodels. Analogously to other software forms, metamodels can evolve---consequently, the validity of existing artifacts might be compromised. Coupled evolution provides techniques for restoring artifacts' validity in response to metamodel evolution. In this paper, we propose using deprecation in metamodeling to mitigate the difficulties in performing a class of adaptations that must be operated manually. Technical debt in co-evolution can be regarded as the outcome of procrastinating the migration of artifacts and, thus, must be reduced if not eliminated. Tool support for the adoption of deprecation and technical debt is used to demonstrate the feasibility of the methods.",2020.0,ACM/IEEE International Conference on Model Driven Engineering Languages and Systems,model driven engineering languages and systems,A
59fe9c5443d0ed636d63caa4b960dedf7049a282,Identification of Self-Admitted Technical Debt Using Enhanced Feature Selection Based on Word Embedding,"Self-admitted technical debt (SATD) is annotated in source code comments by developers and has been recognized as a great source of discovering flawed software. To reduce manual effort, some recent studies have focused on automated detection of SATD using text classification methods. To train their classifier, these methods need labeled samples, which also require a lot of effort to obtain. We developed a new SATD identification method, which takes advantage of a large corpus of unlabeled code comments, extracted from open source projects, to train a word embedding model. After applying feature selection, the pre-trained word embedding is used for discovering semantically similar features in source code comments to enhance the original feature set. By using such enhanced feature set for classification, our goal was to improve the identification of SATD when compared to existing methods. The proposed feature enhancement method was used with the three most common feature selection methods (CHI, IG, and MI), and three well-known text classification algorithms (NB, SVM, and ME) and was tested on ten open source projects. The experimental results show a significant improvement in SATD identification over the compared methods. With an achieved 82% of correct predictions of SATD, the proposed method seems to be a good candidate to be adopted in practice.",2019.0,IEEE Access,access,A
5a14c8fdba4fbfb6d7a5a10c754951d962e936c5,Usability Technical Debt in Software Projects: A Multi-Case Study,"Background: Over the years, several studies were conducted aiming at understanding the Technical Debt (TD) phenomenon and its implications on software development. Most of these studies focus on source code related TD types. The absence of empirical studies on usability debt motivated our research. Aims: The goal of this paper is to provide an initial usability debt characterization in software projects regarding its occurrence, type, and resolution effort. Method: We conducted a multi-case study, analyzing TD items of five software projects from four different companies. Results: We identified and classified 145 TD items in the projects. The analysis of these items allowed us to observe that the frequency of usability TD items ranged from 10.4% to 20.8% in the projects. The usability debt items cover a range of usability issues, violating eight out of the ten Nielsen usability heuristics. Regarding effort for paying the TD, usability debt items require a relatively low effort, ranging from 5.1% to 6.7% of the total TD resolution effort in the analyzed projects. Conclusions: Usability TD items are frequent, concern relevant usability issues and typically require low effort for their payment. Hence, paying this type of TD should receive high priority in TD management strategies.",2019.0,International Symposium on Empirical Software Engineering and Measurement,empirical software engineering and measurement,A
5ab16c6857f358dc7b41efc84ac492837e02a820,Self-Claimed Assumptions in Deep Learning Frameworks: An Exploratory Study,"Deep learning (DL) frameworks have been extensively designed, implemented, and used in software projects across many domains. However, due to the lack of knowledge or information, time pressure, complex context, etc., various uncertainties emerge during the development, leading to assumptions made in DL frameworks. Though not all the assumptions are negative to the frameworks, being unaware of certain assumptions can result in critical problems (e.g., system vulnerability and failures). As the first step of addressing the critical problems, there is a need to explore and understand the assumptions made in DL frameworks. To this end, we conducted an exploratory study to understand self-claimed assumptions (SCAs) about their distribution, classification, and impacts using code comments from nine popular DL framework projects on GitHub. The results are that: (1) 3,084 SCAs are scattered across 1,775 files in the nine DL frameworks, ranging from 1,460 (TensorFlow) to 8 (Keras) SCAs. (2) There are four types of validity of SCAs: Valid SCA, Invalid SCA, Conditional SCA, and Unknown SCA, and four types of SCAs based on their content: Configuration and Context SCA, Design SCA, Tensor and Variable SCA, and Miscellaneous SCA. (3) Both valid and invalid SCAs may have an impact within a specific scope (e.g., in a function) on the DL frameworks. Certain technical debt is induced when making SCAs. There are source code written and decisions made based on SCAs. This is the first study on investigating SCAs in DL frameworks, which helps researchers and practitioners to get a comprehensive understanding on the assumptions made. We also provide the first dataset of SCAs for further research and practice in this area.",2021.0,International Conference on Evaluation & Assessment in Software Engineering,evaluation and assessment in software engineering,A
6013f32135bf2788e4d66294123e9afa141deaf8,Understanding and Identifying Technical Debt in the Co-Evolution of Production and Test Code,"The co-evolution of production and test code (PT co-evolution) has received increasing attention in recent years. However, we found that existing work did not comprehensively study various PT co-evolution scenarios, such as the qualification and persistence of their effects on software. Inspired by technical debt (TD), we refer to TD generated during the co-evolution between production and test code as PT co-evolution technical debt (PTCoTD). To better understand PT co-evolution, we first conducted an exploratory study on its characteristics on 15 open-source projects, finding unbalanced PT co-evolution prevalent and summarizing five potential PT flaws. Then we proposed an approach to identify and quantify PTCoTDs of these flaw patterns, considering evolutionary and structural relationships. We also built prediction models to describe cost trajectories and rank all PTCoTDs to prioritize expensive ones. The evaluation on the 15 projects shows that our approach can identify PTCoTDs that deserve attention. The identified PTCoTDs account for about half of the project's total maintenance costs, and the cost proportion of the expensive Top-5 is 1.8x more than the file proportion they contain. Almost all covered maintenance costs persist as PTCoTD in the future, with an average increase of 6.8% between the last two releases. Our approach also accurately predicts the costs of PTCoTD with an average prediction deviation of only 8.3%. Our study provides valuable insights into PT co-evolution scenarios and their effects, which can guide practices and inspire future work on software testing and maintenance.",2025.0,IEEE Transactions on Software Engineering,transactions on software engineering,A*
615ab5cccdb5f0c9b3de1e3af21f9d01133bdede,A Novel Four-Way Approach Designed With Ensemble Feature Selection for Code Smell Detection,"Purpose: Code smells are residuals of technical debt induced by the developers. They hinder evolution, adaptability and maintenance of the software. Meanwhile, they are very beneficial in indicating the loopholes of problems and bugs in the software. Machine learning has been extensively used to predict Code Smells in research. The current study aims to optimise the prediction using Ensemble Learning and Feature Selection techniques on three open-source Java data sets. Design and Results: The work Compares four varied approaches to detect code smells using four performance measures Accuracy(P1), G-mean1 (P2), G-mean2 (P3), and F-measure (P4). The study found out that values of the performance measures did not degrade it instead of either remained same or increased with feature selection and Ensemble Learning. Random Forest turns out to be the best classifier while Correlation-based Feature selection(BFS) is best amongst Feature Selection techniques. Ensemble Learning aggregators, i.e. ET5C2 (BFS intersection Relief with classifier Random Forest), ET6C2 (BFS union Relief with classifier Random Forest), and ET5C1 (BFS intersection Relief with Bagging) and Majority Voting give best results from all the aggregation combinations studied. Conclusion: Though the results are good, but using Ensemble learning techniques needs a lot of validation for a variety of data sets before it can be standardised. The Ensemble Learning techniques also pose a challenge concerning diversity and reliability and hence needs exhaustive studies.",2021.0,IEEE Access,access,A
63377fd01c4678cc4f636aad0e92a966fb58e4c0,Long-Term Evaluation of Technical Debt in Open-Source Software,"Background: A consistent body of research and practice have identified that technical debt provides valuable and actionable insight into the design and implementation deficiencies of complex software systems. Existing software tools enable characterizing and measuring the amount of technical debt at selective granularity levels; by providing a computational model, they enable stakeholders to measure and ultimately control this phenomenon. Aims: In this paper we aim to study the evolution and characteristics of technical debt in open-source software. For this, we carry out a longitudinal study that covers the entire development history of several complex applications. The goal is to improve our understanding of how the amount and composition of technical debt changes in evolving software. We also study how new technical debt is introduced in software, as well as identify how developers handle its accumulation over the long term. Method: We carried out our evaluation using three complex, open-source Java applications. All 110 released versions, covering more than 10 years of development history for each application were analyzed using SonarQube. We studied how the amount, composition and history of technical debt changed during development, compared our results across the studied applications and present our most important findings. Results: For each application, we identified key versions during which large amounts of technical debt were added, removed or both. This had significantly more impact when compared to the lines of code or class count increases that generally occurred during development. However, within each version, we found high correlation between file lines of code and technical debt. We observed that the Pareto principle was satisfied for the studied applications, as 20% of issue types generated around 80% of total technical debt. Interestingly, there was a large degree of overlap between the issues that generated most of the debt across the studied applications. Conclusions: Early application versions showed greater fluctuation in the amount of existing technical debt. We found application size to be an unreliable predictor for the quantity of technical debt. Most debt was introduced in applications as part of milestone releases that expanded their feature set; likewise, we identified releases where extensive refactoring significantly reduced the level of debt. We also discovered that technical debt issues persist for a long time in source code, and their removal did not appear to be prioritized according to type or severity.",2020.0,International Symposium on Empirical Software Engineering and Measurement,empirical software engineering and measurement,A
64f34a2a88dac51b957e4a5d4a5d9800ce85819a,Understanding Self-Admitted Technical Debt in Test Code: An Empirical Study,"Developers often opt for easier but non-optimal implementation to meet deadlines or create rapid prototypes, leading to additional effort known as technical debt to improve the code later. Oftentimes, developers explicitly document the technical debt in code comments, referred to as Self-Admitted Technical Debt (SATD). Numerous researchers have investigated the impact of SATD on different aspects of software quality and development processes. However, most of these studies focus on SATD in production code, often overlooking SATD in the test code or assuming that it shares similar characteristics with SATD in production code. In fact, a significant amount of SATD is also present in the test code, with many instances not fitting into existing categories for the production code. This study aims to fill this gap and disclose the nature of SATD in the test code by examining its distribution and types. Moreover, the relation between its presence and test quality is also analyzed. Our empirical study, involving 17,766 SATD comments (14,987 from production code, 2,779 from test code) collected from 50 repositories, demonstrates that while SATD widely exists in test code, it is not directly associated with test smells. Our study also presents comprehensive categories of SATD types in the test code, and machine learning models are developed to automatically classify SATD comments based on their types for easier management. Our results show that the CodeBERT-based model outperforms other machine learning models in terms of recall and F1-score. However, the performance varies on different types of SATD.",2025.0,ACM Transactions on Software Engineering and Methodology,transactions on software engineering and methodology,A*
652b5f7fe649214a7ca58d8de4fb1b27c21a3670,Automating Change-Level Self-Admitted Technical Debt Determination,"Technical debt (TD) is a metaphor to describe the situation where developers introduce suboptimal solutions during software development to achieve short-term goals that may affect the long-term software quality. Prior studies proposed different techniques to identify TD, such as identifying TD through code smells or by analyzing source code comments. Technical debt identified using comments is known as Self-Admitted Technical Debt (SATD) and refers to TD that is introduced intentionally. Compared with TD identified by code metrics or code smells, SATD is more reliable since it is admitted by developers using comments. Thus far, all of the state-of-the-art approaches identify SATD at the file-level. In essence, they identify whether a file has SATD or not. However, all of the SATD is introduced through software changes. Previous studies that identify SATD at the file-level in isolation cannot describe the TD context related to multiple files. Therefore, it is beneficial to identify the SATD once a change is being made. We refer to this type of TD identification as “Change-level SATD Determination”, which determines whether or not a change introduces SATD. Identifying SATD at the change-level can help to manage and control TD by understanding the TD context through tracing the introducing changes. To build a change-level SATD Determination model, we first identify TD from source code comments in source code files of all versions. Second, we label the changes that first introduce the SATD comments as TD-introducing changes. Third, we build the determination model by extracting 25 features from software changes that are divided into three dimensions, namely diffusion, history and message, respectively. To evaluate the effectiveness of our proposed model, we perform an empirical study on 7 open source projects containing a total of 100,011 software changes. The experimental results show that our model achieves a promising and better performance than four baselines in terms of AUC and cost-effectiveness (i.e., percentage of TD-introducing changes identified when inspecting 20 percent of changed LOC). On average across the 7 experimental projects, our model achieves AUC of 0.82, cost-effectiveness of 0.80, which is a significant improvement over the comparison baselines used. In addition, we found that “Diffusion” is the most discriminative dimension among the three dimensions of features for determining TD-introducing changes.",2019.0,IEEE Transactions on Software Engineering,transactions on software engineering,A*
683d027c72a0218b2bf79a001a65aaac809a83a7,Refactoring Recommendations Based on the Optimization of Socio-Technical Congruence,"Software development is known to be a social activity that involves developers, project managers, and stakeholders. Recent studies have proved a direct relation between social and technical aspects, e.g., poor coordination among developers may lead to an increase of technical debt in source code. The so-called socio-technical congruence measures the level of coordination existing in an organization at their different levels. In this late-breaking idea paper, we propose a novel way to employ the socio-technical congruence in the context of source code quality improvement: we design a community-based refactoring recommendation approach that aims at optimizing socio-technical congruence while keeping into account the source code dependencies among the components of a software project. A search-based algorithm is employed to this purpose and we envision the novel approach to be suitable for providing Extract Class and Extract Package refactoring recommendations.",2020.0,IEEE International Conference on Software Maintenance and Evolution,software maintenance and evolution,A
6cbb9b0801b5ed3480d3929d943f77d7f54768bc,U Owns the Code That Changes and How Marginal Owners Resolve Issues Slower in Low-Quality Source Code,"[Context] Accurate time estimation is a critical aspect of predictable software engineering. Previous work shows that low source code quality increases the uncertainty in issue resolution times. [Objective] Our goal is to evaluate how developers’ project experience and file ownership are related to issue resolution times. [Method] We mine 40 proprietary software repositories and conduct an observational study. Using CodeScene, we measure source code quality and active development time connected to Jira issues. [Results] Most source code changes are made by either a marginal or dominant code owner. Also, most changes to low-quality source code are made by developers with low levels of ownership. In low-quality source code, marginal owners need 45% more time for small changes, and 93% more time for large changes. [Conclusions] Collective code ownership is a popular target, but industry practice results in many dominant and marginal owners. Marginal owners are particularly hampered when working with low-quality source code, which leads to productivity losses. In codebases plagued by technical debt, newly onboarded developers will require more time to complete tasks.",2023.0,International Conference on Evaluation & Assessment in Software Engineering,evaluation and assessment in software engineering,A
6d1e06e2c28ea92b9c93cb93004a5095631fa5e7,The broken windows theory applies to technical debt,"The term technical debt (TD) describes the aggregation of sub-optimal solutions that serve to impede the evolution and maintenance of a system. Some claim that the broken windows theory (BWT), a concept borrowed from criminology, also applies to software development projects. The theory states that the presence of indications of previous crime (such as a broken window) will increase the likelihood of further criminal activity; TD could be considered the broken windows of software systems. To empirically investigate the causal relationship between the TD density of a system and the propensity of developers to introduce new TD during the extension of that system. The study used a mixed-methods research strategy consisting of a controlled experiment with an accompanying survey and follow-up interviews. The experiment had a total of 29 developers of varying experience levels completing system extension tasks in already existing systems with high or low TD density. The analysis revealed significant effects of TD level on the subjects’ tendency to re-implement (rather than reuse) functionality, choose non-descriptive variable names, and introduce other code smells identified by the software tool SonarQube, all with at least 95%\documentclass[12pt]{minimal} \usepackage{amsmath} \usepackage{wasysym} \usepackage{amsfonts} \usepackage{amssymb} \usepackage{amsbsy} \usepackage{mathrsfs} \usepackage{upgreek} \setlength{\oddsidemargin}{-69pt} \begin{document}$$95\%$$\end{document} credible intervals. Three separate significant results along with a validating qualitative result combine to form substantial evidence of the BWT’s existence in software engineering contexts. This study finds that existing TD can have a major impact on developers propensity to introduce new TD of various types during development.",2022.0,Empirical Software Engineering,empirical software engineering,A
6e0f0302b032416b9ecc9166bea52b8c99d44744,"""Refactoring"" Refactoring","Code refactoring’s primary impetus is to control technical debt, a metaphor for the cost in software development due to the extraneous human effort needed to resolve confusing, obfuscatory, or hastily-crafted program code. While these issues are often described as causing “bad smells,” not all bad smells emanate from the code itself. Some (often the most pungent and costly) originate in the formation, or expressions, of the antecedent intensions the software proposes to satisfy. Paying down such technical debt requires more than grammatical manipulations of the code. Rather, refactoring in this case must attend to a more inclusive perspective; particularly how stakeholders perceive the artifact; and their conception of quality – their appreciative system. First, this paper explores refactoring as an evolutionary design activity. Second, we generalize, or “refactor,” the concept of code refactoring, beyond changes to code structure, to improving design quality by incorporating the stakeholders’ experience of the artifact as it relates to their intensions. Third, we integrate this refactored refactoring as the organizing principle of design as a reflective practice. The objective is to improve the clarity, understandability, maintainability, and extensibility manifest in the stakeholder intensions, in the artifact, and in their interrelationship!",2017.0,Hawaii International Conference on System Sciences,hawaii international conference on system sciences,A
71d5b576592f5a58bdddf05bebdcacfc9e884653,Quick remedy commits and their impact on mining software repositories,"Most changes during software maintenance and evolution are not atomic changes, but rather the result of several related changes affecting different parts of the code. It may happen that developers omit needed changes, thus leaving a task partially unfinished, introducing technical debt or injecting bugs. We present a study investigating “quick remedy commits” performed by developers to implement changes omitted in previous commits. With quick remedy commits we refer to commits that (i) quickly follow a commit performed by the same developer, and (ii) aim at remedying issues introduced as the result of code changes omitted in the previous commit (e.g., fix references to code components that have been broken as a consequence of a rename refactoring) or simply improve the previously committed change (e.g., improve the name of a newly introduced variable). Through a manual analysis of 500 quick remedy commits, we define a taxonomy categorizing the types of changes that developers tend to omit. The taxonomy can (i) guide the development of tools aimed at detecting omitted changes and (ii) help researchers in identifying corner cases that must be properly handled. For example, one of the categories in our taxonomy groups the reverted commits, meaning changes that are undone in a subsequent commit. We show that not accounting for such commits when mining software repositories can undermine one’s findings. In particular, our results show that considering completely reverted commits when mining software repositories accounts, on average, for 0.07 and 0.27 noisy data points when dealing with two typical MSR data collection tasks (i.e., bug-fixing commits identification and refactoring operations mining, respectively).",2021.0,Empirical Software Engineering,empirical software engineering,A
75db1aee7a8fa9b5463bd55bdbc06adb512722b7,A Large-Scale Empirical Evaluation of LLMs for Automated Self-Admitted Technical Debt Repayment,"Self-Admitted Technical Debt (SATD), cases where developers intentionally acknowledge suboptimal solutions in code through comments, poses a significant challenge to software maintainability. Left unresolved, SATD can degrade code quality, increase maintenance costs, and hinder long-term software sustainability. Manually identifying and resolving SATD is time-consuming and error-prone, often competing with feature development and release deadlines. Automating SATD repayment is therefore essential to alleviate developer burden. While Large Language Models (LLMs) have shown promise in tasks like code generation and program repair, their potential in automated SATD repayment remains underexplored. In this paper, we identify three key technical challenges in training and evaluating LLMs for SATD repayment: (1) dataset representativeness and scalability, (2) removal of irrelevant SATD repayment samples, and (3) limitations of existing evaluation metrics, i.e., BLEU and CrystalBLEU. To address the first two dataset-related challenges, we adopt a language-independent SATD tracing tool and design a 10-step filtering pipeline to extract SATD repayments from repository commit histories, leveraging LLM-as-judge for relevance filtering. This results in two new large-scale SATD repayment datasets: 58,722 items for Python and 97,347 items for Java. To improve evaluation, we introduce two diff-based metrics, BLEU-diff and CrystalBLEU-diff, which measure code changes rather than whole code, thereby mitigating the impact of SATD-irrelevant source code. Additionally, we propose a new metric, Line-Level Exact Match on Diff (LEMOD), which is both interpretable and informative, providing fine-grained insights into SATD repayment quality. Using our new benchmarks and evaluation metrics, we evaluate two types of automated SATD repayment methods: fine-tuning smaller models (a few hundred million parameters) and prompt engineering with large-scale models, including four SOTA open-source LLMs and GPT-4o-mini. Our results reveal that while fine-tuned smaller models achieve Exact Match (EM) scores comparable to prompt-based approaches, they underperform on BLEU-based metrics and LEMOD. The best EM performance is achieved by Gemma-2-9B, correctly addressing 10.1% of Python SATDs and 8.1% of Java SATDs with a simple prompt. The only previous study in this domain focused solely on Java, achieving an EM score of 2.3%. When using BLEU-diff, CrystalBLEU-diff, and LEMOD metrics, Llama-3.1-70B-Instruct and GPT-4o-mini deliver the highest performance. While our three proposed metrics demonstrate strong correlations with EM (0.65~0.84), both BLEU and CrystalBLEU show almost no correlation with this intuitive metric (0.01~0.08), highlighting their largely unpredictable behavior when applied directly to the entire code rather than the diff. Our work contributes a robust benchmark, improved evaluation metrics, and a comprehensive evaluation of LLMs, advancing research on automated SATD repayment.",2026.0,ACM Transactions on Software Engineering and Methodology,transactions on software engineering and methodology,A*
7756ef763dd2003ab13f344e19c7d603fbf86802,Leveraging Context Information for Self-Admitted Technical Debt Detection,"Self-Admitted Technical Debt (SATD) refers to nonoptimal software design or implementation that is acknowledged and explicitly documented in the code by developers. Detecting SATD and understanding its evolution can help developers better manage their development activities and monitor the software quality. In recent years, numerous approaches have been proposed to automatically identify SATD. However, these approaches still suffer from a high number of false positives (i.e., non-SATD comments being detected as SATD). To further advance this field, in this paper, we conduct an empirical study to evaluate the performance of the state-of-theart SATD detection tools and investigate the causes behind the false positives. By manually analyzing 135 false positive cases, we identify the main types of comments that are easily misclassified. To address this issue, we propose a new approach, CASTI, which integrates context information into CodeBERT, a pre-trained model for programming languages. Our evaluation demonstrates that CASTI can significantly reduce the false positives and that the context information does help improve the performance.",2025.0,IEEE International Conference on Program Comprehension,program comprehension,A
778f087808b5e4d9b57a0e8aa80ef93068ee138d,The entrepreneurial logic of startup software development: A study of 40 software startups,"Software startups are an essential source of innovation and software-intensive products. The need to understand product development in startups and to provide relevant support are highlighted in software research. While state-of-the-art literature reveals how startups develop their software, the reasons why they adopt these activities are underexplored. This study investigates the tactics behind software engineering (SE) activities by analyzing key engineering events during startup journeys. We explore how entrepreneurial mindsets may be associated with SE knowledge areas and with each startup case. Our theoretical foundation is based on causation and effectuation models. We conducted semi-structured interviews with 40 software startups. We used two-round open coding and thematic analysis to describe and identify entrepreneurial software development patterns. Additionally, we calculated an effectuation index for each startup case. We identified 621 events merged into 32 codes of entrepreneurial logic in SE from the sample. We found a systemic occurrence of the logic in all areas of SE activities. Minimum Viable Product (MVP), Technical Debt (TD), and Customer Involvement (CI) tend to be associated with effectual logic, while testing activities at different levels are associated with causal logic. The effectuation index revealed that startups are either effectuation-driven or mixed-logics-driven. Software startups fall into two types that differentiate between how traditional SE approaches may apply to them. Effectuation seems the most relevant and essential model for explaining and developing suitable SE practices for software startups.",2021.0,Empirical Software Engineering,empirical software engineering,A
77ff58544ea3bd7ab1ebef48bc3749025be5ab8a,Estimating Technical Debt Through Changes Related to Code Smells in the Evolution of Software Projects,"Technical debt and code smells are related concepts used to describe the trade-offs and consequences of suboptimal coding practices. Leaving code smells in the code means that developers choose a quick solution instead of the optimal code, and this can be a sign of technical debt or the implied cost of additional work during maintenance. Technical debt measurement must be applied to better manage code smells during the evolution of a software project. However, existing approaches to measuring the principal, i.e., the effort required to refactor the suboptimal code to pay off the debt, are limited, such that the effort measurement is coarse-grained or insensitive to the characteristics of code smell instances and their changes over time. Moreover, none of the existing approaches measure the interest, i.e., the extra effort developers spend understanding or working around code smells during maintenance. This research presents a method to estimate technical debt in terms of the effort to pay off the principal and the effort that has been paid for the interest. The method comprises a set of fine-grained metrics for measuring the sizes of change activities that are related to code smells in each version of the software project history. The sizes of change activities are then applied to a maintenance effort estimation model to determine the principal and interest. An experiment compared the application of two maintenance effort estimation models, COCOMO II and Change Acceptance Analysis (CAA), to the proposed method and suggested COCOMO II for technical debt estimation.",2025.0,IEEE Access,access,A
78861f8e3902ad888035b6fb38b74e6c32aa414d,Does Editing Improve Answer Quality on Stack Overflow? A Data-Driven Investigation,"High-quality answers in technical Q&A platforms like Stack Overflow (SO) are crucial as they directly influence software development practices. Poor-quality answers can introduce inefficiencies, bugs, and security vulnerabilities, and thus increase maintenance costs and technical debt in production software. To improve content quality, SO allows collaborative editing, where users revise answers to enhance clarity, correctness, and formatting. Several studies have examined rejected edits and identified the causes of rejection. However, prior research has not systematically assessed whether accepted edits enhance key quality dimensions. While one study investigated the impact of edits on $\mathrm{C} / \mathrm{C}++$ vulnerabilities, broader quality aspects remain unexplored. In this study, we analyze 94,994 Python-related answers that have at least one accepted edit to determine whether edits improve (1) semantic relevance, (2) code usability, (3) code complexity, (4) security vulnerabilities, (5) code optimization, and (6) readability. Our findings show both positive and negative effects of edits. While 53.3% of edits improve how well answers match questions, 38.1% make them less relevant. Some previously broken code (9%) becomes executable, yet working code (14.7%) turns non-parsable after edits. Many edits increase complexity (32.3%), making code harder to maintain. Instead of fixing security issues, 20.5% of edits introduce additional issues. Even though 51.0% of edits optimize performance, execution time still increases overall. Readability also suffers, as 49.7% of edits make code harder to read. This study highlights the inconsistencies in editing outcomes and provides insights into how edits impact software maintainability, security, and efficiency that might caution users and moderators and help future improvements in collaborative editing systems.",2025.0,IEEE International Conference on Software Maintenance and Evolution,software maintenance and evolution,A
80d375f0c9ce40b053968e0f4c33df593ef3c867,Surveying Software Practitioners on Technical Debt Payment Practices and Reasons for not Paying off Debt Items,"Background: Little is known about the practices used for technical debt (TD) payment. The study of payment practices, as well as the reasons for not applying them, can help practitioners to control and manage TD items. Aims: To investigate, from the point of view of software practitioners, if TD items have been paid off in software projects, the practices that have been used to pay off TD and the reasons that hamper the implementation of these practices. Method: We analyzed - both quantitatively and qualitatively - a corpus of responses from a survey of 432 practitioners, from four countries, about the possibility of TD payment. Results: We found that, for most of the cases, TD items have not been eliminated from software projects. The main reasons for not paying off TD are lack of organizational interest, low priority on the debt, focus on short-term goals, cost, and lack of time. On the other hand, we identified that code refactoring, design refactoring, and update system documentation are the most used practices for TD payment. Practitioners also cited practices related to the prevention, prioritization, and creation of a favorable setting as part of TD payment initiatives. Conclusion: This paper summarizes the identified practices and reasons for not paying off debt items in a map. Our map reveals that the majority of payment practices are of a technical nature while the majority of reasons for not paying off debts are associated with non-technical issues.",2020.0,International Conference on Evaluation & Assessment in Software Engineering,evaluation and assessment in software engineering,A
8530974d720fb85e747a0df8a562e5d07b7e05d4,Toward Automated Detecting Unanticipated Price Feed in Smart Contract,"Decentralized finance (DeFi) based on smart contracts has reached a total value locked (TVL) of over USD 200 billion in 2022. In DeFi ecosystems, price oracles play a critical role in providing real-time price feeds for cryptocurrencies to ensure accurate asset pricing in smart contracts. However, the price oracle also faces security issues, including the possibility of unanticipated price feeds, which can lead to imbalances in debt and assets in the DeFi protocol. However, existing solutions cannot effectively combine transactions and code for real-time monitoring of price oracles. To address this limitation, we first categorize price oracles as either DON oracles, DEX oracles, or internal oracles based on trusted parties, and analyze their security risks, data sources, price duration, and query fees. Then, we propose VeriOracle, a formal verification framework for the automated detection of unanticipated price feeds in smart contracts. VeriOracle can deploy a formal semantic model of the price oracle on the blockchain to detect the status of smart contracts and identify unanticipated price feed transactions in real time. We apply VeriOracle to verify over 500,000 transactions of 13 vulnerable DeFi protocols in the real world. The experimental results show that (1) VeriOracle is effective and it can detect unanticipated price feeds before DeFi attacks (33,714 blocks ahead of the attacker in the best case); (2) VeriOracle is efficient in that its verification time (about 4s) is less than the block time of Ethereum (about 14s), which means VeriOracle can detect unsafe transactions in real time; and (3) VeriOracle is extendable for verifying defense strategies. Attacks using unanticipated price feeds can only succeed in particular smart contract states. VeriOracle can verify which smart contract states can defend against attacks.",2023.0,International Symposium on Software Testing and Analysis,software testing and analysis,A
86307d2d7fb734deaa6660ed22d155385ce7fb58,Self-Admitted Technical Debt Removal and Refactoring Actions: Co-Occurrence or More?,"Technical Debt (TD) concerns the lack of an adequate solution in a software project, from its design to the source code. Its admittance through comments or commit messages is referred to as Self-Admitted Technical Debt (SATD). Previous research has studied SATD from different perspectives, including its distribution, impact on software quality, and removal. In this paper, we investigate the relationship between refactorings and SATD removal. By leveraging a dataset of SATD and their removals in four open-source projects and by using an automated refactoring detection tool, we study the co-occurrence of refactorings and SATD removals. Results of the study indicate that refactorings are more likely to co-occur with SATD removals than with other commits, however, in most cases, they belong to different quality improvement activities performed at the same time.",2019.0,IEEE International Conference on Software Maintenance and Evolution,software maintenance and evolution,A
864fac3e7cc1849d0c94bbb559709d7e82cdf80b,Just-In-Time TODO-Missed Commits Detection,"TODO comments play an important role in helping developers to manage their tasks and communicate with other team members. TODO comments are often introduced by developers as a type of technical debt, such as a reminder to add/remove features or a request to optimize the code implementations. These can all be considered as notifications for developers to revisit regarding the current suboptimal solutions. TODO comments often bring short-term benefits – higher productivity or shorter development cost – and indicate attention needs to be paid for the long-term software quality. Unfortunately, due to their lack of knowledge or experience and/or the time constraints, developers sometimes may forget or even not be aware of suboptimal implementations. The loss of the TODO comments for these suboptimal solutions may hurt the software quality and reliability in the long-term. Therefore it is beneficial to remind the developers of the suboptimal solutions whenever they change the code. In this work, we refer this problem to the task of detecting TODO-missed commits, and we propose a novel approach named TDReminder (TODO comment Reminder) to address the task. With the help of TDReminder, developers can identify possible missing TODO commits just-in-time when submitting a commit. Our approach has two phases: offline training and online inference. We first embed code change and commit message into contextual vector representations using two neural encoders respectively. The association between these representations is learned by our model automatically. In the online inference phase, TDReminder leverages the trained model to compute the likelihood of a commit being a TODO-missed commit. We evaluate TDReminder on datasets crawled from 10k popular Python and Java repositories in GitHub respectively. Our experimental results show that TDReminder outperforms a set of benchmarks by a large margin in TODO-missed commits detection. Moreover, to better help developers use TDReminder in practice, we have incorporated Large Language Models (LLMs) with our approach to provide explainable recommendations. The user study shows that our tool can effectively inform developers not only “when” to add TODOs, but also “where” and “what” TODOs should be added, verifying the value of our tool in practical application.",2024.0,IEEE Transactions on Software Engineering,transactions on software engineering,A*
86e0b85db2ad60d2adac2da411b910a0c0557975,Wait for it: identifying “On-Hold” self-admitted technical debt,"Self-admitted technical debt refers to situations where a software developer knows that their current implementation is not optimal and indicates this using a source code comment. In this work, we hypothesize that it is possible to develop automated techniques to understand a subset of these comments in more detail, and to propose tool support that can help developers manage self-admitted technical debt more effectively. Based on a qualitative study of 333 comments indicating self-admitted technical debt, we first identify one particular class of debt amenable to automated management: on-hold self-admitted technical debt (on-hold SATD), i.e., debt which contains a condition to indicate that a developer is waiting for a certain event or an updated functionality having been implemented elsewhere. We then design and evaluate an automated classifier which can identify these on-hold instances with an area under the receiver operating characteristic curve (AUC) of 0.98 as well as detect the specific conditions that developers are waiting for. Our work presents a first step towards automated tool support that is able to indicate when certain instances of self-admitted technical debt are ready to be addressed.",2019.0,Empirical Software Engineering,empirical software engineering,A
8f24f839cb98ce03f6e9c0a2dcac6169b4e45748,Why do builds fail? - A conceptual replication study,"Previous studies have investigated a wide range of factors potentially explaining software build breakages, focusing primarily on build-triggering code changes or previous CI outcomes. However, code quality factors such as the presence of code/test smells have not been yet evaluated in the context of CI, even though such factors have been linked to problems of comprehension and technical debt, and hence might introduce bugs and build breakages. This paper performs a conceptual replication study on 27,675 Travis CI builds of 15 GitHub projects, considering the features reported by Rausch et al. and Zolfagharinia et al., as well as those related to code/test smells. Using a multivariate model constructed from nine dimensions of features, results indicate a precision (recall) ranging between 58.3% and 79.0% (52.4% and 69.6%) in balanced project datasets, and between 2.5% and 37.5% (2.5% and 12.4%) in imbalanced project datasets. Models trained on our balanced project datasets were later used to perform cross-project prediction on the imbalanced projects, achieving an average improvement of 9.3% (16.2%) in precision (recall). Statistically, the results conﬁrm that features from the build history, author, code complexity, and code/test smell dimensions are the most important predictors of build failures.",2021.0,Journal of Systems and Software,journal of systems and software,A
9813e43f7b558d0e1d4f1d6d105623aa5098f142,Are Static Analysis Violations Really Fixed? A Closer Look at Realistic Usage of SonarQube,"The use of automatic static analysis tools (ASATs) has gained increasing attention in the last few years. Even though available research have already explored ASATs issues and how they are fixed, these studies rely on revisions of the software, instead of mining real usage of these tools and real issue reports. In this paper we contribute with a comprehensive, multi-method study about the usage of SonarQube (a popular static analysis tool), mining 421,976 issues from 246 projects in four different instance of SonarQube: two hosted in open-source communities (Eclipse and Apache) and two hosted in Brazilian government institutions (Brazilian Court of Account (TCU) and Brazilian Federal Police (PF)). We first surveyed team leaders of the analyzed projects and found that they mostly consider ASATs warning messages as relevant for overall software improvement. Second, we found that both Eclipse and TCU employ highly customized instance of SonarQube, with more than one thousand distinct checkers–though just a subset of these checkers actually led to issues' reports. Surprisingly, we found a low resolution rate per project in all organizations–on average, 13% of the issues have been solved in the systems. We conjecture that just a subset of the checkers reveal real design and coding flaws, and this might artificially increase the technical debt of the systems. Nevertheless, considering all systems, there is a central tendency(median) of fixing issues after 18.99 days they had been reported, faster than the period for fixing bugs as reported in previous studies.",2019.0,IEEE International Conference on Program Comprehension,program comprehension,A
99978e857467a1ee7d084c696e7537a80d16aca0,An exploratory study on automatic identification of assumptions in the development of deep learning frameworks,"Stakeholders constantly make assumptions in the development of deep learning (DL) frameworks. These assumptions are related to various types of software artifacts (e.g., requirements, design decisions, and technical debt) and can turn out to be invalid, leading to system failures. Existing approaches and tools for assumption management usually depend on manual identification of assumptions. However, assumptions are scattered in various sources (e.g., code comments, commits, pull requests, and issues) of DL framework development, and manually identifying assumptions has high costs. This study intends to evaluate different classification models for the purpose of identification with respect to assumptions from the point of view of developers and users in the context of DL framework projects (i.e., issues, pull requests, and commits) on GitHub. First, we constructed a new and largest dataset (i.e., the AssuEval dataset) of assumptions collected from the TensorFlow and Keras repositories on GitHub. Then we explored the performance of seven non-transformers based models (e.g., Support Vector Machine, Classification and Regression Trees), the ALBERT model, and three decoder-only models (i.e., ChatGPT, Claude, and Gemini) for identifying assumptions on the AssuEval dataset. The study results show that ALBERT achieves the best performance (f1-score: 0.9584) for identifying assumptions on the AssuEval dataset, which is much better than the other models (the 2nd best f1-score is 0.8858, achieved by the Claude 3.5 Sonnet model). Though ChatGPT, Claude, and Gemini are popular models, we do not recommend using them to identify assumptions in DL framework development because of their low performance. Fine-tuning ChatGPT, Claude, Gemini, or other language models (e.g., Llama3, Falcon, and BLOOM) specifically for assumptions might improve their performance for assumption identification.",2024.0,Science of Computer Programming,science of computer programming,A
99fc614bb482c84246fda9fbd0ab2bf6ef1b22c6,Self-Admitted Technical Debt in Ethereum Smart Contracts: A Large-Scale Exploratory Study,"Programmable blockchain platforms such as Ethereum offer unique benefits to application development, including a decentralized infrastructure, tamper-proof transactions, and auditability. These benefits enable new types of applications that can bring competitive advantage to several business segments. Nonetheless, the pressure of time-to-market combined with relatively immature development technologies (e.g., the Solidity programming language), lack of high-quality training resources, and an unclear roadmap for Ethereum creates a context that favors the introduction of technical debt (e.g., code hacks, workarounds, and suboptimal implementations) into application code. In this paper, we study self-admitted technical debt (SATD) in smart contracts. SATD refers to technical debt that is explicitly acknowledged in the source code by developers via code comments. We extract 726 k real-world contracts from Ethereum and apply both quantitative and qualitative methods in order to (i) determine SATD prevalence, (ii) understand the relationship between code cloning and SATD prevalence, and (iii) uncover the different categories of SATD. Our findings reveal that, while SATD is not a widespread phenomenon (1.5% of real-world contracts contain SATD), SATD does occur in extremely relevant contracts (e.g., multi-million contracts). We also observed a strong connection between SATD prevalence and code cloning activities, leading us to conclude that the former cannot be reliably studied without taking the latter into consideration. Finally, we produced a taxonomy for SATD that consists of 6 major and 26 minor categories. We note that several minor categories are bound to the domain of blockchain and smart contracts, including gas-inefficient implementations and Solidity-induced workarounds. Based on our results, we derive a set of practical recommendations for contract developers and introduce open research questions to guide future research on the topic.",2023.0,IEEE Transactions on Software Engineering,transactions on software engineering,A*
9de12199d6777bf23e8fd72e05f6a53f69c4e78f,Refactoring in Computational Notebooks,"Due to the exploratory nature of computational notebook development, a notebook can be extensively evolved even though it is small, potentially incurring substantial technical debt. Indeed, in interview studies notebook authors have attested to performing ongoing tidying and big cleanups. However, many notebook authors are not trained as software developers, and environments like JupyterLab possess few features to aid notebook maintenance. As software refactoring is traditionally a critical tool for reducing technical debt, we sought to better understand the unique and growing ecology of computational notebooks by investigating the refactoring of public Jupyter notebooks. We randomly selected 15,000 Jupyter notebooks hosted on GitHub and studied 200 with meaningful commit histories. We found that notebook authors do refactor, favoring a few basic classic refactorings as well as those involving the notebook cell construct. Those with a computing background refactored differently than others, but not more so. Exploration-focused notebooks had a unique refactoring profile compared to more exposition-focused notebooks. Authors more often refactored their code as they went along, rather than deferring maintenance to big cleanups. These findings point to refactoring being intrinsic to notebook development.",2022.0,ACM Transactions on Software Engineering and Methodology,transactions on software engineering and methodology,A*
a4d0a6ae1c62c940c72f3c306b0643e93c8798d9,Governing the commons: code ownership and code-clones in large-scale software development,"In software development organizations employing weak or collective ownership, different teams are allowed and expected to autonomously perform changes in various components. This creates diversity both in the knowledge of, and in the responsibility for, individual components. Our objective is to understand how and why different teams introduce technical debt in the form of code clones as they change different components. We collected data about change size and clone introductions made by ten teams in eight components which was part of a large industrial software system. We then designed a Multi-Level Generalized Linear Model (MLGLM), to illustrate the teams’ differing behavior. Finally, we discussed the results with three development teams, plus line manager and the architect team, evaluating whether the model inferences aligned with what they expected. Responses were recorded and thematically coded. The results show that teams do behave differently in different components, and the feedback from the teams indicates that this method of illustrating team behavior can be useful as a complement to traditional summary statistics of ownership. We find that our model-based approach produces useful visualizations of team introductions of code clones as they change different components. Practitioners stated that the visualizations gave them insights that were useful, and by comparing with an average team, inter-team comparisons can be avoided. Thus, this has the potential to be a useful feedback tool for teams in software development organizations that employ weak or collective ownership.",2024.0,Empirical Software Engineering,empirical software engineering,A
a5d4bd9a048b4bcd132f657b88059ebae12410fd,Quantifying and characterizing clones of self-admitted technical debt in build systems,"Self-Admitted Technical Debt (SATD) annotates development decisions that intentionally exchange long-term software artifact quality for short-term goals. Recent work explores the existence of SATD clones (duplicate or near duplicate SATD comments) in source code. Cloning of SATD in build systems (e.g., CMake and Maven) may propagate suboptimal design choices, threatening qualities of the build system that stakeholders rely upon (e.g., maintainability, reliability, repeatability). Hence, we conduct a large-scale study on 50,608 SATD comments extracted from Autotools, CMake, Maven, and Ant build systems to investigate the prevalence of SATD clones and to characterize their incidences. We observe that: (i) prior work suggests that 41–65% of SATD comments in source code are clones, but in our studied build system context, the rates range from 62% to 95%, suggesting that SATD clones are a more prevalent phenomenon in build systems than in source code; (ii) statements surrounding SATD clones are highly similar, with 76% of occurrences having similarity scores greater than 0.8; (iii) a quarter of SATD clones are introduced by the author of the original SATD statements; and (iv) among the most commonly cloned SATD comments, external factors (e.g., platform and tool configuration) are the most frequent locations, limitations in tools and libraries are the most frequent causes, and developers often copy SATD comments that describe issues to be fixed later. Our work presents the first step toward systematically understanding SATD clones in build systems and opens up avenues for future work, such as distinguishing different SATD clone behavior, as well as designing an automated recommendation system for repaying SATD effectively based on resolved clones.",2024.0,Empirical Software Engineering,empirical software engineering,A
a6f1ac4bc20b28de3c42e2c88a776edd3c893487,Ghost Echoes Revealed: Benchmarking Maintainability Metrics and Machine Learning Predictions Against Human Assessments,"As generative AI is expected to increase global code volumes, the importance of maintainability from a human perspective will become even greater. Various methods have been developed to identify the most important maintainability issues, including aggregated metrics and advanced Machine Learning (ML) models. This study benchmarks several maintainability prediction approaches, including State-of-the-Art (Sot$A$) ML, SonarQube's Maintainability Rating, CodeScene's Code Health, and Microsoft's Maintainability Index. Our results indicate that CodeScene matches the accuracy of SotA ML and outperforms the average human expert. Importantly, unlike SotA ML, Code-Scene also provides end users with actionable code smell details to remedy identified issues. Finally, caution is advised with SonarQube due to its tendency to generate many false positives. Unfortunately, our findings call into question the validity of previous studies that solely relied on SonarQube output for establishing ground truth labels. To improve reliability in future maintainability and technical debt studies, we recommend em-ploying more accurate metrics. Moreover, reevaluating previous findings with Code Health would mitigate this revealed validity threat.",2024.0,IEEE International Conference on Software Maintenance and Evolution,software maintenance and evolution,A
a70943612074530cd56d4b178c388a4afb9e3e30,An empirical study on self-admitted technical debt in modern code review,"Technical debt is a sub-optimal state of development in projects. In particular, the type of technical debt incurred by developers themselves (e.g., comments that mean the implementation is imperfect and should be replaced with another implementation) is called self-admitted technical debt (SATD). In theory, technical debt should not be left for a long period because it accumulates more cost over time, making it more diﬃcult to process. Accordingly, developers have traditionally conducted code reviews to ﬁnd technical debt. In fact, we observe that many SATD comments are often introduced during modern code reviews (MCR) that are light-weight reviews with web applications. However, it is uncertain about the nature of SATD comments that are introduced in the review process: impact, frequency, characteristics, and triggers. Herein, this study empirically examines the relationship between SATD and MCR. Our case study of 156,372 review records from the Qt and OpenStack systems shows that (i) review records involving SATD are about 6–7% less likely to be accepted by reviews than those without SATD; (ii) review records involving SATD tend to require two to three more revisions compared with those without SATD; (iii) 28–48% of SATD comments are introduced during code reviews; (iv) SATD during reviews works for communicating between authors and reviewers; and (v) 20% of the SATD comments are introduced due to reviewers’ requests.",2022.0,Information and Software Technology,information and software technology,A
a7e087113e2f88d53b21a209e13cf70580fdfbd2,Crowdsmelling: A preliminary study on using collective knowledge in code smells detection,"Code smells are seen as major source of technical debt and, as such, should be detected and removed. However, researchers argue that the subjectiveness of the code smells detection process is a major hindrance to mitigate the problem of smells-infected code. This paper presents the results of a validation experiment for the Crowdsmelling approach proposed earlier. The latter is based on supervised machine learning techniques, where the wisdom of the crowd (of software developers) is used to collectively calibrate code smells detection algorithms, thereby lessening the subjectivity issue. In the context of three consecutive years of a Software Engineering course, a total “crowd” of around a hundred teams, with an average of three members each, classified the presence of 3 code smells (Long Method, God Class, and Feature Envy) in Java source code. These classifications were the basis of the oracles used for training six machine learning algorithms. Over one hundred models were generated and evaluated to determine which machine learning algorithms had the best performance in detecting each of the aforementioned code smells. Good performances were obtained for God Class detection (ROC= 0.896 for Naive Bayes) and Long Method detection (ROC= 0.870 for AdaBoostM1), but much lower for Feature Envy (ROC= 0.570 for Random Forrest). The results suggest that Crowdsmelling is a feasible approach for the detection of code smells. Further validation experiments based on dynamic learning are required to a comprehensive coverage of code smells to increase external validity.",2020.0,Empirical Software Engineering,empirical software engineering,A
a80abce3b32bad9a9b7708f7bcea4de123ae4467,SoHist: A Tool for Managing Technical Debt through Retro Perspective Code Analysis,"Technical debt is often the result of Short Run decisions made during code development, which can lead to long-term maintenance costs and risks. Hence, evaluating the progression of a project and understanding related code quality aspects is essential. Fortunately, the prioritization process for addressing technical debt can be expedited with code analysis tools like the established SonarQube. Unfortunately, we experienced some limitations with this tool and have had some requirements from the industry that were not yet addressed. Through this experience report and the analysis of scientific papers, this work contributes: (1) a reassessment of technical debt within the industry, (2) considers the benefits of employing SonarQube as well as its limitations when evaluating and prioritizing technical debt, (3) introduces a novel tool named SoHist which addresses these limitations and offers additional features for the assessment and prioritization of technical debt, and (4) exemplifies the usage of this tool in two industrial settings in the ITEA3 SmartDelta project.",2023.0,International Conference on Evaluation & Assessment in Software Engineering,evaluation and assessment in software engineering,A
ad0819ece7a3e5d49f0f25b288a6a69e439cfd9e,Multiclass Classification for Self-Admitted Technical Debt Based on XGBoost,"In software development, due to the demands from users or the limitations of time and resources, developers tend to adopt suboptimal solutions to achieve quick software development. In such a way, the released software usually involves not-quite-right code that is called technical debt, which will significantly decrease the quality of software and increase the maintenance cost. Recently, the concept of self-admitted technical debt (SATD) is proposed and refers to technical debt that is self-admitted by developers in code comments. Existing studies mainly focus on detecting technical debt by classifying code comments into either “SATD” or “non-SATD.” However, different types of SATD has different impacts on software maintenance and needs to be handled by different developers. Therefore, the detected SATD should be further classified so that developers can understand and remove technical debt better. In this article, we propose a new method based on eXtreme Gradient Boosting (XGBoost) to classify SATD into multiple classes. In our approach, we first preprocess the original code comments and adopt the easy data augmentation strategy to overcome the class unbalance problem. Then, chi-square is leveraged to select representative features from the textual feature set. Finally, we apply XGBoost to train a classifier and use the trained classifier to partition each comment into the corresponding class. We experimentally investigate the effectiveness of our approach on a public dataset, including 62 566 code comments from 10 open-source projects. Experimental results show that our approach achieves 56.66% in terms of macroaveraged precision, 59.07% in terms of macroaveraged recall, and 55.77% in terms of macroaveraged F-measure on average, and outperforms the natural language processing based method by 4.98%, 5.32%, and 3.17%, respectively. In addition, the experimental results also demonstrate that the data augmentation strategy is effective in improving the effectiveness of our approach.",2022.0,IEEE Transactions on Reliability,transactions on reliability,A
ae3426dd85a679f8ec8c81eab4444b1659daa9d7,Identifying self-admitted technical debt in issue tracking systems using machine learning,"Technical debt is a metaphor indicating sub-optimal solutions implemented for short-term benefits by sacrificing the long-term maintainability and evolvability of software. A special type of technical debt is explicitly admitted by software engineers (e.g. using a TODO comment); this is called Self-Admitted Technical Debt or SATD. Most work on automatically identifying SATD focuses on source code comments. In addition to source code comments, issue tracking systems have shown to be another rich source of SATD, but there are no approaches specifically for automatically identifying SATD in issues. In this paper, we first create a training dataset by collecting and manually analyzing 4,200 issues (that break down to 23,180 sections of issues) from seven open-source projects (i.e., Camel, Chromium, Gerrit, Hadoop, HBase, Impala, and Thrift) using two popular issue tracking systems (i.e., Jira and Google Monorail). We then propose and optimize an approach for automatically identifying SATD in issue tracking systems using machine learning. Our findings indicate that: 1) our approach outperforms baseline approaches by a wide margin with regard to the F1-score; 2) transferring knowledge from suitable datasets can improve the predictive performance of our approach; 3) extracted SATD keywords are intuitive and potentially indicating types and indicators of SATD; 4) projects using different issue tracking systems have less common SATD keywords compared to projects using the same issue tracking system; 5) a small amount of training data is needed to achieve good accuracy.",2022.0,Empirical Software Engineering,empirical software engineering,A
ae44aa57f0c41a505c4f884f5d2626697933a87d,Leveraging Multi-Task Learning to Improve the Detection of SATD and Vulnerability,"Multi-task learning is a paradigm that leverages information from related tasks to improve the performance of machine learning. Self-Admitted Technical Debt (SATD) are comments in the code that indicate not-quite-right code introduced for short-term needs, i.e., technical debt (TD). Previous research has provided evidence of a possible relationship between SATD and the existence of vulnerabilities in the code. In this work, we investigate if multi-task learning could leverage the information shared between SATD and vulnerabilities to improve the automatic detection of these issues. To this aim, we implemented VulSATD, a deep learner that detects vulnerable and SATD code based on CodeBERT, a pre-trained transformers model. We evaluated VulSATD on MADE-WIC, a fused dataset of functions annotated for TD (through SATD) and vulnerability. We compared the results using single and multi-task approaches, obtaining no significant differences even after employing a weighted loss. Our findings indicate the need for further investigation into the relationship between these two aspects of low-quality code. Specifically, it is possible that only a subset of technical debt is directly associated with security concerns. Therefore, the relationship between different types of technical debt and software vulnerabilities deserves future exploration and a deeper understanding.",2025.0,IEEE International Conference on Program Comprehension,program comprehension,A
aebebe6a528c8c29c2fee0b19c76a2866c19a9bb,Prioritizing Test Smells: An Empirical Evaluation of Quality Metrics and Developer Perceptions,"Test smells, suboptimal patterns in test code, impair software maintainability and reliability, especially in resourceconstrained open-source Python projects. While detection tools such as PyNose identify python-specific test smells, prioritizing them for refactoring remains a challenge due to the lack of test-specific frameworks. This study proposes a metric-driven approach that integrates Change Proneness (CP) and Fault Proneness (FP) metrics, computed via Spearman's rank correlation, to quantify maintenance and reliability risks across 15 test smells in 52 open-source Python projects. Complementing this, a survey of $\mathbf{4 5}$ developers captures subjective severity perceptions. By applying Martin Fowler's Technical Debt Quadrant, we classify smells based on empirical risk and developer insights into four categories, enabling better prioritization. Out of the 15 analyzed smells, Conditional Test Logic, Duplicate Assert, Obscure In-Line Setup, and Redundant Assertion belong to the highestpriority category for refactoring. These smells are characterized by both high empirical risk and strong developer agreement. This integrated framework advances test smell prioritization by combining data-driven analysis with practitioner perspectives, facilitating efficient refactoring decisions and improved test suite quality.",2025.0,IEEE International Conference on Software Maintenance and Evolution,software maintenance and evolution,A
b415aa07733973008c9175d0c92dea19778b5b09,Who (Self) Admits Technical Debt?,"Self-Admitted Technical Debt (SATD) are comments, left by developers in the source code or elsewhere, aimed at describing the presence of TD, i.e., source code ""not ready yet"". Although this was never stated in the original paper by Potdar and Shihab, the term SATD might suggest that it refers to a ""self-admission"" by whoever has written or changed the source code. This paper empirically investigates, using a curated SATD dataset from five Java open-source projects, (i) the extent to which SATD comments are introduced by authors different from those who have done last changes to the related source code, and (ii) when this happens, what is the level of ownership those developers have about the commented source code. Results of the study indicate that, depending on the project, the percentage of SATD admissions introduced or changed without modifying the related source code varies between 0% and 16%, and therefore represent a small, yet not negligible, phenomenon. The level of ownership of those developers is not particularly low, with a median value per project between 10% and 42%. This indicates the possible use of SATD as a different way to perform code review, although this behavior should be considered sub-optimal to the use of more traditional tools, which entail suitable notification mechanisms.",2020.0,IEEE International Conference on Software Maintenance and Evolution,software maintenance and evolution,A
b92d0ebc6257e579591f7fadc7f5ac1c3fbd4716,Predicting Vulnerable Code Changes Using Technical Debt Indicators,"Technical debt refers to the cost of delayed technical work and poor design choices in software systems. Software security focuses on protecting systems against vulnerabilities and exploits. In this study, we explore the relationship between technical debt and software vulnerabilities to understand how technical debt impacts software security. We collected real world data from six software projects, including code changes and corresponding vulnerabilities. We investigate various technical debt indicators, such as code smells, bugs, and software metrics, along with technical debt mitigation methods like refactoring activities, to predict vulnerabilities. The findings reveal a significant association between technical debt and vulnerabilities, highlighting the impact of technical debt on software security. We also identify specific artifacts, such as code smells, that contribute to the emergence of vulnerabilities. By understanding this relationship, software practitioners and project managers can gain insights into the risks associated with accumulated technical debt and take appropriate measures to enhance software security and quality.",2025.0,IEEE Access,access,A
bdcc8fc0df5f3459eeb8d7b2404945c404284050,CODE reuse in practice: Benefiting or harming technical debt,"Abstract During the last years the TD community is striving to offer methods and tools for reducing the amount of TD, but also understand the underlying concepts. One popular practice that still has not been investigated in the context of TD, is software reuse. The aim of this paper is to investigate the relation between white-box code reuse and TD principal and interest. In particular, we target at unveiling if the reuse of code can lead to software with better levels of TD. To achieve this goal, we performed a case study on approximately 400 OSS systems, comprised of 897 thousand classes, and compare the levels of TD for reused and natively-written classes. The results of the study suggest that reused code usually has less TD interest; however, the amount of principal in them is higher. A synthesized view of the aforementioned results suggest that software engineers shall opt to reuse code when necessary, since apart from the established reuse benefits (i.e., cost savings, increased productivity, etc.) are also getting benefits in terms of maintenance. Apart from understanding the phenomenon per se, the results of this study provide various implications to research and practice.",2020.0,Journal of Systems and Software,journal of systems and software,A
c0788c96a828828602e663e7d50d78a4bea61357,Forecasting the Principal of Code Technical Debt in JavaScript Applications,"JavaScript (JS) is one of the most popular programming languages for developing client-side applications mainly due to allowing the adoption of different programming styles, not having strict syntax rules, and supporting a plethora of frameworks. The flexibility that the language provides may accelerate the development of application, but also pose threats to the quality of the final software product, e.g., introducing Technical Debt (TD). TD reflects the additional cost of software maintenance activities to implement new features, occurring due to poorly developed solutions. Being able to forecast the levels of TD in the future can be extremely valuable in managing TD, since it can contribute to informed decision making when designating future repayments and refactoring budget among a company's projects. Despite the popularity of JS and the undoubtful benefits of accurate TD forecasting, in the literature, there is available only a limited number of tools and methodologies that are able to: (a) forecast TD during software evolution, (b) provide a ground-truth TD quantifications to train forecasting, since TD tools that are available are based on different rulesets and none is recognized as a state-of-the-art solution, (c) take into consideration the language-specific characteristics of JS. As a main contribution for this study, we propose a methodology (along with a supporting tool) that supports the aforementioned goals based on the Backward Stepwise Regression and Auto-Regressive Integrated Moving Average (ARIMA). We evaluate the proposed approach through a case study on 19,636 releases of 105 open-source applications. The results point out that: (a) the proposed model can lead to an accurate prediction of TD, and (b) the Number of appearances of the “new” and “eval” keyword along with the number of “anonymous” and “arrow” functions are among the features of JavaScript language that are related to high levels of TD.",2023.0,IEEE Transactions on Software Engineering,transactions on software engineering,A*
c0894faad40dc177856c2bff251e59d6614a5748,"Invisible Risks, Visible Code: A Vision for Understanding Ethical Debt in AI-Based Coding","Background: AI-based coding assistants such as GitHub Copilot, ChatGPT, and Amazon CodeWhisperer are transforming software development by automating tasks, generating code, and supporting prototyping. While these tools enhance productivity, they also pose ethical risks, including copyright violations, insecure code, and ambiguous accountability. Such risks may remain hidden during development but emerge later as legal, social, or technical liabilities. Existing constructs, such as technical debt, are insufficient to capture these challenges. Aims: This paper introduces and formalizes the concept of ethical debt—the accumulation of unresolved ethical risks in AI assisted software development. The objective is to conceptualize ethical debt as a distinct construct, identify its causes and consequences, and establish a research agenda for addressing it. Method: Inspired by the metaphor of technical debt, the paper develops a framework for ethical debt that defines its sources, manifestations, and outcomes. The proposed research program involves theorizing its dimensions, mapping accountability across developers, AI systems, and organizations, and designing empirical approaches for its detection and mitigation. Results: Illustrative cases and a structured research agenda demonstrate how ethical risks, typically invisible in early development, can be systematically surfaced and addressed. Conclusions: By framing hidden ethical risks as a form of debt, this work provides both a theoretical foundation and a practical pathway for responsible AI-enhanced software engineering. Ethical debt makes intangible risks visible and actionable, offering guidance for researchers, practitioners, and organizations to integrate ethical responsibility into modern software development.",2025.0,International Symposium on Empirical Software Engineering and Measurement,empirical software engineering and measurement,A
c18ed2512002e87d3a42d094cb595233dd8b44c6,Impacts of software community patterns on process and product: An empirical study,"Abstract Software engineering projects are now more than ever a community effort. In the recent past, researchers have shown that their success not only depends on source code quality, but also on other aspects like the balance of power distance, culture, and global engineering practices, and more. In such a scenario, understanding the characteristics of the community around a project and foresee possible problems may be the key to develop successful systems. In this paper, we focus on this research problem and propose an exploratory study on the relation between community patterns, i.e., recurrent mixes of organizational or social structure types, and aspects related to the quality of software products and processes. We first exploit association rule mining to discover frequent relations between community pattern and community smells, i.e., sub-optimal patterns across the organizational structure of a software development community that may be precursors of some form of social debt. Our findings show that different organizational patterns are connected to different forms of socio-technical problems; further on, specific combinations are set in equally specific contextual conditions. Findings support two possible conclusions: (1) practitioners should put in place specific preventive actions aimed at avoiding the emergence of community smells and (2) such actions should be drawn according to the contextual conditions of the organization and the project.",2022.0,Science of Computer Programming,science of computer programming,A
c1c9e67b27118c6dfe8d0c37141941ae814ea2e7,An empirical study on self-admitted technical debt in Dockerfiles,"In software development, ad hoc solutions that are intentionally implemented by developers are called self-admitted technical debt (SATD). Because the existence of SATD spreads poor implementations, it is necessary to remove it as soon as possible. Meanwhile, container virtualization has been attracting attention in recent years as a technology to support infrastructure such as servers. Currently, Docker is the de facto standard for container virtualization. In Docker, a file describing how to build a container (Dockerfile) is a set of procedural instructions; thus, it can be considered as a kind of source code. Moreover, because Docker is a relatively new technology, there are few developers who have accumulated good or bad practices for building Docker container. Hence, it is likely that Dockerfiles contain many SATDs, as is the case with general programming language source code analyzed in previous SATD studies. The goal of this paper is to categorize SATDs in Dockerfiles and to share knowledge with developers and researchers. To achieve this goal, we conducted a manual classification for SATDs in Dockerfile. We found that about 3.0% of the comments in Dockerfile are SATD. In addition, we have classified SATDs into five classes and eleven subclasses. Among them, there are some SATDs specific to Docker, such as SATDs for version fixing and for integrity check. The three most common classes of SATD were related to lowering maintainability, testing, and defects.",2022.0,Empirical Software Engineering,empirical software engineering,A
c959d5452db6f120d98b893146f277f866a844c4,A comparison of quality flaws and technical debt in model transformation specifications,"Abstract The quality of model transformations (MT) has high impact on model-driven engineering (MDE) software development approaches, because of the central role played by transformations in MDE for refining, migrating, refactoring and other operations on models. For programming languages, a popular paradigm for code quality is the concept of technical debt (TD), which uses the analogy that quality flaws in code are a debt burden carried by the software, which must either be ‘redeemed’ by expending specific effort to remove its flaws, or be tolerated, with ongoing additional costs to maintenance due to the flaws. Whilst the analysis and management of quality flaws and TD in programming languages has been investigated in depth over several years, less research on the topic has been carried out for model transformations. In this paper we investigate the characteristics of quality flaws and technical debt in model transformation languages, based upon systematic analysis of over 100 transformation cases in four leading MT languages. Based on quality flaw indicators for TD, we identify significant differences in the level and kinds of technical debt in different MT languages, and we propose ways in which TD in MT can be reduced and managed.",2020.0,Journal of Systems and Software,journal of systems and software,A
cb6b3f6632833d19f03d14b2c792b9d82892111d,Potential Technical Debt and Its Resolution in Code Reviews: An Exploratory Study of the OpenStack and Qt Communities,"Background: Technical Debt (TD) refers to the situation where developers make trade-offs to achieve short-term goals at the expense of long-term code quality, which can have a negative impact on the quality of software systems. In the context of code review, such sub-optimal implementations have chances to be timely resolved during the review process before the code is merged. Therefore, we could consider them as Potential Technical Debt (PTD) since PTD will evolve into TD when it is injected into software systems without being resolved. Aim: To date, little is known about the extent to which PTD is identified in code reviews. Many tools have been provided to detect TD, but these tools lack consensus and a large amount of PTD are undetectable by tools while code review could help verify the quality of code that has been committed by identifying issues, such as PTD. To this end, we conducted an exploratory study in an attempt to understand the nature of PTD in code reviews and track down the resolution of PTD after being identified. Method: We randomly collected 2,030 review comments from the Nova project of OpenStack and the Qt Base project of Qt. We then manually checked these review comments, and obtained 163 PTD-related review comments for further analysis. Results: Our results show that: (1) PTD can be identified in code reviews but is not prevalent. (2) Design, defect, documentation, requirement, test, and code PTD are identified in code reviews, in which code and documentation PTD are the dominant. (3) 81.0% of the PTD identified in code reviews has been resolved by developers, and 78.0% of the resolved TD was resolved by developers within a week. (4) Code refactoring is the main practice used by developers to resolve the PTD identified in code reviews. Conclusions: Our findings indicate that: (1) review-based detection of PTD is seen as one of the trustworthy mechanisms in development, and (2) there is still a significant proportion of PTD (19.0%) remaining unresolved when injected into the software systems. Practitioners and researchers should establish effective strategies to manage and resolve PTD in development.",2022.0,International Symposium on Empirical Software Engineering and Measurement,empirical software engineering and measurement,A
cebc1f499168b96f81b8bd7b7cfe4faa232ad826,Monitoring Technical Debt in an Industrial Setting,"Context: Technical Debt (TD) quantification has been studied in the literature and is supported by various tools; however, there is no common ground on what information shall be presented to stakeholders. Similarly to other quality monitoring processes, it is desirable to provide several views of quality through a dashboard, in which metrics concerning the phenomenon of interest are displayed. Objective: The aim of this study is to investigate the indicators that shall be presented in such a dashboard, so as to: (a) be meaningful for industrial stakeholders, (b) present all necessary information, and (c) be simple enough so that stakeholders can use them. Method: We explore TD Management (TDM) activities (i.e., measurement, prioritization, repayment) and choose the main concepts that need to be visualized, based on existing literature and toolsupport. Next, we perform a survey with 60 software engineers (i.e., architects, developers, etc.) working for 11 software development companies located in 9 countries, to understand their needs for TDM. Results / Conclusions: The results of the study suggest that different stakeholders need a different view of the quality dashboard, but also some commonalities can be identified. For example, on the one hand, managers are mostly interested in financial concepts, whereas on the other hand developers are more interested in the nature of the problems that exist in the code. The outcomes of this study can be useful to both researchers and practitioners, in the sense that the former can focus their efforts on aspects that are meaningful to industry, whereas the latter to develop meaningful dashboards, with multiple views.",2019.0,International Conference on Evaluation & Assessment in Software Engineering,evaluation and assessment in software engineering,A
cf5ec9625e0d9ec2175dd8c3183392428f075ec4,Early evaluation of technical debt impact on maintainability,"Abstract It is widely claimed that Technical Debt is related to quality problems being often produced by poor processes, lack of verification or basic incompetence. Several techniques have been proposed to detect Technical Debt in source code, as identification of modularity violations, code smells or grime buildups. These approaches have been used to empirically demonstrate the relation among Technical Debt indicators and quality harms. However, these works are mainly focused on programming level, when the system has already been implemented. There may also be sources of Technical Debt in non-code artifacts, e.g. requirements, and its identification may provide important information to move refactoring efforts to previous stages and reduce future Technical Debt interest. This paper presents an empirical study to evaluate whether modularity anomalies at requirements level are directly related to maintainability attributes affecting systems quality and increasing, thus, system's interest. The study relies on a framework that allows the identification of modularity anomalies and its quantification by using modularity metrics. Maintainability metrics are also used to assess dynamic maintainability properties. The results obtained by both sets of metrics are pairwise compared to check whether the more modularity anomalies the system presents, the less stable and more difficult to maintain it is.",2018.0,Journal of Systems and Software,journal of systems and software,A
d2f3709702522a1f94db6ea6b7303d509c8216fa,Machine Learning for Technical Debt Identification,"Technical Debt (TD) is a successful metaphor in conveying the consequences of software inefficiencies and their elimination to both technical and non-technical stakeholders, primarily due to its monetary nature. The identification and quantification of TD rely heavily on the use of a small handful of sophisticated tools that check for violations of certain predefined rules, usually through static analysis. Different tools result in divergent TD estimates calling into question the reliability of findings derived by a single tool. To alleviate this issue we use 18 metrics pertaining to source code, repository activity, issue tracking, refactorings, duplication and commenting rates of each class as features for statistical and Machine Learning models, so as to classify them as High-TD or not. As a benchmark we exploit 18,857 classes obtained from 25 Java projects, whose high levels of TD has been confirmed by three leading tools. The findings indicate that it is feasible to identify TD issues with sufficient accuracy and reasonable effort: a subset of superior classifiers achieved an F<inline-formula><tex-math notation=""LaTeX"">$_2$</tex-math><alternatives><mml:math><mml:msub><mml:mrow/><mml:mn>2</mml:mn></mml:msub></mml:math><inline-graphic xlink:href=""tsoukalas-ieq1-3129355.gif""/></alternatives></inline-formula>-measure score of approximately 0.79 with an associated Module Inspection ratio of approximately 0.10. Based on the results a tool prototype for automatically assessing the TD of Java projects has been implemented.",2022.0,IEEE Transactions on Software Engineering,transactions on software engineering,A*
d641957e668d34f5aec9bcbb52fe0eed4cee1e66,Design Smell Detection and Analysis for Open Source Java Software,"Software design smells have gained significant importance in recent years since those directly lead to the increase of design debts and drastically affect software quality. Although the impact of design smells is manifold, techniques to detect design smells using both rule based and data mining approaches have been explored to a limited extent. This research aims to provide a tool which uses software metrics as a guide to detect smells and also deploys Spectral Clustering to mine the software repositories and group similar smells. The tool has been partially implemented till now and initial experiments on 2,59,509 Lines of Code (LoC) covering 3,306 classes of real life open source Java software show 2,220 occurrences of four types of design smells.",2019.0,IEEE International Conference on Software Maintenance and Evolution,software maintenance and evolution,A
d76228d085d1232b74ff443f249898b6dcc3306c,TFX: A TensorFlow-Based Production-Scale Machine Learning Platform,"Creating and maintaining a platform for reliably producing and deploying machine learning models requires careful orchestration of many components---a learner for generating models based on training data, modules for analyzing and validating both data as well as models, and finally infrastructure for serving models in production. This becomes particularly challenging when data changes over time and fresh models need to be produced continuously. Unfortunately, such orchestration is often done ad hoc using glue code and custom scripts developed by individual teams for specific use cases, leading to duplicated effort and fragile systems with high technical debt. We present TensorFlow Extended (TFX), a TensorFlow-based general-purpose machine learning platform implemented at Google. By integrating the aforementioned components into one platform, we were able to standardize the components, simplify the platform configuration, and reduce the time to production from the order of months to weeks, while providing platform stability that minimizes disruptions. We present the case study of one deployment of TFX in the Google Play app store, where the machine learning models are refreshed continuously as new data arrive. Deploying TFX led to reduced custom code, faster experiment cycles, and a 2% increase in app installs resulting from improved data and model analysis.",2017.0,Knowledge Discovery and Data Mining,knowledge discovery and data mining,A*
d9d4115fdef146632b21e1cb103dce41f472a466,What does a Public Discourse state about Requirements Process Debt Causes?,"[Context]. Requirements Process Debt (RPD) refers to shortcomings or inefficiencies in the requirements engineering process. Through an industry-wide survey, the InsighTD project identified the causes of RPD, its effects, and practices for its prevention and mitigation. Another approach to exploring RPD is by examining grey literature (GL), i.e., sources that have not been formally published. One such source is the discourse of solution providers, a specific type of web content. Although this discourse can enhance the knowledge gained through empirical studies, no research has yet explored it. [Aims]. To investigate how public discourse has discussed the causes of RPD. [Research Method]. We elicited public discourse on RPD causes using predefined search strings on Google and Bing. We collected web addresses where discussions on RPD causes were found and applied content analysis procedures to examine the data. [Results]. Based on public discourse, we produced 128 codes for causes, 60 for effects of RPD, along with 93 preventive and 70 mitigation practices. These elements were categorized to reveal their relationships within the software development process. [Conclusion]. Our study expands the body of knowledge on RPD causes, demonstrating that GL can serve as a valuable complementary source.",2025.0,IEEE International Requirements Engineering Conference,international requirements engineering conference,A
da1be6911509d0474f45a75d95e93f3516fa9b15,Do practitioners intentionally self-fix Technical Debt and why?,"The impact of Technical Debt (TD) on software maintenance and evolution is of great concern, but recent evidence shows that a considerable amount of TD is fixed by the same developers who introduced it; this is termed self-fixed TD. This characteristic of TD management can potentially impact team dynamics and practices in managing TD. However, the initial evidence is based on low-level source code analysis; this casts some doubt whether practitioners repay their own debt intentionally and under what circumstances. To address this gap, we conducted an online survey on 17 well-known Java and Python open-source software communities to investigate practitioners' intent and rationale for self-fixing technical debt. We also investigate the relationship between human-related factors (e.g., experience) and self-fixing. The results, derived from the responses of 181 participants, show that a majority addresses their own debt consciously and often. Moreover, those with a higher level of involvement (e.g., more experience in the project and number of contributions) tend to be more concerned about self-fixing TD. We also learned that the sense of responsibility is a common self-fixing driver and that decisions to fix TD are not superficial but consider balancing costs and benefits, among other factors. The findings in this paper can lead to improving TD prevention and management strategies.",2021.0,IEEE International Conference on Software Maintenance and Evolution,software maintenance and evolution,A
db325cc4eff690e16ee4996470acfd191350fd51,Are Prompt Engineering and TODO Comments Friends or Foes? An Evaluation on GitHub Copilot,"Code intelligence tools such as GitHub Copilot have begun to bridge the gap between natural language and programming language. A frequent software development task is the management of technical debts, which are suboptimal solutions or unaddressed issues which hinder future software development. Developers have been found to “self-admit” technical debts (SATD) in software artifacts such as source code comments. Thus, is it possible that the information present in these comments can enhance code generative prompts to repay the described SATD? Or, does the inclusion of such comments instead cause code generative tools to reproduce the harmful symptoms of described technical debt? Does the modification of SATD impact this reaction? Despite the heavy maintenance costs caused by technical debt and the recent improvements of code intelligence tools, no prior works have sought to incorporate SATD towards prompt engineering. Inspired by this, this paper contributes and analyzes a dataset consisting of 36,381 TODO comments in the latest available revisions of their respective 102,424 repositories, from which we sample and manually generate 1,140 code bodies using GitHub Copilot. Our experiments show that GitHub Copilot can generate code with the symptoms of SATD, both prompted and unprompted. Moreover, we demonstrate the tool's ability to automatically repay SATD under different circumstances and qualitatively investigate the characteristics of successful and unsuccessful comments. Finally, we discuss gaps in which GitHub Copilot's successors and future researchers can improve upon code intelligence tasks to facilitate AI-assisted software maintenance.",2024.0,International Conference on Software Engineering,software engineering,A*
db3d439c205900e6c1c35ad3725a70d9662ba552,AI Mentor System: Building a Technical Debt Dashboard for Low Code,"Low-code platforms enable rapid development of complex mission-critical software applications. High-level abstractions accompanied by AI assistance allow users with less technical backgrounds to become proficient developers. Technical debt is the cost of additional rework in software development caused by choosing a fast delivery over maintainability. Even though low-code abstracts significantly complex applications, projects can still suffer from technical debt. OutSystems guides developers through the AI Mentor System (AIMS), a centralized platform to monitor code quality. This paper explores the application of state-of-the-art tools in an industry setting of low-code editors. OutSystems has users with and without technical background, providing new challenges and mixed user feedback. We address the challenges of managing technical debt, where users have a wide range of experience, focusing on the results of the different patterns present in AIMS since its release in 2017. For instance, the usefulness of a pattern is determined not only by its correct detection, as it can have an unclear path (or be time-consuming) for refactoring. In the paper, we deep dive into the feedback and insights focusing primarily on two patterns: duplicated code and missing descriptions. Finally, we discuss the broader challenges of developing and evolving AIMS itself, particularly in the context of the mental models and expectations that low-code users bring.",2025.0,IEEE International Conference on Software Maintenance and Evolution,software maintenance and evolution,A
df54e86570cb18ae5e1e9cd9948ff8465b22c330,Rubbing salt in the wound? A large-scale investigation into the effects of refactoring on security,"Software refactoring is a behavior-preserving activity to improve the source code quality without changing its external behavior. Unfortunately, it is often a manual and error-prone task that may induce regressions in the source code. Researchers have provided initial compelling evidence of the relation between refactoring and defects, yet little is known about how much it may impact software security. This paper bridges this knowledge gap by presenting a large-scale empirical investigation into the effects of refactoring on the security profile of applications. We conduct a three-level mining software repository study to establish the impact of 14 refactoring types on (i) security-related metrics, (ii) security technical debt, and (iii) the introduction of known vulnerabilities. The study covers 39 projects and a total amount of 7,708 refactoring commits. The key results show that refactoring has a limited connection to security. However, Inline Method and Extract Interface statistically contribute to improving some security aspects connected to encapsulating security-critical code components. Extract Superclass and Pull Up Attribute refactoring are commonly found in commits violating specific security best practices for writing secure code. Finally, Extract Superclass and Extract & Move Method refactoring tend to occur more often in commits contributing to the introduction of vulnerabilities. We conclude by distilling lessons learned and recommendations for researchers and practitioners.",2023.0,Empirical Software Engineering,empirical software engineering,A
e1dc2f749c7144791a6f734161e2ce46aadc279b,FIXME: synchronize with database! An empirical study of data access self-admitted technical debt,"Developers sometimes choose design and implementation shortcuts due to the pressure from tight release schedules. However, shortcuts introduce technical debt that increases as the software evolves. The debt needs to be repaid as fast as possible to minimize its impact on software development and software quality. Sometimes, technical debt is admitted by developers in comments and commit messages. Such debt is known as self-admitted technical debt (SATD). In data-intensive systems, where data manipulation is a critical functionality, the presence of SATD in the data access logic could seriously harm performance and maintainability. Understanding the composition and distribution of the SATDs across software systems and their evolution could provide insights into managing technical debt efficiently. We present a large-scale empirical study on the prevalence, composition, and evolution of SATD in data-intensive systems. We analyzed 83 open-source systems relying on relational databases as well as 19 systems relying on NoSQL databases. We detected SATD in source code comments obtained from different snapshots of the subject systems. To understand the evolution dynamics of SATDs, we conducted a survival analysis. Next, we performed a manual analysis of 361 sample data-access SATDs, investigating the composition of data-access SATDs and the reasons behind their introduction and removal. We identified 15 new SATD categories, out of which 11 are specific to database access operations. We found that most of the data-access SATDs are introduced in the later stages of change history rather than at the beginning. We also observed that bug fixing and refactoring are the main reasons behind the introduction of data-access SATDs.",2022.0,Empirical Software Engineering,empirical software engineering,A
e31621915e68db2cbc3df8751048a5d1ad80b120,Predicting the emergence of community smells using socio-technical metrics: A machine-learning approach,"Abstract Community smells represent sub-optimal conditions appearing within software development communities (e.g., non-communicating sub-teams, deviant contributors, etc.) that may lead to the emergence of social debt and increase the overall project’s cost. Previous work has studied these smells under different perspectives, investigating their nature, diffuseness, and impact on technical aspects of source code. Furthermore, it has been shown that some socio-technical metrics like, for instance, the well-known socio-technical congruence, can potentially be employed to foresee their appearance. Yet, there is still a lack of knowledge of the actual predictive power of such socio-technical metrics. In this paper, we aim at tackling this problem by empirically investigating (i) the potential value of socio-technical metrics as predictors of community smells and (ii) what is the performance of within- and cross-project community smell prediction models based on socio-technical metrics. To this aim, we exploit a dataset composed of 60 open-source projects and consider four community smells such as Organizational Silo , Black Cloud , Lone Wolf , and Bottleneck . The key results of our work report that a within-project solution can reach F-Measure and AUC-ROC of 77% and 78%, respectively, while cross-project models still require improvements, being however able to reach an F-Measure of 62% and overcome a random baseline. Among the metrics investigated, socio-technical congruence, communicability, and turnover-related metrics are the most powerful predictors of the emergence of community smells.",2021.0,Journal of Systems and Software,journal of systems and software,A
e360e7f74e32f423a7bb293b5213f3be08acddce,"Detection, classification and prevalence of self-admitted aging debt","Previous research on software aging is limited, with a focus on dynamic runtime indicators like memory and performance, often neglecting evolutionary indicators like source code comments and narrowly examining legacy issues within the Technical Debt (TD) context. We introduce the concept of Aging Debt (AD), representing the increased maintenance efforts and costs needed to keep software updated. We study AD through Self-Admitted Aging Debt (SAAD) observed in source code comments left by software developers. We employ a mixed-methods approach, combining qualitative and quantitative analyses to detect and measure AD in software. This includes framing SAAD patterns from the source code comments after analysing the source code context, then utilizing the SAAD patterns to detect SAAD comments. In the process, we develop a taxonomy for SAAD that reflects the temporal aging of software and its associated debt. Then we utilize the taxonomy to quantify the different types of AD prevalent in Open Source Software (OSS) repositories. Our proposed taxonomy categorizes evolutionary software aging into Active and Dormant types. Our extensive analysis of over 9,000+ OSS repositories reveals that more than 21% repositories exhibit signs of SAAD as observed from our gold standard SAAD dataset. Notably, Dormant AD emerges as the predominant category, highlighting a critical but often overlooked aspect of software maintenance. As software volume grows annually, so do evolutionary aging and maintenance challenges; our proposed taxonomy can aid researchers in detailed software aging studies and help practitioners develop improved and proactive maintenance strategies.",2025.0,Empirical Software Engineering,empirical software engineering,A
e3d0299ed3ed7dafec951226e116c5a19e01cd00,Interest of Defect Technical Debt: An Exploratory Study on Apache Projects,"Defect technical debt (defect debt) refers to known deferred bugs that have not been fixed. The interest of a defect debt item (i.e., bug) is the extra effort needed to fix the bug due to the delay of fixing. It is important to measure defect debt interest in a software system in order to be aware of how much the interest of certain bugs is and which bugs should be fixed first. Furthermore, it is valuable to understand the features of the bugs of high interest or no interest, so as to facilitate the identification of those kinds of bugs. In this work, we proposed three pairs of measures for quantifying defect debt interest at three granularities (i.e., lines of code, source file, and package) of software changes, and conducted an exploratory case study on 13,438 bugs collected from 59 non-trivial Apache open source software projects written mainly in Java. We have the following findings. (1) Each bug, with an average of 224 days delay of fixing, has interest of 660 to 845 lines of code, 0.57 to 1.05 source files, and 0.29 to 0.35 package on average in need for understanding or modifying when fixing the bug. (2) The average interest of a bug shows overall increasing trends over delayed time of bug fixing and bug priority levels from the lowest to highest. (3) Around 30% of the bugs under study did not incur interest at the granularity of lines of code, which means that the involved source files in the bug-fixing commits of such bugs were not modified at all during the delayed time of bug fixing. (4) The average code change size of bug-fixing commits of a bug without interest is much smaller than that of a bug with (high) interest; for a bug without interest at the granularity of lines of code, the source files involved in the bug-fixing commits of the bug were alternately modified by different committers much less frequently than those of the bug with (high) interest.",2020.0,IEEE International Conference on Software Maintenance and Evolution,software maintenance and evolution,A
e468767feb5cf28e93064d589f0eec392dacea4f,A survey of self-admitted technical debt,"Abstract Technical Debt is a metaphor used to express sub-optimal source code implementations that are introduced for short-term benefits that often need to be paid back later, at an increased cost. In recent years, various empirical studies have focused on investigating source code comments that indicate Technical Debt often referred to as Self-Admitted Technical Debt (SATD). Since the introduction of SATD as a concept, an increasing number of studies have examined various aspects pertaining to SATD. Therefore, in this paper we survey research work on SATD, analyzing the characteristics of current approaches and techniques for SATD detection, comprehension, and repayment. To motivate the submission of novel and improved work, we compile tools, resources, and data sets made available to replicate or extend current SATD research. To set the stage for future work, we identify open challenges in the study of SATD, areas that are missing investigation, and discuss potential future research avenues.",2019.0,Journal of Systems and Software,journal of systems and software,A
e61841ec63352f84bd507cf53217a3e5ab80f750,The Impact of Compiler Warnings on Code Quality in C++ Projects,"Modern compilers often offer a variety of warning flags, which developers can enable to get feedback on code that, while syntactically correct, may be problematic. In the case of C++, one example of such “correct but problematic” code is code that leads to undefined behavior (UB). The usage of compiler warnings has long been suspected as a way to decrease bugs and increase code quality. However, empirical evidence that supports this hypothesis is rare. In this study, we present evidence from a study of 127 open source C++ projects. We categorize their usage of compiler warnings into five groups based on which warning flags are being used, and analyse the relationship between compiler warnings and five quality metrics (bugs, critical issues, vulnerabilities, code smells, and technical debt) using Bayesian analysis. We conclude that, in general, compiler warnings indeed correlate with, and potentially cause, higher code quality, with the clearest impact being on the number of critical issues in a project. Using stricter warning flags expectantly correlates with higher code quality in our study objects. However, there are substantial differences between projects, which we attribute to the project’s individual development culture. That is, while warnings matter, other factors such as quality culture, are likely to be even more important to source code quality.CCS CONCEPTS • Software and its engineering $\rightarrow$ Maintaining software; Compilers; Software maintenance tools.",2024.0,IEEE International Conference on Program Comprehension,program comprehension,A
e8f50c91298ed230e5ea59762396325110c7f18d,"A Critical Comparison on Six Static Analysis Tools: Detection, Agreement, and Precision","Background. Developers use Automated Static Analysis Tools (ASATs) to control for potential quality issues in source code, including defects and technical debt. Tool vendors have devised quite a number of tools, which makes it harder for practitioners to select the most suitable one for their needs. To better support developers, researchers have been conducting several studies on ASATs to favor the understanding of their actual capabilities. Aims. Despite the work done so far, there is still a lack of knowledge regarding (1) which source quality problems can actually be detected by static analysis tool warnings, (2) what is their agreement, and (3) what is the precision of their recommendations. We aim at bridging this gap by proposing a large-scale comparison of six popular static analysis tools for Java projects: Better Code Hub, CheckStyle, Coverity Scan, Findbugs, PMD, and SonarQube. Method. We analyze 47 Java projects and derive a taxonomy of warnings raised by 6 state-of-the-practice ASATs. To assess their agreement, we compared them by manually analyzing - at line-level - whether they identify the same issues. Finally, we manually evaluate the precision of the tools. Results. The key results report a comprehensive taxonomy of ASATs warnings, show little to no agreement among the tools and a low degree of precision. Conclusions. We provide a taxonomy that can be useful to researchers, practitioners, and tool vendors to map the current capabilities of the tools. Furthermore, our study provides the first overview on the agreement among different tools as well as an extensive analysis of their precision.",2021.0,Journal of Systems and Software,journal of systems and software,A
e913dd7bf614daff35a6407f7a8e4f5bd9d814fd,DebtHunter: A Machine Learning-based Approach for Detecting Self-Admitted Technical Debt,"Due to limited time, budget or resources, a team is prone to introduce code that does not follow the best software development practices. This code that introduces instability in the software projects is known as Technical Debt (TD). Often, TD intentionally manifests in source code, which is known as Self-Admitted Technical Debt (SATD). This paper presents DebtHunter, a natural language processing (NLP)- and machine learning (ML)- based approach for identifying and classifying SATD in source code comments. The proposed classification approach combines two classification phases for differentiating between the multiple debt types. Evaluations over 10 open source systems, containing more than 259k comments, showed that the approach was able to improve the performance of others in the literature. The presented approach is supported by a tool that can help developers to effectively manage SATD. The tool complements the analysis over Java source code by allowing developers to also examine the associated issue tracker. DebtHunter can be used in a continuous evolution environment to monitor the development process and make developers aware of how and where SATD is introduced, thus helping them to manage and resolve it.",2021.0,International Conference on Evaluation & Assessment in Software Engineering,evaluation and assessment in software engineering,A
e94d40478e7d211975a6484b08752853c5c17f21,How Far Have We Progressed in Identifying Self-admitted Technical Debts? A Comprehensive Empirical Study,"Background. Self-admitted technical debt (SATD) is a special kind of technical debt that is intentionally introduced and remarked by code comments. Those technical debts reduce the quality of software and increase the cost of subsequent software maintenance. Therefore, it is necessary to find out and resolve these debts in time. Recently, many automatic approaches have been proposed to identify SATD. Problem. Popular IDEs support a number of predefined task annotation tags for indicating SATD in comments, which have been used in many projects. However, such clear prior knowledge is neglected by existing SATD identification approaches when identifying SATD. Objective. We aim to investigate how far we have really progressed in the field of SATD identification by comparing existing approaches with a simple approach that leverages the predefined task tags to identify SATD. Method. We first propose a simple heuristic approach that fuzzily Matches task Annotation Tags (MAT) in comments to identify SATD. In nature, MAT is an unsupervised approach, which does not need any data to train a prediction model and has a good understandability. Then, we examine the real progress in SATD identification by comparing MAT against existing approaches. Result. The experimental results reveal that: (1) MAT has a similar or even superior performance for SATD identification compared with existing approaches, regardless of whether non-effort-aware or effort-aware evaluation indicators are considered; (2) the SATDs (or non-SATDs) correctly identified by existing approaches are highly overlapped with those identified by MAT; and (3) supervised approaches misclassify many SATDs marked with task tags as non-SATDs, which can be easily corrected by their combinations with MAT. Conclusion. It appears that the problem of SATD identification has been (unintentionally) complicated by our community, i.e., the real progress in SATD comments identification is not being achieved as it might have been envisaged. We hence suggest that, when many task tags are used in the comments of a target project, future SATD identification studies should use MAT as an easy-to-implement baseline to demonstrate the usefulness of any newly proposed approach.",2021.0,ACM Transactions on Software Engineering and Methodology,transactions on software engineering and methodology,A*
e9957fcf0268f0000d4d2f79c0d9bb4992d6cd35,Detection of Technical Debt in Java Source Code,"Technical debt (TD) describes the additional costs that emerge when developers have opted for a quick and easy solution to a problem, rather than a more effective and well-designed, but time-consuming approach. Self-Admitted Technical Debts (SATDs) are a specific type of technical debts that developers intentionally document and acknowledge, typically via textual comments. While these comments are a useful tool for identifying TD, most of the existing approaches focus on capturing tokens associated with various categories of TD, neglecting the rich information embedded within the source code. Recent research has focused on detecting SATDs by analyzing comments, and there has been little work dealing with TD contained in the source code. In this study, through the analysis of comments and their source code from 974 Java projects, we curated the first ever dataset of TD identified by code comments, coupled with its code. We found that including the classified code significantly improves the accuracy in predicting various types of technical debt. We believe that our dataset will catalyze future work in the domain, inspiring various research related to the recognition of technical debt; The proposed classifiers may serve as baselines for studies on the detection of TD.",2024.0,ACM Transactions on Software Engineering and Methodology,transactions on software engineering and methodology,A*
e9a4177ebdb45bda9af6b39be6e1ce9fb9de3f81,Does it matter who pays back Technical Debt? An empirical study of self-fixed TD,"Context: Technical Debt (TD) can be paid back either by those that incurred it or by others. We call the former self-fixed TD, and it can be particularly effective, as developers are experts in their own code and are well-suited to fix the corresponding TD issues. Objective: The goal of our study is to investigate self-fixed technical debt, especially the extent in which TD is self-fixed, which types of TD are more likely to be self-fixed, whether the remediation time of self-fixed TD is shorter than non-self-fixed TD and how development behaviors are related to self-fixed TD. Method: We report on an empirical study that analyzes the self-fixed issues of five types of TD (i.e., Code, Defect, Design, Documentation and Test), captured via static analysis, in more than 44,000 commits obtained from 20 Python and 16 Java projects of the Apache Software Foundation. Results: The results show that about half of the fixed issues are self-fixed and that the likelihood of contained TD issues being self-fixed is negatively correlated with project size, the number of developers and total issues. Moreover, there is no significant difference of the survival time between self-fixed and non-self-fixed issues. Furthermore, developers are more keen to pay back their own TD when it is related to lower code level issues, e.g., Defect Debt and Code Debt. Finally, developers who are more dedicated to or knowledgeable about the project contribute to a higher chance of self-fixing TD. Conclusions: These results can benefit both researchers and practitioners by aiding the prioritization of TD remediation activities and refining strategies within development teams, and by informing the development of TD management tools.",2021.0,Information and Software Technology,information and software technology,A
ea61172a3946cd90c62bb2ad43c701e5dad8f846,An Empirical Study of Refactorings and Technical Debt in Machine Learning Systems,"Machine Learning (ML), including Deep Learning (DL), systems, i.e., those with ML capabilities, are pervasive in today's data-driven society. Such systems are complex; they are comprised of ML models and many subsystems that support learning processes. As with other complex systems, ML systems are prone to classic technical debt issues, especially when such systems are long-lived, but they also exhibit debt specific to these systems. Unfortunately, there is a gap of knowledge in how ML systems actually evolve and are maintained. In this paper, we fill this gap by studying refactorings, i.e., source-to-source semantics-preserving program transformations, performed in real-world, open-source software, and the technical debt issues they alleviate. We analyzed 26 projects, consisting of 4.2 MLOC, along with 327 manually examined code patches. The results indicate that developers refactor these systems for a variety of reasons, both specific and tangential to ML, some refactorings correspond to established technical debt categories, while others do not, and code duplication is a major cross-cutting theme that particularly involved ML configuration and model code, which was also the most refactored. We also introduce 14 and 7 new ML-specific refactorings and technical debt categories, respectively, and put forth several recommendations, best practices, and anti-patterns. The results can potentially assist practitioners, tool developers, and educators in facilitating long-term ML system usefulness.",2021.0,International Conference on Software Engineering,software engineering,A*
ec59d0d3a9d5d052217340deb21ad58b3aa20d6b,Game-theoretic analysis of development practices: Challenges and opportunities,"Abstract Developers continuously invent new practices, usually grounded in hard-won experience, not theory. Game theory studies cooperation and conflict; its use will speed the development of effective processes. A survey of game theory in software engineering finds highly idealised models that are rarely based on process data. This is because software processes are hard to analyse using traditional game theory since they generate huge game models. We are the first to show how to use game abstractions, developed in artificial intelligence, to produce tractable game-theoretic models of software practices. We present Game-Theoretic Process Improvement (GTPI), built on top of empirical game-theoretic analysis. Some teams fall into the habit of preferring “quick-and-dirty” code to slow-to-write, careful code, incurring technical debt. We showcase GTPI’s ability to diagnose and improve such a development process. Using GTPI, we discover a lightweight intervention that incentivises developers to write careful code: add a singlecode reviewer who needs to catch only 25% of kludges. This 25% accuracy is key; it means that a reviewer does not need to examine each commit in depth, making this process intervention cost-effective.",2020.0,Journal of Systems and Software,journal of systems and software,A
ee51a0c6dfa0696cda64de971153ba1eccf48e5d,A large empirical assessment of the role of data balancing in machine-learning-based code smell detection,"Abstract Code smells can compromise software quality in the long term by inducing technical debt. For this reason, many approaches aimed at identifying these design flaws have been proposed in the last decade. Most of them are based on heuristics in which a set of metrics is used to detect smelly code components. However, these techniques suffer from subjective interpretations, a low agreement between detectors, and threshold dependability. To overcome these limitations, previous work applied Machine-Learning that can learn from previous datasets without needing any threshold definition. However, more recent work has shown that Machine-Learning is not always suitable for code smell detection due to the highly imbalanced nature of the problem. In this study, we investigate five approaches to mitigate data imbalance issues to understand their impact on Machine Learning-based approaches for code smell detection in Object-Oriented systems and those implementing the Model-View-Controller pattern. Our findings show that avoiding balancing does not dramatically impact accuracy. Existing data balancing techniques are inadequate for code smell detection leading to poor accuracy for Machine-Learning-based approaches. Therefore, new metrics to exploit different software characteristics and new techniques to effectively combine them are needed.",2020.0,Journal of Systems and Software,journal of systems and software,A
ee8b605808a29640b073448198e7e1170666e8cd,An empirical study on the co-occurrence between refactoring actions and Self-Admitted Technical Debt removal,"Abstract Technical Debt (TD) concerns the lack of an adequate solution in a software project, from its design to the source code. Its admittance through source code comments, issues, or commit messages is referred to as Self-Admitted Technical Debt (SATD). Previous research has studied SATD from different perspectives, including its distribution, impact on software quality, and removal. In this paper, we investigate the relationship between refactoring and SATD removal. By leveraging a dataset of SATD and their removals in four open-source projects and by using an automated refactoring detection tool, we study the co-occurrence of refactoring and SATD removals. Results of the study indicate that refactoring is more likely to co-occur with SATD removals than with other commits, however, in most cases, they belong to different quality improvement activities performed at the same time. Moreover, if looking closely at refactoring actions co-occurring with SATD removal in the same code entities, a relationship between these activities can be found. Finally, we found how both source code quality metrics and SATD removals play a statistically significant role in the likelihood that the commit applies a refactoring action.",2021.0,Journal of Systems and Software,journal of systems and software,A
efe6d43d343234d0e0f9da27cb8f68e27e71433c,An Empirical Study of Self-Admitted Technical Debt in Machine Learning Software,"The emergence of open-source ML libraries such as TensorFlow and Google Auto ML has enabled developers to harness state-of-the-art ML algorithms with minimal overhead. However, during this accelerated ML development process, said developers may often make sub-optimal design and implementation decisions, leading to the introduction of technical debt that, if not addressed promptly, can significantly impact on the quality of ML-based software. Developers frequently acknowledge these sub-optimal design and development choices through code comments written during development. These comments, which often highlight areas requiring additional work or refinement in the future are known as self-admitted technical debt (SATD). While prior research has demonstrated that SATD can serve as a reliable indicator of technical debt and has extensively studied SATD in traditional (non-ML) software, little attention has been given to this issue in the context of ML. This paper aims to investigate the occurrence of SATD in ML code by analyzing 318 open-source ML projects across five domains, along with 318 non-ML projects. We detected SATD in source code comments in various snapshots of the studied projects, conducted a manual analysis of a sample of the identified SATD to comprehend the nature of technical debt in the ML code, and performed a survival analysis of the SATD to understand the evolution dynamics of such debts. Our analyses yielded the following observations: (i) Machine learning projects have a median percentage of SATD that is twice that of non-machine learning projects. (ii) ML pipeline stages for data preprocessing and model generation logic are more susceptible to debt than model validation and deployment stages. (iii) SATDs appear in ML projects earlier in the development process compared to non-ML projects. (iv) Long-lasting SATDs are typically introduced during extensive code changes that span multiple files, which exhibit low complexity. Our research contributes to the understanding of technical debt in an ML context and underscores the need for targeted debt management strategies. This contribution is particularly relevant for developers and stakeholders in ML projects by aiding them in identifying and addressing technical debt proactively and paving the way for future research in developing automated tools and methodologies for managing SATD in an ML environment.",2023.0,ACM Transactions on Software Engineering and Methodology,transactions on software engineering and methodology,A*
f810d6e16a19a2f33704267398ab1a008dae3bbb,IMPACT: Identifying and Classifying Multiple Sourced and Categorized Self-Admitted Technical Debts,"Self-Admitted Technical Debt (SATD) refers to sub-optimal solutions deliberately introduced to accelerate the software development process, often at the expense of software maintainability and sustainability. Therefore, timely identification and repayment of the SATD is critical for the software system. As exploration deepens, it is found that effectively prioritizing the repayment of SATD with more significant impacts on software quality requires not only identifying SATD but also further classifying it. However, existing SATD identification and classification approaches face the following challenges: (1) SATDs originate from diverse sources. Code comments are a widespread source, but recent research has revealed that SATDs can originate from other sources, such as pull requests, issues, and commit messages. Nonetheless, existing approaches primarily target code comments, lacking the capability to analyze SATDs from other sources effectively. (2) SATDs fall into diverse categories. Nonetheless, existing SATD classification approaches fail to address all SATD categories comprehensively and show inadequate performance. (3) Imbalance of existing SATD datasets. Real-world SATD data are scarce, making dataset collection challenging. Moreover, SATD distribution across different sources is uneven, further complicating the construction of high-quality datasets. To alleviate these challenges, this article presents an SATD identification and classification framework named IMPACT. First, IMPACT employs ChatGPT to construct an augmented dataset. Subsequently, it utilizes a pipeline with two fine-tuned language models of different parameter sizes to identify and classify SATD separately. To evaluate the effectiveness of IMPACT, we compare it with three state-of-the-art SATD classification methods and its two foundation models. Experimental results demonstrate that IMPACT outperforms state-of-the-art methods by a large margin, and even surpasses its foundation model GLM-4-9B-Chat. It achieves the optimal average F1 score of 0.697 on the source of pull requests, the most challenging data source. Moreover, experiments on the cross-project test set show that IMPACT demonstrates strong generalizability on unseen project data.",2025.0,ACM Transactions on Software Engineering and Methodology,transactions on software engineering and methodology,A*
fb669b6241fe26741b6711df3dbf1035ad384550,Why secret detection tools are not enough: It’s not just about false positives - An industrial case study,"Checked-in secrets in version-controlled software projects pose security risks to software and services. Secret detection tools can identify the presence of secrets in the code, commit changesets, and project version control history. As these tools can generate false positives, developers are provided with mechanisms to bypass the warnings generated from these tools. Providing this override mechanism can result in developers sometimes exposing secrets in software repositories. The goal of this article is to aid software security practitioners in understanding why‘ secrets are checked into repositories, despite being warned by tools, through an industrial case study of analysis of usage data of a secret detection tool and a survey of developers who bypassed the tool alert. In this case study, we analyzed the usage data of a checked-in secret detection tool used widely by a software company and we surveyed developers who bypassed the warnings generated by the tool. From the case study, we found that, despite developers classified 50% of the warning as false positive, developers also bypassed the warning due to time constraints, working with non-shipping projects, technical challenges of eliminating secrets completely from the version control history, technical debts, and perceptions that check-ins are low risk. We advocate practitioners and researchers to investigate the findings of our study further to improve secret detection tools and related development practices. We also advocate that organizations should insert secondary checks, as is done by the company we studied, to capture occasions where developers incorrectly bypass secret detection tools.",2022.0,Empirical Software Engineering,empirical software engineering,A
fb97b79e079cb79bb0bd14aa76063a737145d946,DynAMICS: A Tool-Based Method for the Specification and Dynamic Detection of Android Behavioral Code Smells,"Code smells are the result of poor design choices within software systems that complexify source code and impede evolution and performance. Therefore, detecting code smells within software systems is an important priority to decrease technical debt. Furthermore, the emergence of mobile applications (apps) has brought new types of Android-specific code smells, which relate to limitations and constraints on resources like memory, performance and energy consumption. Among these Android-specific smells are those that describe inappropriate behaviour during the execution that may negatively impact software quality. Static analysis tools, however, show limitations for detecting these behavioural code smells and properly detecting behavioural code smells requires considering the dynamic behaviour of the apps. To dynamically detect behavioural code smells, we hence propose three contributions: (1) A method, the <sc>Dynamics</sc> method, a step-by-step method for the specification and dynamic detection of Android behavioural code smells; (2) A tool, the <sc>Dynamics</sc> tool, implementing this method on seven code smells; and (3) A validation of our approach on 538 apps from <sc>F-Droid</sc> with a comparison with the static analysis detection tools, <sc>aDoctor</sc> and <sc>Paprika</sc>, from the literature. Our method consists of four steps: (1) the specification of the code smells, (2) the instrumentation of the app, (3) the execution of the apps, and (4) the detection of the behavioural code smells. Our results show that many instances of code smells that cannot be detected with static detection tools are indeed detected with our dynamic approach with an average precision of <inline-formula><tex-math notation=""LaTeX"">$92.8\%$</tex-math><alternatives><mml:math><mml:mn>92.8</mml:mn><mml:mi mathvariant=""normal"">%</mml:mi></mml:math><inline-graphic xlink:href=""prestat-ieq1-3363223.gif""/></alternatives></inline-formula> and an average recall of <inline-formula><tex-math notation=""LaTeX"">$53.4\%$</tex-math><alternatives><mml:math><mml:mn>53.4</mml:mn><mml:mi mathvariant=""normal"">%</mml:mi></mml:math><inline-graphic xlink:href=""prestat-ieq2-3363223.gif""/></alternatives></inline-formula>.",2024.0,IEEE Transactions on Software Engineering,transactions on software engineering,A*
fdeec0d00260f783a28794cc71ba41f155e6280f,Does migrating a monolithic system to microservices decrease the technical debt?,"Background. The migration from monolithic systems to microservices involves deep refactoring of the systems. Therefore, the migration usually has a big economic impact and companies tend to postpone several activities during this process, mainly to speed-up the migration itself, but also because of the need to release new features. Objective. We monitored the Technical Debt of a small and medium enterprise while migrating a legacy monolithic system to an ecosystem of microservices to analyze changes in the code technical debt before and after the migration to microservices. Method. We conducted a case study analyzing more than four years of the history of a big project (280K Lines of Code) where two teams extracted five business processes from the monolithic system as microservices, by first analyzing the Technical Debt with SonarQube and then performing a qualitative study with the developers to understand the perceived quality of the system and the motivation for eventually postponed activities. Result. The development of microservices helps to reduce the Technical Debt in the long run. Despite an initial spike in the Technical Debt, due to the development of the new microservice, after a relatively short period, the Technical Debt tends to grow slower than in the monolithic system.",2019.0,Journal of Systems and Software,journal of systems and software,A
ff1aa584d050f5d24812f45575dd1cc52c3831d4,Navigating Flexibility and Standardisation in Low‐Code/No‐Code Development,"Low‐code/no‐code (LCNC) platforms, such as ServiceNow and Microsoft Power Platform, enable employees without formal IT training to build applications and automate workflows, thus driving agility and reducing dependence on traditional IT teams. However, LCNC platforms also pose a persistent challenge for organisations: while they offer flexibility and freedom by enabling decentralised development, they also require standardisation and control to manage risks that can be exacerbated by these platforms, such as shadow IT and technical debt. Striking the right balance is difficult—too much flexibility can compromise stability, while too much standardisation can stifle the autonomy and creativity that make LCNC platforms valuable in the first place. This study explores flexibility–standardisation tensions in LCNC development through an investigation of two multinational technology firms with differing LCNC maturity levels, both using ServiceNow. Drawing from 57 interviews, we identify three types of flexibility‐standardisation tensions shaped by three key elements of LCNC development: the platform itself, the people using the platform and the organisational processes targeted for improvement. We derive six guidelines used to navigate flexibility–standardisation tensions and demonstrate how these are applied across different stages of LCNC maturity. Building on these insights, we provide concrete, context‐sensitive recommendations to help organisations adapt the guidelines to their specific environments. We conclude with forward‐looking reflections on how firms can dynamically make sense of these tensions as LCNC platforms and practices evolve. Overall, our findings show that effective LCNC governance requires a dynamic approach—one that balances flexibility and standardisation simultaneously rather than treating them as opposing choices.",2025.0,Information Systems Journal,information systems journal,A*
ffc36184e91ea6fb86392560a3747c03af325203,"Towards Just-In-Time, Inclusive Clone Refactoring","Code clones are a well-known source of technical debt, often degrading software maintainability. Modern AI coding assistants can unintentionally introduce clones or even licenseincompatible code, posing maintenance and legal challenges. This research proposes a Large Language Model (LLM)-powered clone refactoring assistant that proactively detects duplicative code during development and suggests high-level refactorings. By bridging traditional clone detection with LLM-driven code generation or transformation, the approach aims to remove redundancies early while ensuring changes remain behavior preserving and legally compliant. The assistant will integrate into development workflows to prevent clone propagation, flag potential intellectual property risks, and incorporate developer feedback for explainable, trustworthy operation. We will evaluate its impact on code quality and developer productivity, and assess how AI enhancements influence long-term maintenance efforts.",2025.0,IEEE International Conference on Software Maintenance and Evolution,software maintenance and evolution,A
014a1525ddbc7d8884617983c939495996037329,Cultural and Socio-Technical Aspects in Software Development,"Software development is essentially a collaborative, socio-technical endeavor where the interplay between stakeholders and technical elements is integral. This synergy becomes particularly crucial in the context of geographically dispersed teams, a practice that is becoming more prevalent. Despite the ubiquity of this nature, the current body of research in Global Software Development (GSD) encounters limitations, rendering the attained results less accessible for practical implementation by industry professionals. Moreover, the role of social debt, the additional cost derived by adopting socio-technical anti-patterns, in GSD still needs to be deepened. This Ph.D. research project aims to surmount these challenges by constructing a robust theoretical foundation for effectively managing socio-technical aspects—particularly in the form of factors related to social debt—in software development, with a keen focus on their correlation with cultural differences within software teams. The framework systematically captures and examines cultural differences, investigating their ramifications on various facets of software development while exploring practical strategies employed by practitioners to navigate these influences. Furthermore, the project aspires to make substantial contributions to the professional software development realm by translating research findings into tangible tools for practitioners. This framework is designed not only for immediate application but also to facilitate project success through heightened cultural awareness and adaptability. Ultimately, it strives to enhance the well-being of developers working in inclusive and culturally diverse environments.",2024.0,International Conference on Evaluation & Assessment in Software Engineering,evaluation and assessment in software engineering,A
034408a3b7cb73f4d2c85be910bd81adf9fbbd12,Business-Driven Technical Debt Prioritization,"Technical debt happens when teams take shortcuts on software development to gain short-term benefits at the cost of making future changes more expensive. Previous results show that there is a misalignment between the prioritization done by technical professionals and the prioritization expected by business ones. This paper presents a business-driven approach to prioritize technical debt items. The research is organized into four phases: exploratory, to identify the research focus; concept verification, where the proposed approach was evaluated on a multi-case study; solution, where a design science research was conducted to develop Tracy, a framework for technical debt prioritization; and validation. Results so far show that the business-driven prioritization of technical debt items can improve the alignment and communication between the technical and business stakeholders.",2019.0,IEEE International Conference on Software Maintenance and Evolution,software maintenance and evolution,A
051c3b5b4cdbddc215ccb0717d6f783c86f8a870,PromptDebt: A Comprehensive Study of Technical Debt Across LLM Projects,"Large Language Models (LLMs) are increasingly embedded in software via APIs like OpenAI, offering powerful AI features without heavy infrastructure. Yet these integrations bring their own form of self-admitted technical debt (SATD). In this paper, we present the first large-scale empirical study of LLM-specific SATD: its origins, prevalence, and mitigation strategies. By analyzing 93,142 Python files across major LLM APIs, we found that 54.49% of SATD instances stem from OpenAI integrations and 12.35% from LangChain use. Prompt design emerged as the primary source of LLM-specific SATD, with 6.61% of debt related to prompt configuration and optimization issues, followed by hyperparameter tuning and LLM-framework integration. We further explored which prompt techniques attract the most debt, revealing that instruction-based prompts (38.60%) and few-shot prompts (18.13%) are particularly vulnerable due to their dependence on instruction clarity and example quality. Finally, we release a comprehensive SATD dataset to support reproducibility and offer practical guidance for managing technical debt in LLM-powered systems.",2025.0,International Conference on Evaluation & Assessment in Software Engineering,evaluation and assessment in software engineering,A
0b05512497202a0ecb8f7df94838e89b5cfaabba,Digital Nudging for Technical Debt Management: Insights from a Technology-driven Organization,"Today’s fast-growing and ever-changing business environments force software development teams to release high-quality software on a tight schedule. The notion of technical debt (TD) captures the technical compromises wherein software quality is sacrificed for short-term goals. One of the most significant challenges for technical debt management (TDM) is time as a factor of complexity. TD arises from decisions that are favorable in the short term but cause a need for complex and costly actions in the long term. Building on the applications of nudges – the use of small design modifications in choice environments to guide people’s behavior – and on their psychological effects, in this design science research we develop and evaluate design elements of a Technical Debt Management Label (as a TDM nudge) in a technology-driven organization. The TDM label aims to guide software developers’ decisions towards adopting TDM activities that are favorable in the long term.",2021.0,Hawaii International Conference on System Sciences,hawaii international conference on system sciences,A
0b6582edc24a472c65f5aaf5f69c43047f3c6040,Algorithmic fairness datasets: the story so far,"Data-driven algorithms are studied and deployed in diverse domains to support critical decisions, directly impacting people’s well-being. As a result, a growing community of researchers has been investigating the equity of existing algorithms and proposing novel ones, advancing the understanding of risks and opportunities of automated decision-making for historically disadvantaged populations. Progress in fair machine learning and equitable algorithm design hinges on data, which can be appropriately used only if adequately documented. Unfortunately, the algorithmic fairness community, as a whole, suffers from a collective data documentation debt caused by a lack of information on specific resources (opacity) and scatteredness of available information (sparsity). In this work, we target this data documentation debt by surveying over two hundred datasets employed in algorithmic fairness research, and producing standardized and searchable documentation for each of them. Moreover we rigorously identify the three most popular fairness datasets, namely Adult, COMPAS, and German Credit, for which we compile in-depth documentation. This unifying documentation effort supports multiple contributions. Firstly, we summarize the merits and limitations of Adult, COMPAS, and German Credit, adding to and unifying recent scholarship, calling into question their suitability as general-purpose fairness benchmarks. Secondly, we document hundreds of available alternatives, annotating their domain and supported fairness tasks, along with additional properties of interest for fairness practitioners and researchers, including their format, cardinality, and the sensitive attributes they encode. We summarize this information, zooming in on the tasks, domains, and roles of these resources. Finally, we analyze these datasets from the perspective of five important data curation topics: anonymization, consent, inclusivity, labeling of sensitive attributes, and transparency. We discuss different approaches and levels of attention to these topics, making them tangible, and distill them into a set of best practices for the curation of novel resources.",2022.0,Data mining and knowledge discovery,data mining and knowledge discovery,A
0c504391754107a7d2f90a34d563302bce3a653c,Delinquent Events Prediction in Temporal Networked-Guarantee Loans,"Under debt obligation promises, small- and medium-sized enterprises (SMEs) can guarantee each other to enhance their financial security to get loans from commercial banks. When the economy rises, the banks may reduce the threshold to some extent, which may introduce default risk during the economy down period, especially when many SMEs bind together and form complex networks. The risk may diffuse across the guarantee network and may result in a financial crisis. Macroprudential oversight of the guarantee network to eliminate any potential systematics financial risk is the central task of the regulatory commission and the commercial banks. Based on our observation, the delinquent probability of an SME depends not only on self-financial status but also highly related to its temporal behaviors and structural position in networks. The classic approach for loan assessment criteria face challenges in extracting temporal and structural patterns from dynamic networks. To address these issues, we propose a temporal delinquent event prediction (TDEP) framework that preserves temporal network structures and credit behavior sequences in an end-to-end model. In particular, we first employ a graph attention layer to learn the representation of nodes in temporal guarantee networks. We then design a recursive and self-attention mechanism to integrate both credit behavior and network structure information. The learned attentional weights are leveraged to uncover high-risk guarantee patterns that effectively accelerate the risk assessment process. Afterward, we conduct extensive experiments in a real-world guaranteed-loan data set to evaluate its performance. The results show the effectiveness of our proposed approach compared with the state-of-the-art baselines. Finally, we integrate the proposed model in a real-world loan risk management system. We present the implementation details of each subcomponent of the system and report out the performance after online deployment.",2020.0,IEEE Transactions on Neural Networks and Learning Systems,transactions on neural networks and learning systems,A*
13bb7ac99a70c1ce2a01a1b52ad0c1f1fb1d7106,An exploratory study on the introduction and removal of different types of technical debt in deep learning frameworks,"To complete tasks faster, developers often have to sacrifice the quality of the software. Such compromised practice results in the increasing burden to developers in future development. The metaphor, technical debt, describes such practice. Prior research has illustrated the negative impact of technical debt, and many researchers investigated how developers deal with a certain type of technical debt. However, few studies focused on the removal of different types of technical debt in practice. To fill this gap, we use the introduction and removal of different types of self-admitted technical debt (i.e., SATD) in 7 deep learning frameworks as an example. This is because deep learning frameworks are some of the most important software systems today due to their prevalent use in life-impacting deep learning applications. Moreover, the field of the development of different deep learning frameworks is the same, which enables us to find common behaviors on the removal of different types of technical debt across projects. By mining the file history of these frameworks, we find that design debt is introduced the most along the development process. As for the removal of technical debt, we find that requirement debt is removed the most, and design debt is removed the fastest. Most of test debt, design debt, and requirement debt are removed by the developers who introduced them. Based on the introduction and removal of different types of technical debt, we discuss the evolution of the frequencies of different types of technical debt to depict the unresolved sub-optimal trade-offs or decisions that are confronted by developers along the development process. We also discuss the removal patterns of different types of technical debt, highlight future research directions, and provide recommendations for practitioners.",2021.0,Empirical Software Engineering,empirical software engineering,A
1899934ca538284ec3225ec2eea1c97619c7d122,An Effective Digital System for Intelligent Financial Environments,"A good set of the financial system could take care of all accounting entries and their impacts on the whole intelligent financial environment. The total flow of money and total expenditures will be reflected here. The intelligent financial system can improve the utilization of data, increase the work efficiency of financial personnel, and increase the security of financial processing services. This system could help the managers make their important financial decisions, financial budgeting, and so on. They can know about the financial conditions at any time. Based on the collection and processing of financial data, we design and analyze the related financial system to carry out the intelligent property of the financial environments. The system extends the quality of financial reporting, SOX compliance, and internal controls in a financial system, including credit management, revenue recognition, bad debts allowance. Once there is an early warning in the financial system, our proposed enhanced system could give a fast early response, and bridge a positive linkage about the planning department, finance department, and top managers, which could avoid potential exposure to bad debts. This system guarantees that the credible customers are selected, and avoid the potential risk of bad debts are incurred by a loose credit limit. It strengthens the preventive control over aging receivables management and detects the potential risk of bad debts in the earlier system alert.",2019.0,IEEE Access,access,A
288d788247b7aa39a31af01c8f5e2c0d6a5034dd,The most common causes and effects of technical debt: first results from a global family of industrial surveys,"Background: The presence of technical debt (TD) brings risks to a software project and makes it difficult to manage. Several TD management strategies have been proposed, but considering actions that could explicitly prevent the insertion of TD in the first place and monitor its effects is not yet a common practice. Thus, while TD management is an important topic, it is also worthwhile to understand the causes that could lead development teams to incur different types of debt as well as the effects of their presence on software projects. Aims: The objective of this work is twofold. First, we investigate the state of practice in the TD area including the status quo, the causes that lead to TD occurrence, and the effects of existing TD. Second, we present the design of InsighTD, a globally distributed family of industrial surveys on causes and effects of TD, and the results of its first execution. Method: We designed the InsighTD in joint collaboration with several TD researchers. It is designed to run as an incremental large scale study based on continuous and independent replications of the questionnaire in different countries. Results: This paper presents the first results of the first execution of the survey. In total, 107 practitioners from the Brazilian software industry answered the questionnaire. Results indicate that there is a broad familiarity with the concept of TD. Deadlines, inappropriate planning, lack of knowledge, and lack of a well-defined process are among the top 10 cited and most likely causes that lead to the occurrence of TD. On the other side, low quality, delivery delay, low maintainability, rework and financial loss are among the top 10 most commonly cited and impactful effects of TD. Conclusion: With InsighTD, we intend to reduce the problem of isolated investigations in TD that are not yet representative and, thus, build a continuous and generalizable empirical basis for understanding practical problems and challenges of TD.",2018.0,International Symposium on Empirical Software Engineering and Measurement,empirical software engineering and measurement,A
2d2492dfa37ed5e11ad9ed32e9427d365c85fa9c,Automated detection of algorithm debt in deep learning frameworks: an empirical study,"Expedient design choices in software development can lead to Technical Debt (TD), with development teams documenting such decisions as Self-Admitted TD (SATD). Algorithm Debt (AD) is a type of TD resulting from the suboptimal implementation of algorithms, which impacts system performance. Given the impact of AD, its automated detection is crucial in Deep Learning (DL) frameworks due to their complexity and evolution. Early detection of AD in DL frameworks can help mitigate model degradation and scalability issues. Despite previous studies on the automated detection of TD from SATD using Machine Learning (ML)/DL models, research on AD detection in DL frameworks remains underexplored. In this study, we empirically investigated the performance of ML/DL models for the automated detection of AD using a dataset of 38, 881 SATD comments from seven DL frameworks. We trained, evaluated, and tested ML/DL models, used embeddings from both DL and large language models, and explored an approach to enrich the dataset with handcrafted features based on AD-related keywords. Our findings reveal that AD is frequently misclassified as Design or Implementation Debt. Logistic Regression (an ML model) with Custom AD Features, achieved an F1-score of 54% for AD, outperforming other ML/DL models (42% to 52%), highlighting the importance of tailored feature engineering. Our research advances automated AD detection in DL frameworks by providing insights into the strengths and limitations of ML/DL models, serving as a first step to guide future tool development. This could help developers using DL frameworks to identify AD issues during development, thereby enhancing system reliability by mitigating model degradation and scalability challenges.",2024.0,Empirical Software Engineering,empirical software engineering,A
305a6a45004aa02468779c37111ec149be0deec5,Temporal Discounting in Software Engineering: A Replication Study,"Background: Many decisions made in Software Engineering practices are intertemporal choices: trade-offs in time between closer options with potential short-term benefit and future options with potential long-term benefit. However, how software professionals make intertemporal decisions is not well understood. Aim: This paper investigates how shifting time frames influence preferences in software projects in relation to purposefully selected background factors. Method: We investigate temporal discounting by replicating a questionnaire-based observational study. The replication uses a changed-population and -experimenter design to increase the internal and external validity of the original results. Results: The results of this study confirm the occurrence of temporal discounting in samples of both professional and student participants from different countries and demonstrate strong variance in discounting between study participants. We found that professional experience influenced discounting. Participants with broader professional experience exhibited less discounting than those with narrower experience. Conclusions: The results provide strong empirical support for the relevance and importance of temporal discounting in SE and the urgency of targeted interdisciplinary research to explore the underlying mechanisms and their theoretical and practical implications. The results suggest that technical debt management could be improved by increasing the breadth of experience available for critical decisions with long-term impact. In addition, the present study provides a methodological basis for replicating temporal discounting studies in software engineering.",2019.0,International Symposium on Empirical Software Engineering and Measurement,empirical software engineering and measurement,A
3e78439618437ddf1a7554166d7423757d262a47,DebtCom: Technical Debt-Aware Service Recomposition in SaaS Cloud,"Given the changing workloads from the tenants, it is not uncommon for a service composition running in the multi-tenant SaaS cloud to encounter under-utilization and over-utilization on the component services. Both cases are undesirable and it is therefore nature to mitigate them by recomposing the services to a newly optimized composition plan once they have been detected. However, this ignores the fact that under-/over-utilization can be merely caused by temporary effects, and thus the advantages may be short-term, which hinders the long-term benefits that could have been created by the original composition plan, while generating unnecessary overhead and disturbance via recomposition. In this article, we propose DebtCom, a framework that determines whether to trigger recomposition based on the technical debt metaphor and time-series prediction of workload. In particular, we propose a service debt model, which has been explicitly designed for the context of service composition, to quantify the debt. Our core idea is that recomposition can be unnecessary if the under-/over-utilization only cause temporarily negative effects, and the current composition plan, although carries debt, can generate greater benefit in the long-term. We evaluate DebtCom on a large scale service system with up to 10 abstract services, each of which has 100 component services, under real-world dataset and workload traces. The results confirm that, in contrast to the state-of-the-art, DebtCom achieves better utility while having lower cost and number of recompositions, rendering each composition plan more sustainable.",2023.0,IEEE Transactions on Services Computing,transactions on services computing,A*
42f7e8f0a47c11c43498181beee2d3fde5054e02,Full Dynamic Implementation,"Coordination and learning both play fundamental roles in social and economic life. For instance, investors would like to coordinate their loan decisions with other investors, but also learn over time about the profitability of a company; consumers would like to adopt a networked product if other consumers do the same, but also learn over time about the quality of the product; citizens would like to protest if others also turn out, but also learn over time about the venality of the current regime. In each of these examples, whether coordination succeeds or fails is shaped by the dynamic information environment---who learns what, what is learnt, and how quickly. Thus, dynamic information is a powerful tool for shaping coordination outcomes. Motivated by such questions, we study the design of dynamic information in a continuous-time binary-action supermodular game with small frictions: each agent can only re-optimize their action at random arrival times (e.g., the ticks of an independent personal clock). There is public learning so the common belief μt at time t governs aggregate incentives. Switching frictions introduce intertemporal linkages: an agent with the opportunity to re-optimize at time t knows that after t, she is locked into her action until the next tick of her clock. Thus, the behavior of other players in the future---which depends on the future path of beliefs---matter for current incentives. But the behavior of those agents, in turn, depends on other agents further yet into the future which themselves depends on the path of beliefs even further out. Thus, the evolution of future beliefs---even those arbitrarily far into the future---shapes incentives in the present. Our first main result is that for general supermodular games with switching frictions, the dynamic information structure which uniquely implements the largest perfect Bayesian equilibrium across time is noisy and conclusive public bad news. There is no multiplicity gap---the largest implementable equilibrium is also uniquely implementable. Importantly, such information structures are public and employ the expected dynamics of future (first-order) beliefs to uniquely implement the largest equilibrium while leaving higher-order beliefs degenerate. Indeed, we show that the designer cannot do better with private information. Furthermore, there is no intertemporal commitment gap---such information structures are sequentially optimal for a designer whose payoff is increasing in the measure of agents taking the largest action---as such, the designer cannot do better by committing to the design of future information. The optimality of noisy conclusive bad news is driven by three essential properties: it is (i) asymmetric so that the probability that beliefs move up is larger than the probability they move down; (ii) noisy so that beliefs do not, in expectation, move very much before the next tick of her clock; and (iii) history-invariant so that the optimal continuation structure from time t is the same no matter what the history of aggregate play and belief path up to and including time t is. All three properties---asymmetry, noise, and history-invariance---are essential. If the belief process were noisy but symmetric, then the agent whose clock has ticked at t with belief μt anticipates that beliefs are equally likely to move up or down. Indeed, if the environment is also symmetric, this would select a version of risk-dominant equilibrium. If the belief process were asymmetric but precise, she then puts more weight on conclusive bad news arriving before the next tick---thus, her fear of miscoordinating with future agents responding to this bad news would dominate. If the belief process were not history-invariant, then solving for the optimal continuation information structure at time t to implement the action 1 on the largest set of time-t beliefs does not suffice for dynamic optimality. History-invariance bridges this gap. We then analyze an extension of our environment in which agents have access to additional exogeneous sources of information. Thus, the designer no longer has monopoly over the information structure and can only add but not remove information. We characterize optimal adaptive information structures for full dynamic implementation.1 Whenever beliefs are above an endogeneous ""switching boundary"", it continues to deliver conclusive bad news at a trivial rate. However, when the exogeneous signals are sufficiently negative so that, sans extra information, beliefs would fall below the endogeneous boundary, the adaptive policy gives conclusive bad news at an elevated rate such as to approximately offset realizations of the exogeneous signal process. This intervention itself alters the ""switching boundary"" but we show that it is nonetheless dynamically optimal. As in the case where the designer has full control over dynamic information, there is no multiplicity gap and no intertemporal commitment gap. Our results have wide applicability to macroeconomics (Calvo price setting with complementarities), finance (staggered debt contracts and rollover risk), industrial organization (incumbent vs entrant platform competition), and political economy (dynamic regime change games). A full version of this paper can be found at https://papers.ssrn.com/sol3/papers.cfm?abstract_id=4669928",2024.0,ACM Conference on Economics and Computation,conference on economics and computation,A*
4d1e20dd10680957583e8a7e87e6273eeb57a62c,DCast: sustaining collaboration in overlay multicast despite rational collusion,"A key challenge in large-scale collaborative distributed systems is to properly incentivize the rational/selfish users so that they will properly collaborate. Within such a context, this paper focuses on designing incentive mechanisms for overlay multicast systems. A key limitation shared by existing proposals on the problem is that they are no longer able to provide proper incentives and thus will collapse when rational users collude or launch sybil attacks. This work explicitly aims to properly sustain collaboration despite collusion and sybil attacks by rational users. To this end, we propose a new decentralized DCast multicast protocol that uses a novel mechanism with debt-links and circulating debts. We formally prove that the protocol offers a novel concept of safety-net guarantee: A user running the protocol will always obtain a reasonably good utility despite the deviation of any number of rational users that potentially collude or launch sybil attacks. Our prototyping as well as simulation demonstrates the feasibility and safety-net guarantee of our design in practice.",2012.0,Conference on Computer and Communications Security,conference on computer and communications security,A*
55d5bcf2ad112d963f7ee86d96ed5ad7872a9236,Tracy: A Business-Driven Technical Debt Prioritization Framework,"Technical debt is a pervasive problem in software development. Software development teams have to prioritize debt items and determine whether they should address debt or develop new features at any point in time. This paper presents ""Tracy"", a framework for the prioritization of technical debt using a business-driven approach built on top of business processes. The current stage of the proposed framework is at the beginning of the third phase of Design Science Research, which is usually divided into the phases of exploration, engineering, and evaluation. The exploration and engineering phases involved the participation of 49 professionals from 12 different groups of three companies. The initial evaluation shows that the presented framework is coherent in its structure and that its results contribute to business-driven decision making on technical debt prioritization.",2019.0,IEEE International Conference on Software Maintenance and Evolution,software maintenance and evolution,A
6375b23a67a11067fd6a3f56bc0fb490c2ef09e6,Managing Technical Debt in Database Normalization,"Database normalization is one of the main principles for designing relational databases, which is the most popular database model, with the objective of improving data and system qualities, such as performance. Refactoring the database for normalization can be costly, if the benefits of the exercise are not justified. Developers often ignore the normalization process due to the time and expertise it requires, introducing technical debt into the system. Technical debt is a metaphor that describes trade-offs between short-term goals and applying optimal design and development practices. We consider database normalization debts are likely to be incurred for tables below the fourth normal form. To manage the debt, we propose a multi-attribute analysis framework that makes a novel use of the Portfolio Theory and the TOPSIS method (Technique for Order of Preference by Similarity to Ideal Solution) to rank the candidate tables for normalization to the fourth normal form. The ranking is based on the tables estimated impact on data quality, performance, maintainability, and cost. The techniques are evaluated using an industrial case study of a database-backed web application for human resource management. The results show that the debt-aware approach can provide an informed justification for the inclusion of critical tables to be normalized, while reducing the effort and cost of normalization.",2022.0,IEEE Transactions on Software Engineering,transactions on software engineering,A*
684b004aa569828223ac6a326c4a55a59bf472a1,Revisiting the First-Order-Approach to Principal-Agent Problems,"This paper revisits a long-standing question of the validity of the First-Order Approach (FOA) for Principal-Agent problems with moral hazard in the agent's hidden effort. The canonical formulation of the problem [Holmström, 1979] presents a technical challenge: the agent faces infinitely many incentive constraints. The standard approach has been to relax this set of constraints by replacing them with a local incentive constraint that requires the first-order derivative of the agent's utility at the chosen action to be zero. However, this relaxation results in a loss of optimality in general. To ensure the optimal solution to the relaxed problem remains optimal for the original problem, i.e., FOA is valid, the literature has derived various sufficient (exogenous) conditions, among which the Mirrlees-Rogerson Condition is the most widely used. Although this condition is justified for risk-averse agents, its applicability in scenarios of risk-neutral agents with limited liability has not been scrutinized. We demonstrate with an example that the Mirrlees-Rogerson Condition fails to guarantee the validity of FOV in such scenarios. Some studies have explored alternative approaches to evade FOA altogether. These methods include Grossman and Hart [1983] who restrict attention to finite output levels and thus a finite-dimensional contract space; and Poblete and Spulber [2012] who impose additional endogenous assumptions (e.g., monotonicity) on the optimal contract. Thus, the former cannot cover many practically relevant situations where the contract space is uncountable and the latter fails to ensure the global optimality of the solutions in a larger contract space without the imposed endogenous assumptions. We propose a new solution framework that tweaks (rather than avoids) the FOA without sacrificing optimality, namely, a less stringent notion that only requires FOA to be valid for Quota-Bonus contracts (FOAVQB). This proposal is rationalized by our finding that any feasible contract of the relaxed problem can be matched by a quota-bonus contract in terms of the principal's payoff. This desirable property does not extend to other simple contract forms commonly seen in practice, such as linear or debt contracts. We further identify exogenous sufficient conditions that justify FOAVQB, ensuring the optimality of quota-bonus contracts for the original problem. We show that these sufficient conditions are less demanding than the Mirrlees-Rogerson Condition and are flexible enough to accommodate common instances where the agent's expected utility is non-unimodal in effort (besides those with a unimodal utility function), contrasting the literature that typically justifies FOA by finding conditions to guarantee unimodality. Our paper thus fills an important gap in the literature on contract design under risk-neutrality and limited liability. A full version of this paper can be found at https://papers.ssrn.com/sol3/papers.cfm?abstract_id=4715135",2024.0,ACM Conference on Economics and Computation,conference on economics and computation,A*
7c393b9d4096b04c9cc369fb5b7c6d028e129074,Tax Default Prediction Using Feature Transformation-Based Machine Learning,"This study proposes to address the economic significance of unpaid taxes by using an automatic system for predicting a tax default. Too little attention has been paid to tax default prediction in the past. Moreover, existing approaches tend to apply conventional statistical methods rather than advanced data analytic approaches, including state-of-the-art machine learning methods. Therefore, existing studies cannot effectively detect tax default information in real-world financial data because they fail to take into account the appropriate data transformations and nonlinear relationships between early-warning financial indicators and tax default behavior. To overcome these problems, this study applies diverse feature transformation techniques and state-of-the-art machine learning approaches. The proposed prediction system is validated by using a dataset showing tax defaults and non-defaults at Finnish limited liability firms. Our findings provide evidence for a major role of feature transformation, such as logarithmic and square-root transformation, in improving the performance of tax default prediction. We also show that extreme gradient boosting and the systematically developed forest of multiple decision trees outperform other machine learning methods in terms of accuracy and other classification performance measures. We show that the equity ratio, liquidity ratio, and debt-to-sales ratio are the most important indicators of tax defaults for 1-year-ahead predictions. Therefore, this study highlights the essential role of well-designed tax default prediction systems, which require a combination of feature transformation and machine learning methods. The effective implementation of an automatic tax default prediction system has important implications for tax administration and can assist administrators in achieving feasible government expenditure allocations and revenue expansions.",2021.0,IEEE Access,access,A
930655f7b3592181ebbb86c1cd6bcecc7397b03b,Deep Learning Anti-Fraud Model for Internet Loan: Where We Are Going,"Recently, Internet finance is increasingly popular. However, bad debt has become a serious threat to Internet financial companies. The fraud detection models commonly used in conventional financial companies is logistic regression. Although it is interpretable, the accuracy of the logistic regression still remains to be improved. This paper takes a large public loan dataset, e.g. Lending club, for example, to explore the potential of applying deep neural network for fraud detection. We first fill the missing values by a random forest. Then, an XGBoost algorithm is employed to select the most discriminate features. After that, we propose to use a synthetic minority oversampling technique to deal with the sample imbalance. With the preprocessed data, we design a deep neural network for Internet loan fraud detection. Extensive experiments have been conducted to demonstrate the outperformance of the deep neural network compared with the commonly-used models. Such a simple yet effective model may brighten the application of deep learning in anti-fraud for Internet loans, which would benefit the financial engineers in small and medium Internet financial companies.",2021.0,IEEE Access,access,A
95606b1f7a8a49922065e7013ea1f3b02c39defe,Addressing systemic risk using contingent convertible debt - A network analysis,"Abstract We construct a balance sheet network model to study the interconnectedness of a banking system. A simulation analysis of the buffer effect of contingent convertible (CoCo) debt in controlling contagion in a theoretical banking network model is followed by calibrating the model using 13F filings. We find that CoCo debt conversion significantly mitigates systemic risk, with a dual-trigger CoCo debt design being more effective in protecting the surviving banks. A two-tranche CoCo debt design combines the benefits of single and dual-trigger CoCo debt. The trade-offs in different designs of CoCo triggers can be evaluated in a network simulation model, as developed in this work.",2021.0,European Journal of Operational Research,european journal of operational research,A
9da21a344d2ebb72a631e373ebae6adfd5168f98,People and Management Debt in ML-Integrated Software Projects: Structuring Industry Insights,"The accelerated development of Machine Learning (ML) tools, combined with broader access to frameworks and infrastructures, has driven the rapid adoption of ML-based solutions in industry. However, their integration into software systems introduces unique challenges, particularly for managing technical debt (TD). Traditional TD research focuses primarily on technical issues, but in ML systems, people and management factors, referred to as nontechnical debt (NTD), play a critical role in TD accumulation and persistence. In this study, we investigate the underexplored dimension of NTD in ML-integrated software systems, focusing on people- and management-related factors. Using Design Science Research (DSR) methodology, we developed an artifact in an iterative incremental manner that categorizes NTD issues in ML systems. As part of this process, we conducted semi-structured interviews with 18 professionals from 15 companies, examining 22 ML projects. Through thematic analysis, we identified 15 NTD categories, 10 of which relate to people debt, and the remaining 5 to management debt. Each category is associated with underlying causes, short-term fixes, and potential solutions. Our findings show that NTD in ML projects frequently arise from inadequate decision-making practices, particularly those related to technology adoption, knowledge management, and human resource planning. Additional sources of NTD include challenges in team dynamics, such as insufficient collaboration, poor skill integration, and ineffective team structuring, as well as communication barriers rooted in organizational culture and team interactions. These factors collectively and substantially impact project outcomes. While band-aid solutions may provide short-term relief, they frequently contribute to accumulation over time. To support practitioners and researchers, our study complements the proposed artifact with actionable recommendations informed by expert perspectives and literature.",2025.0,IEEE Access,access,A
acf1a5a4fa8988cb602fd5e16a3650357533d40e,Massive-Scale Graph Mining Technique for Entrepreneurial Debt Analysis,"Investigating credit risk in contemporary entrepreneurial debt analysis is the key for maintaining financial stability. Entrepreneurial debt management, facilitated by innovative financing models, is significant in fostering economic as well as social development. However, due to certain imperfections in these financial systems, this model is exposed to considerable risks. To precisely predict the risk level of each entrepreneurial debt, this paper presents a novel methodology combining a massive-scale affinity graph construction and efficient subgraph mining for categorizing each entrepreneurial debt into one of the multiple debt-level subgraphs. This approach marks a substantial contribution to the advancement and generalization of entrepreneurial debt management systems. For extensively testifying our approach, we collected a huge data set containing entrepreneurial debt information from nearly 1.41 million company with different sizes throughout the world. Our experimental results showed that our designed method achieves an impressive 97.93% accuracy in predict different risk levels in entrepreneurial debt management, highlighting its efficacy and potential for broad implementation.",2024.0,IEEE Access,access,A
c06bea1823f228476f3113f8dda6ead6afdc68bc,Measuring affective states from technical debt,"Software engineering is a human activity. Despite this, human aspects are under-represented in technical debt research, perhaps because they are challenging to evaluate. This study’s objective was to investigate the relationship between technical debt and affective states (feelings, emotions, and moods) from software practitioners. Forty participants (N = 40) from twelve companies took part in a mixed-methods approach, consisting of a repeated-measures (r = 5) experiment (n = 200), a survey, and semi-structured interviews. From the qualitative data, it is clear that technical debt activates a substantial portion of the emotional spectrum and is psychologically taxing. Further, the practitioners’ reactions to technical debt appear to fall in different levels of maturity. The statistical analysis shows that different design smells (strong indicators of technical debt) negatively or positively impact affective states. We argue that human aspects in technical debt are important factors to consider, as they may result in, e.g., procrastination, apprehension, and burnout.",2020.0,Empirical Software Engineering,empirical software engineering,A
c8d22104c03f06a4bed97fa1e42bc846edf90972,DATESSO: Self-Adapting Service Composition with Debt-Aware Two Levels Constraint Reasoning,"The rapidly changing workload of service-based systems can easily cause under-/over-utilization on the component services, which can consequently affect the overall Quality of Service (QoS), such as latency. Self-adaptive services composition rectifies this problem, but poses several challenges: (i) the effectiveness of adaptation can deteriorate due to over-optimistic assumptions on the latency and utilization constraints, at both local and global levels; and (ii) the benefits brought by each composition plan is often short term and is not often designed for long-term benefits—a natural prerequisite for sustaining the system. To tackle these issues, we propose a two levels constraint reasoning framework for sustainable self-adaptive services composition, called DATESSO. In particular, DATESSO consists of a refined formulation that differentiates the ‘strictness’ for latency/utilization constraints in two levels. To strive for long-term benefits, DATESSO leverages the concept of technical debt and time-series prediction to model the utility contribution of the component services in the composition. The approach embeds a debt-aware two level constraint reasoning algorithm in DATESSO to improve the efficiency, effectiveness and sustainability of self-adaptive service composition. We evaluate DATESSO on a service-based system with real-world WS-DREAM dataset and comparing it with other state-of-the-art approaches. The results demonstrate the superiority of DATESSO over the others on the utilization, latency and running time whilst likely to be more sustainable.",2020.0,International Symposium on Software Engineering for Adaptive and Self-Managing Systems,software engineering for adaptive and self-managing systems,A
cc88016d00c45a9f739142fb087fb547c6e94bbb,FairChecker: Detecting Fund-Stealing Bugs in DeFi Protocols via Fairness Validation,"Decentralized Finance (DeFi) is an emerging paradigm within the blockchain space that aims to revolutionize conventional financial systems by applying blockchain technology. The substantial value of digital assets managed by DeFi protocols makes it a lucrative target for attacks. Despite the human resources and the application of automated tools, frequent attacks still cause significant fund losses to DeFi participants. Existing tools primarily rely on oracles similar to those used in traditional software analysis, making it challenging for them to detect functional bugs specific to the DeFi domain. Since blockchain functions as a distributed ledger system, the foundation of any DeFi protocol is the accurate maintenance of key state variables representing user funds. If these variables are not properly updated or designed to reflect the intended flow of funds, attackers can exploit these flaws to steal assets. From the study of popular DeFi protocols, we observe that, in DeFi systems, to ensure a transaction does not misappropriate someone's fund, the direction of changes (increase or decrease) of values associated with the amount of asset or debt of a user has to adhere to some fairness properties. We propose a concept called fairness bug which allows attackers to gain profit without cost. We propose an inter-procedural and inter-contract static analysis technique that utilizes symbolic execution and an SMT solver to automatically detect fairness bugs in DeFi smart contracts. We have implemented our fairness-checking approach in our tool, named FairChecker. We evaluate our tool on a benchmark of 113 real-world DeFi protocols with 34 fairness bugs. The results show that our tool can detect 32 bugs with a recall of 94.1 % and a precision of 46.4 %, demonstrating its effectiveness.",2025.0,International Conference on Software Engineering,software engineering,A*
e8c1006551f02252349ddaa2d6268ca216c6edc3,Algorithmic decision-making and system destructiveness: A case of automatic debt recovery,"ABSTRACT Governments are increasingly relying on algorithmic decision-making (ADM) to deliver public services. Recent information systems literature has raised concerns regarding ADM’s negative unintended consequences, such as widespread discrimination, which in extreme cases can be destructive to society. The extant empirical literature, however, has not sufficiently examined the destructive effects of governmental ADM. In this paper, we report on a case study of the Australian government’s “Robodebt” programme that was designed to automatically calculate and collect welfare overpayment debts from citizens but ended up causing severe distress to citizens and welfare agency staff. Employing perspectives from systems thinking and organisational limits, we develop a research model that explains how a socially destructive government ADM programme was initiated, sustained, and delegitimized. The model offers a set of generalisable mechanisms that can benefit investigations of ADM’s consequences. Our findings contribute to the literature of unintended consequences of ADM and demonstrate to practitioners the importance of setting up robust governance infrastructures for ADM programmes.",2021.0,European Journal of Information Systems,european journal of information systems,A*
f028b8daf39c19dae141da2f36c475373a3ba2d0,Construction,": The Public Private Partnership (PPP) is an alternative option to overcome for limited funding in meeting the financing needs for the provision of toll road infrastructure so that the project can still be carried out. However, infrastructure projects with PPP schemes require large investments and a relatively long concession period, thus allowing risk uncertainty to arise as a result of decisions made during the project to minimize the effect of risk on the financial aspects of the project. This study was aimed at identifying critical risks that affect the financial aspects of toll road PPP projects. Critical risk is defined as a unique risk and/or has differences from other risks that are reviewed in certain aspects. The case study was conducted on the Trans Sumatra toll road project in South Sumatra, to minimize the risks that occur in the construction of the second phase of the Trans Sumatra toll road, identification of the risks that occur in the first phase is carried out. Quantitative data (questionnaire survey) and qualitative data (interview) were collected from the toll-road private sector. The results of the study identified thirteen critical risks of the toll road project, namely the risks of unavailability of land, problems related to contract documents, inaccurate data assumptions in the feasibility study, geographical conditions, delay in work progress / incompleted on time, design errors that causing addendums/ constructions modification, force majeure, extreme weather, delay in government approval, maintenance on a large scale / more than the estimated coverage and resulting in additional costs, lack of financial resources, inability to pay debts resulting from insufficient project revenue streams and delay in financial closing due to insufficient equity contribution",2021.0,Natural Language Engineering,natural language engineering,A
f3306b539659b2202550eed4c844cb5908299050,"Prevalence, Common Causes and Effects of Technical Debt: Results from a Family of Surveys with the IT Industry","The technical debt (TD) metaphor describes actions made during various stages of software development that lead to a more costly future regarding system maintenance and evolution. According to recent studies, on average 25% of development effort is spent, i.e. wasted, on TD caused issues in software development organizations. However, further research is needed to investigate the relations between various software development activities and TD. The objective of this study is twofold. First, to get empirical insight on the understanding and the use of the TD concept in the IT industry. Second, to contribute towards precise conceptualization of the TD concept through analysis of causes and effects. In order to address the research objective a family of surveys was designed as a part of an international initiative that congregates researchers from 12 countries -- InsighTD. At country level, national teams ran survey replications with industry practitioners from the respective countries. In total 653 valid responses were collected from 6 countries. Regarding the prevalence of the TD concept 22% of practitioners have only theoretical knowledge about it, and 47% have some practical experiences with TD identification or management. Further analysis indicated that senior practitioners who work in larger organizations, larger teams, and on larger systems are more likely to be experienced with TD management. Time pressure or deadline was the single most cited cause of TD. Regarding the effects of TD: delivery delay, low maintainability, and rework were the most cited. InsighTD is the first family of surveys on technical debt in software engineering. It provided a methodological framework that allowed multiple replication teams to conduct research activities and to contribute to a single dataset. Future work will focus on more specific aspects of TD management.",2021.0,Journal of Systems and Software,journal of systems and software,A
f81b3456be400d063c49abe5712e58d54e806a78,Digital nudging for technical debt management at Credit Suisse,"ABSTRACT Technical debt (TD) is a technical compromise wherein the ability to maintain information technology (IT) applications over the long term is sacrificed for short-term goals. TD occurs when software development teams undergo constant pressure to release applications swiftly, on a tight schedule. The accumulation of TD, which often leads to a significant cost surplus, presents a ubiquitous challenge in technology-driven organisations. To keep TD levels under control, many organisations implement top-down mechanisms that impose enterprise-wide principles on software development teams. This clinical research presents a complementary but distinct approach to managing TD. A digital nudge was introduced at Credit Suisse, a global financial services company, to help raise awareness and understanding, and stimulate actions related to TD decision-making in software development teams. This paper reports on the nudge’s clinical design, implementation, impact, and evaluation. As the nudge was effective in reducing TD in IT applications after one year of use, we demonstrate that digital nudges are viable means for guiding collective decisions in complex decision environments like that of TD management. Our findings have several implications for research and practice.",2022.0,European Journal of Information Systems,european journal of information systems,A*
f862ef42927504eeedd3f491327f267aba7db53c,Software Security Specifications and Design: How Software Engineers and Practitioners Are Mixing Things up,"Huge numbers of worldwide-deployed software suffer from poor quality and possess vulnerabilities with serious impact. Meanwhile, people are using such software to save and manage their valuable information including their monetary data. This has increased the hackers' appetite to attack software. Henceforth, researchers and practitioners are convinced that software security is not an added value or a gold-plating need. Consequently, security requirements specification and implementation become vital during the software development process. Unfortunately, researchers and practitioners are doing so in a rush. This has made them mix concepts and practices up in a way that can terribly make the problem of delivering software overdue more chronic which will result in a security and technical debt. This research represents a corrective study that sheds light on what has been achieved in analyzing and designing secure software and what are the problems committed and how to handle them.",2020.0,International Conference on Evaluation & Assessment in Software Engineering,evaluation and assessment in software engineering,A
449fbe0415cdfce48f7742f17d0141b2165b50d4,Achieving agility and quality in product development - an empirical study of hardware startups,"Abstract Context: Startups aim at scaling their business, often by developing innovative products with limited human and financial resources. The development of software products in the startup context is known as opportunistic, agility-driven, and with high tolerance for technical debt. The special context of hardware startups calls for a better understanding of state-of-the-practice of hardware startups’ activities. Objective: This study aimed to identify whether and how startups can achieve product quality while maintaining focus on agility. Method: We conducted an exploratory study with 13 hardware startups, collecting data through semi-structured interviews and analysis of documentation. We proposed an integrative model of agility and quality in hardware startups. Results: Agility in hardware startups is complex and not achieved through adoption of fast-paced development practices alone. Hardware startups follow a quality-driven approach for development of core components, where frequent user testing is a measure for early debt management. Hardware startups often lack mindset and strategies for achieving long-term quality in early stages. Conclusions: Hardware startups need attention to hardware quality to allow for evolutionary prototyping and speed. Future research should focus on defining quality-driven practices that contribute to agility, and strategies and mindsets to support long-term quality in the hardware startup context.",2020.0,Journal of Systems and Software,journal of systems and software,A
fa6ca85ae0461fb671dfb89ede0735132999505c,Analisis Sistem Pengendalian Piutang Usaha Untuk Meminimalkan Piutang Tak Tertagih Pada Bank Papua Cabang Makassar,"Penelitian ini bertujuan untuk menganalisis sistem pengendalian piutang usaha dalam upaya meminimalkan piutang tak tertagih pada Bank Papua Cabang Makassar. Pengelolaan piutang usaha merupakan aspek penting dalam menjaga stabilitas keuangan perbankan, mengingat aktivitas penyaluran kredit berpotensi menimbulkan risiko kredit bermasalah. Pendekatan penelitian yang digunakan adalah deskriptif dengan memanfaatkan data primer dan data sekunder yang diperoleh melalui observasi dan dokumentasi. Analisis difokuskan pada pengukuran efektivitas pengendalian piutang menggunakan indikator receivable turn over dan average collection period. Hasil penelitian menunjukkan adanya peningkatan nilai receivable turn over yang mencerminkan percepatan perputaran piutang menjadi kas selama periode penelitian. Selain itu, nilai average collection period mengalami penurunan yang menunjukkan semakin singkatnya waktu penagihan piutang. Kondisi tersebut mengindikasikan bahwa sistem pengendalian piutang usaha yang diterapkan telah berjalan relatif efektif dalam mendukung pengelolaan piutang. Pengendalian piutang yang baik berkontribusi terhadap peningkatan likuiditas dan kelancaran arus kas bank. Temuan penelitian ini memberikan implikasi praktis bagi manajemen perbankan dalam mengevaluasi dan memperkuat kebijakan pengendalian piutang usaha guna meminimalkan risiko piutang tak tertagih.
This study aims to analyze the trade receivables control system in minimizing uncollectible receivables at Bank Papua Makassar Branch. Trade receivables management is a crucial aspect of maintaining financial stability in banking, given that credit distribution inherently entails the risk of bad debts. The research employed a descriptive approach using both primary and secondary data obtained through observation and documentation. The analysis evaluated the effectiveness of receivables control using the receivables turnover and average collection period indicators. The results indicate an increasing trend in receivable turnover, reflecting an improvement in the speed with which receivables are converted into cash over the observed period. In addition, the average collection period declined, indicating a shorter time required to collect receivables. These findings suggest that the implemented receivables control system has been relatively effective in supporting receivables management. Effective control of receivables contributes to improved liquidity and smoother cash flow within the bank. This study provides practical implications for banking management in strengthening receivables control policies to reduce the risk of uncollectible receivables.",2025.0,Access,access,A
01c5f4c52af3265659902ac8139c45e2499eaa94,Explainable AI for Identifying and Managing Test Debt in Automated Testing,"Background: Testing is a crucial activity in software development, but over time, test suites can accumulate test debt-such as flaky, redundant, or overly complex tests. As a subset of technical debt, test debt represents the long-term costs of suboptimal testing practices. Technical debt (TD) refers to the choice of quick solutions in software development instead of more robust and long-term approaches and it has a negative impact on software projects and has attracted significant interest from both industry and academia. With the increasing complexity of modern software, automated testing is essential for maintaining quality, speed, and customer satisfaction. Like other types of technical debt, test debt silently erodes productivity, increases maintenance costs, and reduces reliability in the software development lifecycle. Despite its impact, identifying and managing test debt remains challenging. Developers often face unclear test failures, redundant checks, and a lack of tools to understand root causes or determine what needs to be fixed. Many researchers have been working on leveraging machine learning to better identify and then reduce technical debt in software development. However, these methods often lack transparency-leaving practitioners unsure of how or why decisions are made. This gap between machine learning and actionable insight highlights the need for more interpretable approaches. Aims: This research aims to address this gap by applying explainable artificial intelligence (XAI) to create a tool that helps software teams detect and interpret test debt in automated testing environments. Method: XAI methods improve traceability, trust, and transparency, enabling developers to better comprehend test behaviour. Expected Results: By providing explanations, teams are empowered to have a better understanding and decision-making about test maintenance and improvement. By improving the visibility of the interpretability of test debt, this research contributes to more resilient testing, better-informed software engineers, and more sustainable software systems.",2025.0,International Symposium on Empirical Software Engineering and Measurement,empirical software engineering and measurement,A
0d28d5b171f4c969f054a1a6ade29ad26e57f09e,Aligning Technical Debt Prioritization with Business Objectives: A Multiple-Case Study,"Technical debt (TD) is a metaphor to describe the trade-off between short-term workarounds and long-term goals in software development. Despite being widely used to explain technical issues in business terms, industry and academia still lack a proper way to manage technical debt while explicitly considering business priorities. In this paper, we report on a multiple-case study of how two big software development companies handle technical debt items, and we show how taking the business perspective into account can improve the decision making for the prioritization of technical debt. We also propose a first step toward an approach that uses business process management (BPM) to manage technical debt. We interviewed a set of IT business stakeholders, and we collected and analyzed different sets of technical debt items, comparing how these items would be prioritized using a purely technical versus a business-oriented approach. We found that the use of business process management to support technical debt management makes the technical debt prioritization decision process more aligned with business expectations. We also found evidence that the business process management approach can help technical debt management achieve business objectives.",2018.0,IEEE International Conference on Software Maintenance and Evolution,software maintenance and evolution,A
0ea5ef082c9b8df726fc07dc2c3a41334f9ca99c,The use of incentives to promote Technical Debt management,"When developing software, it is vitally important to keep the level of technical debt down since it is well established from several studies that technical debt can, e.g., lower the development productivity, decrease the developers' morale, and compromise the overall quality of the software. However, even if researchers and practitioners working in today's software development industry are quite familiar with the concept of technical debt and its related negative consequences, there has been no empirical research focusing specifically on how software managers actively communicate and manage the need to keep the level of technical debt as low as possible.",2021.0,Information and Software Technology,information and software technology,A
15afe1302022af8124fcb3fad0227b38bd435415,Assessing TD Macro-Management: A Nested Modeling Statistical Approach,"Quality improvement can be performed at the: (a) micro-management level: interventions applied at a fine-grained level (e.g., at a class or method level, by applying a refactoring); or (b) macro-management level: interventions applied at a large-scale (e.g., at project level, by using a new framework or imposing a quality gate). By considering that the outcome of any activity can be characterized as the product of impact and scale, in this paper we aim at exploring the impact of Technical Debt (TD) Macro-Management, whose scale is by definition larger than TD Micro-Management. By considering that TD artifacts reside at the micro-level, the problem calls for a nested model solution; i.e., modeling the structure of the problem: artifacts have some inherent characteristics (e.g., size and complexity), but obey the same project management rules (e.g., quality gates, CI/CD features, etc.). In this paper, we use the Under-Bagging based Generalized Linear Mixed Models approach, to unveil project management activities that are associated with the existence of HIGH_TD artifacts, through an empirical study on 100 open-source projects. The results of the study confirm that micro-management parameters are associated with the probability of a class to be classified as HIGH_TD, but the results can be further improved by controlling some project-level parameters. Based on the findings of our nested analysis, we can advise practitioners on macro-technical debt management approaches (such as “control the number of commits per day”, “adopt quality control practices”, and “separate testing and development teams”) that can significantly reduce the probability of all software artifacts to concentrate HIGH_TD. Although some of these findings are intuitive, this is the first work that delivers empirical quantitative evidence on the relation between TD values and project- or process-level metrics.",2023.0,IEEE Transactions on Software Engineering,transactions on software engineering,A*
162b81cb4660a050c5dbac56aa6c6ec7e70953d7,Exploring Community Smells in Open-Source: An Automated Approach,"Software engineering is now more than ever a community effort. Its success often weighs on balancing distance, culture, global engineering practices and more. In this scenario many unforeseen socio-technical events may result into additional project cost or “social” debt, e.g., sudden, collective employee turnover. With industrial research we discovered community smells, that is, sub-optimal patterns across the organisational and social structure in a software development community that are precursors of such nasty socio-technical events. To understand the impact of community smells at large, in this paper we first introduce CodeFace4Smells, an automated approach able to identify four community smell types that reflect socio-technical issues that have been shown to be detrimental both the software engineering and organisational research fields. Then, we perform a large-scale empirical study involving over 100 years worth of releases and communication structures data of 60 open-source communities: we evaluate (i) their diffuseness, i.e., how much are they distributed in open-source, (ii) how developers perceive them, to understand whether practitioners recognize their presence and their negative effects in practice, and (iii) how community smells relate to existing socio-technical factors, with the aim of assessing the inter-relations between them. The key findings of our study highlight that community smells are highly diffused in open-source and are perceived by developers as relevant problems for the evolution of software communities. Moreover, a number of state-of-the-art socio-technical indicators (e.g., socio-technical congruence) can be used to monitor how healthy a community is and possibly avoid the emergence of social debt.",2019.0,IEEE Transactions on Software Engineering,transactions on software engineering,A*
164ab98a98387f09960cb03cd598d28d48985133,Identification and measurement of Requirements Technical Debt in software development: A systematic literature review,"Context: Requirements Technical Debt are related to the distance between the ideal value of the specification and the actual implementation of the system, which are consequences of strategic decisions for immediate gains, or unintended changes in context. To ensure the evolution of the software, it is necessary to to manage TD. Identification and measurement are the first two stages of the management process; however, they are poorly explored in academic research in requirements engineering. Objective: We aimed to investigating which evidence helps to strengthen the TD requirements management process, including identification and measurement. Method: We conducted a Systematic Literature Review through manual and automatic searches considering 7499 studies from 2010 to 2020, and including 66 primary studies. Results: We identified some causes related to Technical Debt requirements, existing strategies to help in the identification and measurement, and metrics to support the measurement stage. Conclusion: The studies on Requirements Technical Debt are still preliminary, especially regarding management software. Yet, however, the interpersonal aspects that prove difficult in the implementation of such activities are not sufficiently addressed. Finally, the provision of metrics to help measure technical debt is part of the contribution of this search, providing insights into the application in its requirements context. © 2022TheAuthor(s).PublishedbyElsevierInc.ThisisanopenaccessarticleundertheCCBYlicense (http://creativecommons.org/licenses/by/4.0/).",2022.0,Journal of Systems and Software,journal of systems and software,A
1aa904e834bb0d0bfa5fdc867179026b1ed39572,"A tertiary study on technical debt: Types, management strategies, research trends, and base information for practitioners","Abstract Context The concept of technical debt (TD) contextualizes problems faced during software evolution considering the tasks that are not carried out adequately during its development. Currently, it is common to associate any impediment related to the software product and its development process to the definition of TD. This can bring confusion and ambiguity in the use of the term. Besides, due to the increasing amount of work in the area, it is difficult to have a comprehensive view of the plethora of proposals on TD management. Objective This paper intends to investigate the current state of research on TD by identifying what research topics have been considered, organizing research directions and practical knowledge that has already been defined, identifying the known types of TD, and organizing what activities, strategies and tools have been proposed to support the management of TD. Method A tertiary study was performed based on a set of five research questions. In total, 13 secondary studies, dated from 2012 to March 2018, were evaluated. Results The results of this tertiary study are beneficial for both practitioners and researchers. We evolved a taxonomy of TD types, identified a list of situations in which debt items can be found in software projects, and organized a map representing the state of the art of activities, strategies and tools to support TD management. Besides, we also summarized some research directions and practical knowledge, and identified the research topics that have been more considered in secondary studies. Conclusion This tertiary study revisited the TD landscape. Its results can help to identify points that still require further investigation in TD research.",2018.0,Information and Software Technology,information and software technology,A
1cfb0c1c9f659261456daabf17cbe1cfd878f0a5,An Empirical Study on Technical Debt in a Finnish SME,"Background. The need to release our products under tough time constraints has required us to take shortcuts during the implementation of our products and to postpone the correct implementation, thereby accumulating Technical Debt. Objective. In this work, we report the experience of a Finnish SME in managing Technical Debt (TD), investigating the most common types of TD they faced in the past, their causes, and their effects. Method. We set up a focus group in the case-company, involving different roles. Results. The results showed that the most significant TD in the company stems from disagreements with the supplier and lack of test automation. Specification and test TD are the most significant types of TD. Budget and time constraints were identified as the most important root causes of TD. Conclusion. TD occurs when time or budget is limited or the amount of work are not understood properly. However, not all postponed activities generated ”debt”. Sometimes the accumulation of TD helped meet deadlines without a major impact, while in other cases the cost for repaying the TD was much higher than the benefits. From this study, we learned that learning, careful estimations, and continuous improvement could be good strategies to mitigate TD These strategies include iterative validation with customers, efficient communication with stakeholders, meta-cognition in estimations, and value orientation in budgeting and scheduling.",2019.0,International Symposium on Empirical Software Engineering and Measurement,empirical software engineering and measurement,A
1d05d3c1f31ef83f4e2d07d2d5459bfd93b863dd,A Transformational Approach to Managing Data Model Evolution of Web Services,"The communication of web services is typically organized through public APIs, which rely on a common data model shared among all system components. Over time, this data model must be changed in order to accommodate new or changing requirements, and the system components including the data they are operating on must be migrated. In practice, however, not all the affected components can be migrated instantly and at the same time. A common approach is to plan data model changes in a backward compatible fashion, which eventually causes serious maintenance problems and is a common cause of technical debt. In this paper, we propose an alternative solution to this problem by using a translation layer serving as a round-trip migration service which is responsible for the lossless forth-and-back translation of object-oriented data model instances of different versions. We present a framework which offers a version-aware interface definition language (IDL) for APIs, a typed JavaScript-based language for defining migration functions using the IDL definition, and a run-time environment for executing migrations. This is bundled into an integrated development environment assisting developers in implementing migration functions. From a methodological point of view, the development of round-trip migrations is supported by a catalog which comprises a set of typical data model evolution scenarios along with corresponding suitable round-trip migration strategies. We validate our framework by carrying out an extensive evaluation including a systematic assessment of expressiveness using our catalog, micro-benchmarking the performance of round-trip migrations, as well as a practical application in a case study of a real-world e-commerce web application obtained from an industrial partner.",2023.0,IEEE Transactions on Services Computing,transactions on services computing,A*
1d7adc91cc7fe9dcee46e71933d9a4782f65db6b,Managing the requirements flow from strategy to release in large-scale agile development: a case study at Ericsson,"In a large organization, informal communication and simple backlogs are not sufficient for the management of requirements and development work. Many large organizations are struggling to successfully adopt agile methods, but there is still little scientific knowledge on requirements management in large-scale agile development organizations. We present an in-depth study of an Ericsson telecommunications node development organization which employs a large scale agile method to develop telecommunications system software. We describe how the requirements flow from strategy to release, and related benefits and problems. Data was collected by 43 interviews, which were analyzed qualitatively. The requirements management was done in three different processes, each of which had a different process model, purpose and planning horizon. The release project management process was plan-driven, feature development process was continuous and implementation management process was agile. The perceived benefits included reduced development lead time, increased flexibility, increased planning efficiency, increased developer motivation and improved communication effectiveness. The recognized problems included difficulties in balancing planning effort, overcommitment, insufficient understanding of the development team autonomy, defining the product owner role, balancing team specialization, organizing system-level work and growing technical debt. The study indicates that agile development methods can be successfully employed in organizations where the higher level planning processes are not agile. Combining agile methods with a flexible feature development process can bring many benefits, but large-scale software development seems to require specialist roles and significant coordination effort.",2017.0,Empirical Software Engineering,empirical software engineering,A
1dc2b459580c32612c9b532cafcd1a6401c80d59,Exploring Technical Debt in Security Questions on Stack Overflow,"Background: Software security is crucial to ensure that the users are protected from undesirable consequences such as malware attacks which can result in loss of data and, subsequently, financial loss. Technical Debt (TD) is a metaphor incurred by suboptimal decisions resulting in long-term consequences such as increased defects and vulnerabilities if not managed. Although previous studies have studied the relationship between security and TD, examining their intersection in developers' discussion on Stack Overflow (SO) is still unexplored. Aims: This study investigates the characteristics of security-related TD questions on SO. More specifically, we explore the prevalence of TD in security-related queries, identify the security tags most prone to TD, and investigate which user groups are more aware of TD. Method: We mined 117,233 security-related questions on SO and used a deep-learning approach to identify 45,078 security-related TD questions. Subsequently, we conducted quantitative and qualitative analyses of the collected security-related TD questions, including sentiment analysis. Results: Our analysis revealed that 38% of the security questions on SO are security-related TD questions. The most recurrent tags among the security-related TD questions emerged as “security” and “encryption.” The latter typically have a neutral sentiment, are lengthier, and are posed by users with higher reputation scores. Conclusions: Our findings reveal that developers implicitly discuss TD, suggesting developers have a potential knowledge gap regarding the TD metaphor in the security domain. Moreover, we identified the most common security topics mentioned in TD-related posts, providing valuable insights for developers and researchers to assist developers in prioritizing security concerns in order to minimize TD and enhance software security.",2023.0,International Symposium on Empirical Software Engineering and Measurement,empirical software engineering and measurement,A
20a616fbf8758a43cac61f0aa485f851882cc6e8,Branch Drift: A Visually Explainable Metric for Consistency Monitoring in Collaborative Software Development,"Modern software engineering uses branch-based workflows for collaborative development on a shared codebase. A branch may represent a task or feature within the responsibilities of a specific developer or team. When branches are merged, unanticipated conflicts occur frequently. Their resolution is time-consuming and costly. Depending on the development process, a branch exists for a few hours or up to several months. With increasing time and many branches, keeping track of potential merge conflicts becomes difficult. Typically, developers are unaware of these conflicts until the branches are merged. Issues solvable through joint reviews, discussion, and collaboration are therefore identified and resolved late. It is evident that the effort required to resolve merge conflicts poses an organizational technical debt. Project managers and team leaders must be able to track, analyze, and interpret the merge conflict potential to call for timely actions. Therefore, a metric is required. This work transfers the drift metric for inconsistency analysis from model-driven software engineering to branch-based software development. The resulting branch-drift metric summarizes the merge conflict potential of a development project in a numeric value. Its calculation is configurable to fit any project’s requirements. The branch-drift is based on an intuitive and explainable geometric representation, easing the analysis of conflict patterns and outliers. We evaluate the branch-drift by quantitatively analyzing and discussing the drift values, trends, and patterns for 21 large-scale open-source repositories over three months. The results of this work encourage and enable the continuous and configurable branch-drift calculation for arbitrary Git repositories. The developed tools and gathered data are publicly available.",2025.0,IEEE Access,access,A
23d24ec5c56d3136907574ea7b0b0c0fb3b55fdd,A Comprehensive View on TD Prevention Practices and Reasons for Not Preventing It,"Context. Technical debt (TD) prevention allows software practitioners to apply practices to avoid potential TD items in their projects. Aims. To uncover and prioritize, from the point of view of software practitioners, the practices that could be used to avoid TD items, the relations between these practices and the causes of TD, and the practice avoidance reasons (PARs) that could explain the failure to prevent TD. Method. We analyze data collected from six replications of a global industrial family of surveys on TD, totaling 653 answers. We also conducted a follow up survey to understand the importance level of analyzed data. Results. Most practitioners indicated that TD could be prevented, revealing 89 prevention practices and 23 PARs for explaining the failure to prevent TD. The article identifies statistically significant relationships between preventive practices and certain causes of TD. Further, it prioritizes the list of practices, PARs, and relationships regarding their level of importance for TD prevention based on the opinion of software practitioners. Conclusion. This work organizes TD prevention practices and PARs in a conceptual map and the relationships between practices and causes of TD in a Sankey diagram to help the visualization of the body of knowledge reported in this study.",2024.0,ACM Transactions on Software Engineering and Methodology,transactions on software engineering and methodology,A*
245fe77a10c6d80b6cd1e170d29e5c72460c8ace,Towards a Holistic Definition of Requirements Debt,"When not appropriately managed, technical debt is considered to have negative effects to the long term success of software projects. However, how the debt metaphor applies to requirements engineering in general, and to requirements engineering activities in particular, is not well understood. Grounded in the existing literature, we present a holistic definition of requirements debt which includes debt incurred during the identification, formalization, and implementation of requirements. We outline future assessment to validate and further refine our proposed definition. This conceptualization is a first step towards a requirements debt monitoring framework to support stakeholders decisions, such as when to incur and eventually pay back requirements debt, and at what costs.",2019.0,International Symposium on Empirical Software Engineering and Measurement,empirical software engineering and measurement,A
25db58c7337e4a7fc68140b2a05d6c0b6c6e38bd,"A Survey of Algorithm Debt in Machine and Deep Learning Systems: Definition, Smells, and Future Work","The adoption of Machine and Deep Learning (ML/DL) technologies introduces maintenance challenges, leading to Technical Debt (TD). Algorithm Debt (AD) is a TD type that impacts the performance and scalability of ML/DL systems. A review of 42 primary studies expanded AD’s definition, uncovered its implicit presence, identified its smells, and highlighted future directions. These findings will guide an AD-focused study, enhancing the reliability of ML/DL systems.",2026.0,ACM Computing Surveys,computing surveys,A*
2a65c31d3fb6765fea0fec12d3f01a393c6bf2a0,Software developer productivity loss due to technical debt - A replication and extension study examining developers' development work,"Software companies need to deliver customer value continuously, both from a short- and long-term perspective. However, software development can be impeded by technical debt (TD). Although significant theoretical work has been undertaken to describe the negative effects of TD, little empirical evidence exists on how much wasted time and additional activities TD causes. The study aims to explore the consequences of TD in terms of wastage of development time. This study investigates on which activities this wasted time is spent and whether different TD types impact the wasted time differently. This study reports the results of a longitudinal study surveying 43 developers and including16 interviews followed by validation by an additional study using a different and independent dataset and focused on replicating the findings addressing the findings. The analysis of the reported wasted time revealed that developers waste, on average, 23% of their time due to TD and that developers are frequently forced to introduce new TD. The most common activity on which additional time is spent is performing additional testing. The study provides evidence that TD hinders developers by causing an excessive waste of working time, where the wasted time negatively affects productivity.",2019.0,Journal of Systems and Software,journal of systems and software,A
2b32f7ccad791af87b277449897758ac231c3b9a,Managing Technical Debt in a Multidisciplinary Data Intensive Software Team: an Observational Case Study,"Context: There is an increase in the investment and development of data-intensive (DI) solutions, systems that manage large amounts of data. Without careful management, this growing investment will also grow associated technical debt (TD). Delivery of DI solutions requires a multidisciplinary skill set, but there is limited knowledge about how multidisciplinary teams develop DI systems and manage TD. Objective: This research contributes empirical, practice based insights about multidisciplinary DI team TD management practices. Method: This research was conducted as an exploratory observation case study. We used socio-technical grounded theory (STGT) for data analysis to develop concepts and categories that articulate TD and TDs debt management practices. Results: We identify TD that the DI team deals with, in particular technical data components debt and pipeline debt. We explain how the team manages the TD, assesses TD, what TD treatments they consider and how they implement TD treatments to fit sprint capacity constraints. Conclusion: We align our findings to existing TD and TDM taxonomies, discuss their implications and highlight the need for new implementation patterns and tool support for multidisciplinary DI teams.",2025.0,Journal of Systems and Software,journal of systems and software,A
2e80514248cda3d3b8d8a67931edb94c5a68eb42,Techno-Economic Investment Risk Modeling of Battery Energy Storage System Participating in Day-Ahead Frequency Regulation Market,"Owing to its high capital cost, Battery Energy Storage System (BESS) investment risk has received considerable attention in recent years. Currently, day-ahead frequency regulation service is one major revenue source for BESS, and the revenue is exposed to a compound of stochastic market risk and technical risk. On the market risk side, due to a lack of long-term contracts, investors are exposed to “price risk” and “volume (revenue hours) risk” over the entire investment horizon of 5–10 years. On the technical side, performance issues such as equipment degradation and inherent defects can result in reduced or even negative revenue for BESS under the pay-for-performance remuneration structure. Quantifying these risks is important for investors and banks to assess a project’s investability and bankability. However, existing BESS techno-economic literature has mostly focused on developing optimal control strategies to maximize revenue or optimal battery sizing to reduce capital expenditure. To our knowledge, none of the literature to date has addressed the long-term risk perspective of BESS investment. This study aims to fill this gap by developing a long-term probabilistic revenue estimate that considers these risk factors using Monte Carlo simulations. A case study using Taiwan’s newly launched day-ahead market, which has similar grid dynamics and revenue risk factors as in most markets, is also presented in this paper. Simulation result shows that, for the conservative P90 (90% exceedance probability) scenario, expected return of a hypothetical 10MW (half-hour battery) BESS investment is 8.65% and its debt service coverage ratio is 1.189.",2024.0,IEEE Access,access,A
377ce47bf6d58eefee1d2099c31b5143d39ed1a1,Technical Debt Monitoring Decision Making with Skin in the Game,"Technical Debt Management (TDM) can suffer from unpredictability, communication gaps and the inaccessibility of relevant information, which hamper the effectiveness of its decision making. These issues can stem from division among decision-makers which takes root in unfair consequences of decisions among different decision-makers. One mitigation route is Skin in the Game thinking, which enforces transparency, fairness and shared responsibility during collective decision-making under uncertainty. This article illustrates characteristics which require Skin in the Game thinking in Technical Debt (TD) identification, measurement, prioritisation and monitoring. We point out crucial problems in TD monitoring rooted in asymmetric information and asymmetric payoff between different factions of decision-makers. A systematic TD monitoring method is presented to mitigate the said problems. The method leverages Replicator Dynamics and Behavioural Learning. The method supports decision-makers with automated TD monitoring decisions; it informs decision-makers when human interventions are required. Two publicly available industrial projects with a non-trivial number of TD and timestamps are utilised to evaluate the application of our method. Mann–Whitney U hypothesis tests are conducted on samples of decisions from our method and the baseline. The statistical evidence indicates that our method can produce cost-effective and contextual TD monitoring decisions.",2024.0,ACM Transactions on Software Engineering and Methodology,transactions on software engineering and methodology,A*
40fabef9642fc4f63bd9ab0f8a7aaec9034324a4,Agile software development one year into the COVID-19 pandemic,"As a result of the COVID-19 pandemic, many agile practitioners had to transition into a remote work environment. Despite remote work not being a new concept for agile software practitioners, the forced or recommended nature of remote work is new. This study investigates how the involuntary shift to remote work and how social restrictions imposed by the COVID-19 pandemic have affected agile software development (ASD), and how agile practitioners have been affected in terms of ways of working. An explanatory sequential mixed methods study was performed. Data were collected one year into the COVID-19 pandemic through a questionnaire with 96 respondents and in-depth semi-structured interviews with seven practitioners from seven different companies. Data were analyzed through Bayesian analysis and thematic analysis. The results show, in general, that the aspects of ASD that have been the most affected is communication and social interactions, while technical work aspects have not experienced the same changes. Moreover, feeling forced to work remotely has a significant impact on different aspects of ASD, e.g., productivity and communication, and industry practitioners’ employment of agile development and ways of working have primarily been affected by the lack of social interaction and the shift to digital communication. The results also suggest that there may be a group maturing debt when teams do go back into office, as digital communication and the lack of psychological safety stand in the way for practitioners’ ability to have sensitive discussions and progress as a team in a remote setting.",2022.0,Empirical Software Engineering,empirical software engineering,A
44513472ec2e98b8f7c180c2db7a12a1ebc52ef4,Management of quality requirements in agile and rapid software development: A systematic mapping study,"Abstract Context Quality requirements (QRs) describe the desired quality of software, and they play an important role in the success of software projects. In agile software development (ASD), QRs are often ill-defined and not well addressed due to the focus on quickly delivering functionality. Rapid software development (RSD) approaches (e.g., continuous delivery and continuous deployment), which shorten delivery times, are more prone to neglect QRs. Despite the significance of QRs in both ASD and RSD, there is limited synthesized knowledge on their management in those approaches. Objective This study aims to synthesize state-of-the-art knowledge about QR management in ASD and RSD, focusing on three aspects: bibliometric, strategies, and challenges. Research method Using a systematic mapping study with a snowballing search strategy, we identified and structured the literature on QR management in ASD and RSD. Results We found 156 primary studies: 106 are empirical studies, 16 are experience reports, and 34 are theoretical studies. Security and performance were the most commonly reported QR types. We identified various QR management strategies: 74 practices, 43 methods, 13 models, 12 frameworks, 11 advices, 10 tools, and 7 guidelines. Additionally, we identified 18 categories and 4 non-recurring challenges of managing QRs. The limited ability of ASD to handle QRs, time constraints due to short iteration cycles, limitations regarding the testing of QRs and neglect of QRs were the top categories of challenges. Conclusion Management of QRs is significant in ASD and is becoming important in RSD. This study identified research gaps, such as the need for more tools and guidelines, lightweight QR management strategies that fit short iteration cycles, investigations of the link between QRs challenges and technical debt, and extension of empirical validation of existing strategies to a wider context. It also synthesizes QR management strategies and challenges, which may be useful for practitioners.",2020.0,Information and Software Technology,information and software technology,A
45830f492dc68c9d6806c79bdf5cd4635bef3078,Controlling Technical Debt Remediation in Outsourced Enterprise Systems Maintenance: An Empirical Analysis,"ABSTRACT Technical debt refers to maintenance obligations that stem from violations of established standards during the development and subsequent maintenance of enterprise systems. Technical debt remediation is particularly challenging in the outsourcing context due to information asymmetry between client and vendor teams. Control balancing—the periodic adjustments to the control configurations of outsourced projects—has been proposed as a process to help mitigate these information asymmetry challenges. Using data collected from 1,824 real-world projects, we tested to what extent control balancing improves the remediation of technical debt. After controlling for a number of technical and environmental factors, including system size, system lifespan, and contract parameters, we find that control balancing can benefit technical debt remediation, but primarily when processes for migrating technical debt-laden systems to new technological platforms have been identified. We highlight the role of technical debt in influencing the effects of relational flexibility in inter-firm engagements.",2021.0,Journal of Management Information Systems,journal of management information systems,A*
4926981b7891fb056a070c50d95bb1a8968117e3,"Uncovering Community Smells in Machine Learning-Enabled Systems: Causes, Effects, and Mitigation Strategies","Successful software development hinges on effective communication and collaboration, which are significantly influenced by human and social dynamics. Poor management of these elements can lead to the emergence of ‘community smells’, i.e., negative patterns in socio-technical interactions that gradually accumulate as ‘social debt’. This issue is particularly pertinent in machine learning-enabled systems, where diverse actors such as data engineers and software engineers interact at various levels. The unique collaboration context of these systems presents an ideal setting to investigate community smells and their impact on development communities. This article addresses a gap in the literature by identifying the types, causes, effects, and potential mitigation strategies of community smells in machine learning-enabled systems. Using Partial Least Squares Structural Equation Modeling (PLS-SEM), we developed hypotheses based on existing literature and interviews, and conducted a questionnaire-based study to collect data. Our analysis resulted in the construction and validation of five models that represent the causes, effects, and strategies for five specific community smells. These models can help practitioners identify and address community smells within their organizations, while also providing valuable insights for future research on the socio-technical aspects of machine learning-enabled system communities.",2025.0,ACM Transactions on Software Engineering and Methodology,transactions on software engineering and methodology,A*
4d184c706c20ff85375c13f8cc1f9bcb700568d0,Managing the requirements flow from strategy to release in large-scale agile development: a case study at Ericsson,"In a large organization, informal communication and simple backlogs are not sufficient for the management of requirements and development work. Many large organizations are struggling to successfully adopt agile methods, but there is still little scientific knowledge on requirements management in large-scale agile development organizations. We present an in-depth study of an Ericsson telecommunications node development organization which employs a large scale agile method to develop telecommunications system software. We describe how the requirements flow from strategy to release, and related benefits and problems. Data was collected by 43 interviews, which were analyzed qualitatively. The requirements management was done in three different processes, each of which had a different process model, purpose and planning horizon. The release project management process was plan-driven, feature development process was continuous and implementation management process was agile. The perceived benefits included reduced development lead time, increased flexibility, increased planning efficiency, increased developer motivation and improved communication effectiveness. The recognized problems included difficulties in balancing planning effort, overcommitment, insufficient understanding of the development team autonomy, defining the product owner role, balancing team specialization, organizing system-level work and growing technical debt. The study indicates that agile development methods can be successfully employed in organizations where the higher level planning processes are not agile. Combining agile methods with a flexible feature development process can bring many benefits, but large-scale software development seems to require specialist roles and significant coordination effort.",2017.0,Empirical Software Engineering,empirical software engineering,A
4d7536f25b408c2d5a640cf32debe152d71181bd,"Embracing Technical Debt, from a Startup Company Perspective","Software startups are typically under extreme pressure to get to market quickly with limited resources and high uncertainty. This pressure and uncertainty is likely to cause startups to accumulate technical debt as they make decisions that are more focused on the short-term than the long-term health of the codebase. However, most research on technical debt has been focused on more mature software teams, who may have less pressure and, therefore, reason about technical debt very differently than software startups. In this study, we seek to understand the organizational factors that lead to and the benefits and challenges associated with the intentional accumulation of technical debt in software startups. We interviewed 16 professionals involved in seven different software startups. We find that the startup phase, the experience of the developers, software knowledge of the founders, and level of employee growth are some of the organizational factors that influence the intentional accumulation of technical debt. In addition, we find the software startups are typically driven to achieve a ""good enough level,"" and this guides the amount of technical debt that they intentionally accumulate to balance the benefits of speed to market and reduced resources with the challenges of later addressing technical debt.",2018.0,IEEE International Conference on Software Maintenance and Evolution,software maintenance and evolution,A
5092041d0896dd900ad720699f720a54476dc1ae,How do software development teams manage technical debt? - An empirical study,"Exploratory case study with empirical data from eight software development teams.Observation of various different strategies for technical debt management.Developed technical debt management framework. Technical debt (TD) is a metaphor for taking shortcuts or workarounds in technical decisions to gain short-term benefit in time-to-market and earlier software release. In this study, one large software development organization is investigated to gather empirical evidence related to the concept of technical debt management (TDM). We used the exploratory case study method to collect and analyze empirical data in the case organization by interviewing a total of 25 persons in eight software development teams. We were able to identify teams where the current strategy for TDM was only to fix TD when necessary, when it started to cause too much trouble for development. We also identified teams where the management had a systematic strategy to identify, measure and monitor TD during the development process. It seems that TDM can be associated with a similar maturity concept as software development in general. Development teams may raise their maturity by increasing their awareness and applying more advanced processes, techniques and tools in TDM. TDM is an essential part of sustainable software development, and companies have to find right approaches to deal with TD to produce healthy software that can be developed and maintained in the future.",2016.0,Journal of Systems and Software,journal of systems and software,A
536e87ee1a645c8acbd8630957614d9f0d115b08,Negativity in self-admitted technical debt: how sentiment influences prioritization,"Self-Admitted Technical Debt, or SATD, is a self-admission of technical debt present in a software system. The presence of SATD in software systems negatively affects developers, therefore, managing and addressing SATD is crucial for software engineering. To effectively manage SATD, developers need to estimate its priority and assess the effort required to fix the described technical debt. About a quarter of descriptions of SATD in software systems express some form of negativity or negative emotions when describing technical debt. In this paper, we report on an experiment conducted with 59 respondents to study whether negativity expressed in the description of SATD actually affects the prioritization of SATD. The respondents are a mix of professional developers and students, and in the experiment, we asked participants to prioritize four vignettes: two expressing negativity and two expressing neutral sentiment. To ensure the vignettes were realistic, they were based on existing SATD extracted from a dataset. We find that negativity causes between one-third and half of developers to prioritize SATD in which negativity is expressed as having more priority. Developers affected by negativity when prioritizing SATD are twice as likely to increase their estimation of urgency and 1.5 times as likely to increase their estimation of importance and effort for SATD compared to the likelihood of decreasing these prioritization scores. Our findings show how developers actively use negativity in SATD to determine how urgently a particular instance of technical debt should be addressed. However, our study also describes a gap in the actions and belief of developers. Even if 33% to 50% use negativity to prioritize SATD, 67% of developers believe that using negativity as a proxy for priority is unacceptable. Therefore, we would not recommend using negativity as a proxy for priority. However, we also recognize it might be unavoidable that negativity is expressed by developers to describe technical debt.",2025.0,Empirical Software Engineering,empirical software engineering,A
572863f85c3debd1a0787dcba3fb3b0dd03faf66,Software Fairness Debt: Building a Research Agenda for Addressing Bias in AI Systems,"Ensuring fairness in software systems has become a critical concern in software engineering. Motivated by this challenge, this article explores the multifaceted nature of bias in software systems, providing a comprehensive understanding of its origins, manifestations, and impacts. Through a scoping study, we identified the primary causes of fairness deficiencies in software development and highlighted their adverse effects on individuals and communities, including instances of discrimination and the perpetuation of inequalities. Our investigation culminated in the introduction of the concept of software fairness debt. In addition to defining fairness debt, we propose a socio-technical roadmap that addresses broader aspects of fairness in AI-driven systems. This roadmap is structured around six goals: bridging the gap between research and real-world applications, developing a framework for fairness debt, equipping practitioners with tools and knowledge, improving bias mitigation, integrating fairness tools into industry practice, and enhancing explainability and transparency in AI systems. This roadmap provides a holistic approach to managing biases in software systems through software fairness debt, offering actionable steps for both research and practice. By guiding researchers and practitioners, our roadmap aims to foster the development of more equitable and socially responsible software systems, ensuring fairness is embedded throughout the software lifecycle.",2024.0,ACM Transactions on Software Engineering and Methodology,transactions on software engineering and methodology,A*
6d6a4b88524313de3140308eeec601c3b852aa19,Preliminary Insights on Industry Practices for Addressing Fairness Debt,"Context: This study explores how software professionals identify and address biases in AI systems within the software industry, focusing on practical knowledge and real-world applications. Goal: We focused on understanding the strategies employed by practitioners to manage bias and their implications for fairness debt. Method: We employed a qualitative research method, gathering insights from industry professionals through interviews and using thematic analysis to explore the collected data. Findings: Professionals identify biases through discrepancies in model outputs, demographic inconsistencies, and training data issues. They address these biases using strategies such as enhanced data management, model adjustments, crisis management, improving team diversity, and ethical analysis. Conclusion: Our paper presents initial evidence on addressing fairness debt and lays the groundwork for developing structured guidelines to manage fairness-related issues in AI systems. LAY ABSTRACT. This paper explores how software professionals tackle biases in AI systems. We discovered that they identify problems by checking if the AI’s outputs match real-world conditions, ensuring it performs well for different groups of people, and investigating biases in the training data. To address these issues, they use various strategies like improving the data quality, regularly updating the AI to adapt to new information, and involving a diverse range of people in the development process. Our findings provide a solid starting point for creating clear guidelines to manage these biases. These guidelines will help ensure that AI systems are not only technically accurate but also fair and equitable for everyone. This research is important for making sure that as AI technology advances, it benefits all users without reinforcing existing inequalities.",2024.0,International Symposium on Empirical Software Engineering and Measurement,empirical software engineering and measurement,A
7071e1a5807e7cdca15dea418612448eebc83ca7,Data-access performance anti-patterns in data-intensive systems,"Data-intensive systems handle variable, high-volume, and high-velocity data generated by human and digital devices. Like traditional software, data-intensive systems are prone to technical debts introduced to cope-up with the pressure of time and resource constraints on developers. Data-access is a critical component of data-intensive systems, as it determines their overall performance and functionality. While data access technical debts are getting attention from the research community, technical debts that affect performance are not well investigated. This study aims to identify, categorize, and validate data-access performance anti-patterns. We collected issues from NoSQL-based and polyglot persistence open-source data-intensive systems, implemented in Java programing language, and identified 14 new data access-performance anti-patterns categorized under seven high-level categories. We conducted a developer survey to evaluate the perceived relevance and criticality of the newly identified anti-patterns and found that Improper Handling of Node Failures, Using Synchronous Connection, and Inefficient Driver API performance anti-patterns are the most critical data-access performance anti-patterns. The study findings can help improve the quality of data-intensive software systems by raising awareness of practitioners about the impact of the data-access performance anti-patterns. At the same time, the findings will help quality assurance teams to prioritize the correction of performance anti-patterns based on their criticality.",2022.0,Empirical Software Engineering,empirical software engineering,A
714feeff1daa5e9b71c1e6ba3420ef085fd8d69e,Preventing technical debt with the TAP framework for Technical Debt Aware Management,"Context. Technical Debt (TD) is a metaphor for technical problems that are not visible to users and customers but hinder developers in their work, making future changes more difficult. TD is often incurred due to tight project deadlines and can make future changes more costly or impossible. Project Management usually focuses on customer benefits and pays less attention to their IT systems' internal quality. TD prevention should be preferred over TD repayment because subsequent refactoring and re-engineering are expensive. Objective. This paper evaluates a framework focusing on both TD prevention and TD repayment in the context of agile-managed projects. The framework was developed and applied in an IT unit of a publishing house. The unique contribution of this framework is the integration of TD management into project management. Method. The evaluation was performed as a comparative case study based on ticket statistics and two structured surveys. The surveys were conducted in the observed IT unit using the framework and a comparison unit not using the framework. The first survey targeted team members, the second one IT managers. Results. The evaluation shows that in this IT unit, the TAP framework led to a raised awareness for the incurrence of TD. Decisions to incur TD are intentional, and TD is repaid timelier. Unintentional TD incurred by unconscious decisions is prevented. Furthermore, better communication and better planning of the project pipeline can be observed. Conclusions. We provide an insight into practitioners' ways to identify, monitor, prevent and repay TD. The presented framework includes a feasible method for TD prevention despite tight timelines by making TD repayment part of project management.",2021.0,Information and Software Technology,information and software technology,A
7e4e12c18489ae15bb2cbee9add9d7edc9892f90,Community Smells - The Sources of Social Debt: A Systematic Literature Review,"Context: Social debt describes the accumulation of unforeseen project costs (or potential costs) from sub-optimal software development processes. Community smells are sociotechnical anti-patterns and one source of social debt that impact software teams, development processes, outcomes, and organizations. Objective: To provide an overview of community smells based on published literature, and describe future research. Method: We conducted a systematic literature review (SLR) to identify properties, understand origins and evolution, and describe the emergence of community smells. This SLR explains the impact of community smells on teamwork and team performance. Results: We include 25 studies. Social debt describes the impacts of poor socio-technical decisions on work environments, people, software products, and society. For each of the 30 identified community smells, we provide a description, management approaches, organizational strategies, and mitigation effectiveness. We identify five groups of management approaches: organizational strategies, frameworks, models, tools, and guidelines. We describe 11 properties of community smells. We develop the Community Smell Stages Framework to concisely describe the origin and evolution of community smells. We describe the causes and effects for each community smell. We identify and describe 8 types of causes and 11 types of effects for community smells. Finally, we provide 8 Sankey diagrams that offer insights into threats the community smells pose to teamwork factors and team performance. Conclusion: Community smells explain the influence work conditions have on software developers. The literature is scarce and focuses on a small number of community smells. Thus, community smells still need more research. This review organizes the state of the art about community smells and provides motivation for future research along with educational material.",2022.0,Information and Software Technology,information and software technology,A
821394aee252e06e83dce45949fe199f6be47fa0,AI Safety Should Prioritize the Future of Work,"Current efforts in AI safety prioritize filtering harmful content, preventing manipulation of human behavior, and eliminating existential risks in cybersecurity or biosecurity. While pressing, this narrow focus overlooks critical human-centric considerations that shape the long-term trajectory of a society. In this position paper, we identify the risks of overlooking the impact of AI on the future of work and recommend comprehensive transition support towards the evolution of meaningful labor with human agency. Through the lens of economic theories, we highlight the intertemporal impacts of AI on human livelihood and the structural changes in labor markets that exacerbate income inequality. Additionally, the closed-source approach of major stakeholders in AI development resembles rent-seeking behavior through exploiting resources, breeding mediocrity in creative labor, and monopolizing innovation. To address this, we argue in favor of a robust international copyright anatomy supported by implementing collective licensing that ensures fair compensation mechanisms for using data to train AI models. We strongly recommend a pro-worker framework of global AI governance to enhance shared prosperity and economic justice while reducing technical debt.",2025.0,International Conference on Machine Learning,machine learning,A*
891f74b4ce0926239b60a85a5509bfbd96cb4d4e,Predicting Community Smells’ Occurrence on Individual Developers by Sentiments,"Community smells appear in sub-optimal software development community structures, causing unforeseen additional project costs, e.g., lower productivity and more technical debt. Previous studies analyzed and predicted community smells in the granularity of community sub-groups using socio-technical factors. However, refactoring such smells requires the effort of developers individually. To eliminate them, supportive measures for every developer should be constructed according to their motifs and working states. Recent work revealed developers’ personalities could influence community smells’ variation, and their sentiments could impact productivity. Thus, sentiments could be evaluated to predict community smells’ occurrence on them. To this aim, this paper builds a developer-oriented and sentiment-aware community smell prediction model considering 3 smells such as Organizational Silo, Lone Wolf, and Bottleneck. Furthermore, it also predicts if a developer quitted the community after being affected by any smell. The proposed model achieves cross- and within-project prediction F-Measure ranging from 76% to 93%. Research also reveals 6 sentimental features having stronger predictive power compared with activeness metrics. Imperative and indicative expressions, politeness, and several emotions are the most powerful predictors. Finally, we test statistically the mean and distribution of sentimental features. Based on our findings, we suggest developers should communicate in a straightforward and polite way.",2021.0,IEEE International Conference on Program Comprehension,program comprehension,A
893be8d33a257488894c0d2185745245612d73c5,"Technical efficiency, unions and decentralized labor contracts","This paper explores the link between the presence of unions in the workplace, the adoption of decentralized labor agreements and technical efficiency, using a large sample of Italian manufacturing firms. We apply the Data Envelopment Analysis, and its robust version based on bootstrap theory, to get reliable estimates of technical efficiency at the firm level in a standard first stage. We devote particular attention to the specific technology adopted, by distinguishing 20 different sector frontiers, as well as to the presence of outliers. The obtained efficiency scores are analyzed in a second stage applying a truncated regression model estimated via Maximum Likelihood, following the Simar and Wilson (2007, 2011) methodology. Our results highlight that the presence of workplace unionization decreases the level of technical efficiency, while aspects limiting the unions’ power such as a strong exposure to international markets, high debt levels or the prevalence of flexible assets partially reduce the negative effect. However, when firms adopt decentralized labor contracts agreements, the effect on efficiency is positive and partially compensates the negative unions’ effect.",2017.0,European Journal of Operational Research,european journal of operational research,A
8cae68772e384b18127891010f0f3a24c90dba8b,A Debt-Aware Learning Approach for Resource Adaptations in Cloud Elasticity Management,"Elasticity is a cloud property that enables applications and their execution systems to dynamically acquire and release shared computational resources on demand. Moreover, it unfolds the advantage of economies of scale in the cloud through a drop in the average costs of these shared resources. However, it is still an open challenge to achieve a perfect match between resource demand and provision in autonomous elasticity management. Resource adaptation decisions essentially involve a trade-off between economics and performance, which produces a gap between the ideal and actual resource provisioning. This gap, if not properly managed, can negatively impact the aggregate utility of a cloud customer in the long run. To address this limitation, we propose a technical debt-aware learning approach for autonomous elasticity management based on a reinforcement learning of debts in resource provisioning; the adaptation pursues strategic decisions that values the potential utility produced by the gaps between resource supply and demand. We extend CloudSim and Burlap to evaluate our approach. The evaluation indicates that a debt-aware elasticity management obtains a higher utility for a cloud customer, while conforming expected levels of performance.",2017.0,International Conference on Service Oriented Computing,service oriented computing,A
8e34864c892b9b723c08a8f44f0605691d6a53a3,4th International workshop on managing technical debt (MTD 2013),"Although now 20 years old, only recently has the concept of technical debt gained some momentum and credibility in the software engineering community. The goal of this fourth workshop on managing technical debt is to engage researchers and practitioners in exchanging ideas on viable research directions and on how to put the concept to actual use, beyond its usage as a rhetorical instrument to discuss the fate and ailments of software development projects. The workshop participants presented and discussed approaches to detect, analyze, visualize, and manage technical debt, in its various forms, on large software-intensive system developments.",2013.0,International Conference on Software Engineering,software engineering,A*
93d4a686bfcf87b35f41318609a2edbed789696d,Transformers and meta-tokenization in sentiment analysis for software engineering,"Sentiment analysis has been used to study aspects of software engineering, such as issue resolution, toxicity, and self-admitted technical debt. To address the peculiarities of software engineering texts, sentiment analysis tools often consider the specific technical lingo practitioners use. To further improve the application of sentiment analysis, there have been two recommendations: Using pre-trained transformer models to classify sentiment and replacing non-natural language elements with meta-tokens. In this work, we benchmark five different sentiment analysis tools (two pre-trained transformer models and three machine learning tools) on 2 gold-standard sentiment analysis datasets. We find that pre-trained transformers outperform the best machine learning tool on only one of the two datasets, and that even on that dataset the performance difference is a few percentage points. Therefore, we recommend that software engineering researchers should not just consider predictive performance when selecting a sentiment analysis tool because the best-performing sentiment analysis tools perform very similarly to each other (within 4 percentage points). Meanwhile, we find that meta-tokenization does not improve the predictive performance of sentiment analysis tools. Both of our findings can be used by software engineering researchers who seek to apply sentiment analysis tools to software engineering data.",2024.0,Empirical Software Engineering,empirical software engineering,A
99a260278448f0d16a4a32677cf5c76cafcb8fc5,Continuous Quality Improvement of AI-based Systems: the QualAI Project,"QualAI is a two-year project aimed at defining a set of recommenders to continuously monitor, assess, and improve the quality of AI-based systems, with a particular focus on machine learning (ML) applications. We will develop recommenders for the quality assurance of both data and ML models to enable practitioners to mitigate technical debt. Special attention will be paid to communication challenges that may arise in hybrid teams comprising data scientists and software developers. This paper presents the project outline, provides an executive summary of the research activities, outlines the expected project outcomes, and reports the results obtained to date.",2024.0,International Symposium on Empirical Software Engineering and Measurement,empirical software engineering and measurement,A
9ba8f69c7366b4aa113a6b3a7ca5102fd807b4df,DebtFree: minimizing labeling cost in self-admitted technical debt identification using semi-supervised learning,"Keeping track of and managing Self-Admitted Technical Debts (SATDs) is important for maintaining a healthy software project. Current active-learning SATD recognition tool involves manual inspection of 24% of the test comments on average to reach 90% of the recall. Among all the test comments, about 5% are SATDs. The human experts are then required to read almost a quintuple of the SATD comments which indicates the inefficiency of the tool. Plus, human experts are still prone to error: 95% of the false-positive labels from previous work were actually true positives. To solve the above problems, we propose DebtFree, a two-mode framework based on unsupervised learning for identifying SATDs. In mode1, when the existing training data is unlabeled, DebtFree starts with an unsupervised learner to automatically pseudo-label the programming comments in the training data. In contrast, in mode2 where labels are available with the corresponding training data, DebtFree starts with a pre-processor that identifies the highly prone SATDs from the test dataset. Then, our machine learning model is employed to assist human experts in manually identifying the remaining SATDs. Our experiments on 10 software projects show that both models yield statistically significant improvement in effectiveness over the state-of-the-art automated and semi-automated models. Specifically, DebtFree can reduce the labeling effort by 99% in mode1 (unlabeled training data), and up to 63% in mode2 (labeled training data) while improving the current active learner’s F1 relatively to almost 100%.",2022.0,Empirical Software Engineering,empirical software engineering,A
9dce9b765e198731d2014c52fbb7abfe3eb836de,The influence of Technical Debt on software developer morale,"Context: Previous research in the Technical Debt (TD) field has mainly focused on the technical and economic aspects, while its human aspect has received minimal attention. Objective: This paper aims to understand how software developers’ morale is influenced by TD and how their morale is influenced by TD management activities. Furthermore, this study correlates the morale with the amount of wastage of time due to TD. Method: Firstly, we conducted 15 interviews with professionals, and, secondly, these data were complemented with a survey. Thirdly, we collected 473 data points from 43 developers reporting their amount of wasted time. The collected data were analyzed using both quantitative and qualitative techniques, including thematic and statistical analysis. Results: Our results show that the occurrence of TD is associated with a lack of progress and waste of time. This might have a negative influence on developers’ morale. Further, management of TD seems to have a positive influence on developers’ morale. Conclusions: The results highlight the effects TD has on practitioners’ software work. This study presents results indicating that software suffering from TD reduces developers’ morale and thereby also their productivity. However, our results also indicate that TD management increases developers’ morale and developer productivity.",2020.0,Journal of Systems and Software,journal of systems and software,A
9f87ec16c09ebacdfdb53ce59455642aefbafe1d,Interdisciplinary effects of technical debt in companies with mechatronic products - a qualitative study,"Digitalization of products and production systems requires a fusion of mechatronic disciplines, where interfaces between mechanical, electrical, and software engineering are inevitable. The increasingly rapid pace of innovations in mechatronic systems triggers decisions being taken under time and cost pressure. At times, compromises in technical solutions are made, neglecting their long-term damage to the system. Technical debt (TD), a concept from software engineering, refers to short-term benefits that lead to long-term negative consequences, e.g., in the form of more difficult maintainability or evolvability. This phenomenon is also present in mechatronic systems, yet the knowledge of TD characteristics and correlations in the interdisciplinary product life cycle (PLC) has only received little attention. This first comprehensive survey investigates TD in mechatronics systematically and across sectors. 50 experts, of whom 42 \% hold positions as department heads, from 21 renowned companies and 10 sectors in the German-speaking region supported this study with real scenarios where TD caused damage to their system. 94 informative TD issues that were classified into 12 TD types were recorded, of which 2/3 have not yet been eliminated and posed a potential risk to the system. TD emerges most frequently in the first three stages of the PLC, where the consequences rarely remain isolated at their source, but are forwarded to later phases and disciplines in the PLC. Unlike the previous focus of research in software engineering, the multi-domain analysis of mechatronic TD issues reveals that software engineers are most burdened by Requirements TD and Infrastructure TD in the interdisciplinary environment.",2021.0,Journal of Systems and Software,journal of systems and software,A
a99d7e53b3f8edd37d183db2f082554511ee7323,An initial Theory to Understand and Manage Requirements Engineering Debt in Practice,"Context: Advances in technical debt research demonstrate the benefits of applying the financial debt metaphor to support decision-making in software development activities. Although decision-making during requirements engineering has significant consequences, the debt metaphor in requirements engineering is inadequately explored. Objective: We aim to conceptualize how the debt metaphor applies to requirements engineering by organizing concepts related to practitioners' understanding and managing of requirements engineering debt (RED). Method: We conducted two in-depth expert interviews to identify key requirements engineering debt concepts and construct a survey instrument. We surveyed 69 practitioners worldwide regarding their perception of the concepts and developed an initial analytical theory. Results: We propose a RED theory that aligns key concepts from technical debt research but emphasizes the specific nature of requirements engineering. In particular, the theory consists of 23 falsifiable propositions derived from the literature, the interviews, and survey results. Conclusions: The concepts of requirements engineering debt are perceived to be similar to their technical debt counterpart. Nevertheless, measuring and tracking requirements engineering debt are immature in practice. Our proposed theory serves as the first guide toward further research in this area.",2022.0,Information and Software Technology,information and software technology,A
aa7b5eddcd0f8f23d22a9d6e3822496fdfa09c4f,"An Empirical Study of Social Debt in Open-Source Projects: Social Drivers and the ""Known Devil"" Community Smell","Social debt, the accumulation of unforeseen project costs from suboptimal human-centered software development processes, is an important dimension of technical debt that cannot be ignored. Recent research on social debt focusing on the detection of specific debt indicators, called community smells, has largely been conceptual and few of them are operationalizable. In addition, studies on the causes of community smells focused on group processes instead of individual tendencies. In this paper, we define and investigate four social drivers—factors that influence individual developer choices in their collaboration— in 13 open-source projects over four years: 1) inertia, 2) co-authorship (by chance or by choice), 3 ) experience heterophily, and 4) organization homophily. Building on previous studies and theories from sociology and psychology, we hypothesize how these drivers influence software quality outcomes. Our network analysis results include a contradiction to existing studies about experience heterophily and reveal a new community smell, which we call “Known Devil”, that can be automatically detected.",2024.0,Hawaii International Conference on System Sciences,hawaii international conference on system sciences,A
ab5739f669f7e85a6ef0a74aee5d16d5237dcf50,Technical Debt tracking: Current state of practice: A survey and multiple case study in 15 large organizations,"Abstract Large software companies need to support continuous and fast delivery of customer value both in the short and long term. However, this can be hindered if both the evolution and maintenance of existing systems are hampered by Technical Debt. Although a lot of theoretical work on Technical Debt has been produced recently, its practical management lacks empirical studies. In this paper, we investigate the state of practice in several companies to understand what the cost of managing TD is, what tools are used to track TD, and how a tracking process is introduced in practice. We combined two phases: a survey involving 226 respondents from 15 organizations and an in-depth multiple case study in three organizations including 13 interviews and 79 Technical Debt issues. We selected the organizations where Technical Debt was better tracked in order to distill best practices. We found that the development time dedicated to managing Technical Debt is substantial (an average of 25% of the overall development), but mostly not systematic: only a few participants (26%) use a tool, and only 7.2% methodically track Technical Debt. We found that the most used and effective tools are currently backlogs and static analyzers. By studying the approaches in the companies participating in the case study, we report how companies start tracking Technical Debt and what the initial benefits and challenges are. Finally, we propose a Strategic Adoption Model for the introduction of tracking Technical Debt in software organizations.",2018.0,Science of Computer Programming,science of computer programming,A
b5c65d4267f5a0b5b3c76163e31c1517b11fcab0,Qualitative Clustering of Software Repositories Based on Software Metrics,"Software repositories contain a wealth of information about the aspects related to software development process. For this reason, many studies analyze software repositories using methods of data analytics with a focus on clustering. Software repository clustering has been applied in studying software ecosystems such as GitHub, defect and technical debt prediction, software remodularization. Although some interesting insights have been reported, the considered studies exhibited some limitations. The limitations are associated with the use of individual clustering methods and manifesting in the shortcomings of the obtained results. In this study, to alleviate the existing limitations we engage multiple cluster validity indices applied to multiple clustering methods and carry out consensus clustering. To our knowledge, this study is the first to apply the consensus clustering approach to analyze software repositories and one of the few to apply the consensus clustering to software metrics. Intensive experimental studies are reported for software repository metrics data consisting of a number of software repositories each described by software metrics. We revealed seven clusters of software repositories and relate them to developers’ activity. It is advocated that the proposed clustering environment could be useful for facilitating the decision making process for business investors and open-source community with the help of the Gartner’s hype cycle.",2023.0,IEEE Access,access,A
b7dccf6ad9702198c03693e68aac787ee1cfe0db,A Taste of the Software Industry Perception of Technical Debt and its Management in Uruguay: A survey in software industry,"Background: Technical debt (TD) has been an important focus of attention in recent years by the scientific community and the software industry. TD is a concept for expressing the lack of internal software quality that directly affects its capacity to evolve. Some studies have focused on the TD industry perspective. Aims: To characterize how the software industry professionals in Uruguay understand, perceive, and adopt technical debt management (TDM) activities. Method: To replicate a Brazilian survey with the Uruguayan software industry and compare their findings. Results: From 259 respondents, many indicated any awareness of the TD concept due to the faced difficult to realize how to associate such a concept with actual software issues. Therefore, it is possible to observe a considerable variability in the importance of TDM among the respondents. However, a small part of the respondents declares to carry out TDM activities in their organizations. A list of software technologies declared as used by practitioners was produced and can be useful to support TDM activities. Conclusions: The TD concept and its management are not common yet in Uruguay. There are indications of TD unawareness and difficulties in the conduction of some TDM activities considered as very important by the practitioners. There is a need for more effort aiming to disseminate the TD knowledge and to provide software technologies to support the adoption of TDM in Uruguay. It is likely other software engineering communities face similar issues. Therefore, further investigations in these communities can be of interest.",2020.0,International Symposium on Empirical Software Engineering and Measurement,empirical software engineering and measurement,A
c134fdadb9527f836189790cbbd0c42d0eb865e5,Probabilistic Enhancement to the LEAP Process for Identifying Technical Debt in Iterative System Development,"The List, Evaluate, Achieve, Procure (LEAP) process defines a methodology for mathematically associating the delivery of system capabilities with the temporal satisfaction of stakeholder needs while identifying technologies at high risk of imparting technical debt into the system. The original process is qualitative, relying on binary definitions of timelines for technology development – the technology either is or is not developed in a specific time period. The binary definitions allow for rapid high-level assessments of the potential for technical debt. However, they fail to capture more realistic scenarios of uncertain technology development timelines. This paper resolves these issues by introducing probability into LEAP process. This paper also provides examples of using the probability in the LEAP process and compares the probabilistic (quantitative) and binary (qualitative) models. These examples show improvements in the ability to assess the likelihood of delivering capabilities in time to meet stakeholder needs when using the probabilistic version of the LEAP process. Since the impact of technical debt is uncertain, the inclusion of probabilities within the LEAP process provides a higher fidelity decision support system for iterative release planning and system development.",2023.0,IEEE Access,access,A
c75b8cd418191fdd35cae5949c48aca4b7267128,Predicting the Dynamics of Earned Value Creation in the Presence of Technical Debt,"Technical debt, the long-term impact of decisions made to achieve a short-term benefit, has a unique impact on a project schedule. Technical debt does not impact the ability to complete the task on which it is incurred but rather impacts successor tasks causing unplanned schedule delays or budget increases. The impact of technical debt is uncertain and therefore must be modeled probabilistically. When unaccounted for and unmanaged, technical debt can build up in the project with increasing impact, eventually forcing forward progress to stop while the technical debt is remedied. Traditional project scheduling methods allow for uncertain task durations but do not provide explicit means of modeling the impacts of technical debt. Instead, they assume that each task is unaffected by the completion status of its predecessors and its duration is only dependent upon the initial estimates. This research addresses this gap by providing a novel model of the impact of technical debt on the project schedule through estimating the dynamics of value creation in the presence of technical debt. Equations are developed for estimating the probabilistic impacts of technical debt on the generation of earned value. These equations are then inverted and used to calculate task duration in the presence of technical debt and included in a Monte Carlo analysis. Comparisons are made to an existing Monte Carlo schedule analysis and technical debt impacts are explored.",2023.0,IEEE Access,access,A
c94c2f1c8b322532e6fe9cf9b5a52b4bbd20db90,Toward a Resilience-Oriented Understanding of Unit Test Suites and Refactoring in Software Evolution,"Unit testing is widely advocated for improving software reliability and maintainability, yet little is known about how developers experience its interaction with refactoring and technical debt. In my early-stage doctoral research, I conducted a preliminary study with 109 professional developers to investigate how unit test suites support—or hinder—refactoring efforts. The findings reveal developer expectations that unit test suites should enable safe, productive change, but also frustrations with fragile tests that break during refactoring. This paper outlines the insights gained, lessons learned about conducting empirical software engineering research, and my evolving proposal: to define and empirically ground the concept of “unit test suite resilience to refactoring.” I present the open questions I find personally meaningful, and describe how I intend to explore frameworks and practices that increase the adaptability of unit test suites.",2025.0,IEEE International Conference on Software Maintenance and Evolution,software maintenance and evolution,A
ca8df55354058c794a0d9dd0d27b5e24aa1260ca,How Do Communities of ML-Enabled Systems Smell? A Cross-Sectional Study on the Prevalence of Community Smells,"Effective software development relies on managing both collaboration and technology, but socio-technical challenges can harm team dynamics and increase technical debt. Although teams working on ML-enabled systems are interdisciplinary, research has largely focused on technical issues, leaving their socio-technical dynamics underexplored. This study aims to address this gap by examining the prevalence, evolution, and interrelations of “community smells”, in open-source ML projects. We conducted an empirical study on 188 repositories from the NICHE dataset using the CADOCS tool to identify and analyze community smells. Our analysis focused on their prevalence, interrelations, and temporal variations. We found that certain smells—such as Prima Donna Effects and Sharing Villainy—are more prevalent and fluctuate over time compared to others like Radio Silence or Organizational Skirmish. These insights might provide valuable support for ML project managers in addressing socio-technical issues and improving team coordination.",2025.0,International Conference on Evaluation & Assessment in Software Engineering,evaluation and assessment in software engineering,A
cc5380c11bf6f88e42edf71d8ca5c284d69bde56,"""The Second Vice is Lying, the First is Running into Debt."" Antecedents and Mitigating Practices of Social Debt: an Exploratory Study in Distributed Software Development Teams","Although much is known about the concept of technical debt in software development, less is known about its social counterpart, also known as social debt. Social debt refers to future consequences of decisions related to people and their interactions. Omissions in social interactions or reduction of communication can foster social debt – and in turn result in negative outcomes in the long run. In this paper, we explore what factors drive and mitigate social debt in distributed agile software development teams. Utilizing an exploratory case study approach, we derive insights from two case organizations. We present antecedents and mitigating factors of social debt related to communication, collaboration, and coordination.",2021.0,Hawaii International Conference on System Sciences,hawaii international conference on system sciences,A
ce42bc53c04e8785c4d3f24f6de0881543189a8b,A comprehensive overview of software product management challenges,"The principal focus of software product management is to ensure the economic success of the product, which means to prolong the product life as much as possible with modest expenditures to maximizs profits. Software product managers play an important role in the software development organization while being responsible for the strategy, business case, product roadmap, high-level requirements, product deployment (release-management), and retirement plan. This article explores the problems that affect the software product management process, their perceived frequency and perceived severity. The data were collected by a systematic literature review (5 main databases were analyzed), interviews (10 software product managers from IT companies), and surveys (89 participants). 95 software product management problems assigned nonexclusively to 7 areas were identified. 27 commonly mentioned software product management problems were evaluated for their perceived frequency and perceived severity. The problems perceived as the most frequent are: determining the true value of the product that the customer needs, strategy and priorities change frequently, technical debt, working in silos, and balancing between reactive and proactive work. In total, 95 problems have been identified which have been narrowed down to 27 problems based on their occurrence in at least 3 interviews. These selected problems were prioritized by perceived frequency and perceived severity. Some of the identified problems spanned beyond the software product management process itself, but they all affect the work of software product managers.",2022.0,Empirical Software Engineering,empirical software engineering,A
d07a2a67a919b391a6a94708b239e7bbf61cc4b5,Pushing ML Predictions into DBMSs (Extended Abstract),"We explore the use of Relational Database Manage-ment Systems to reduce technical debt in Machine Learning de-ployments, specifically focusing on in-DBMS prediction serving. We evaluate the performance of ML pipelines in Sklearn and ML.NET against their SQL counterparts executed on MySQL and SQL Server. Results suggest comparable performance when data resides in the database, indicating the potential feasibility of executing prediction processes directly in SQL on DBMSs.",2024.0,IEEE International Conference on Data Engineering,data engineering,A*
d25a65c2d0d1e382ed510d45ce7afa42289d71a0,"Technical Debt: Past, present, and future (Panel)","The term “Technical Debt” was coined over 20 years ago by Ward Cunningham in a 1992 OOPSL A experience report to de scribe the tr ade-offs between delivering the most appropriate — albeit likely immature — product, in the shortest time possible. Since then the repercussions of going into “technical debt” have become more visible, yet not necessarily more broadly understood. This panel will bring together practitioners to discuss and debate strategies for debt relief.",2013.0,International Conference on Software Engineering,software engineering,A*
d60e63d17510e57ab38b059a7d7bdcb3c2867696,Exploring the Relation between Technical Debt Principal and Interest: An Empirical Approach,"Abstract Context The cornerstones of technical debt (TD) are two concepts borrowed from economics: principal and interest. Although in economics the two terms are related, in TD there is no study on this direction so as to validate the strength of the metaphor. Objective We study the relation between Principal and Interest, and subsequently dig further into the ‘ingredients’ of each concept (since they are multi-faceted). In particular, we investigate if artifacts with similar levels of TD Principal exhibit a similar amount of TD Interest, and vice-versa. Method To achieve this goal, we performed an empirical study, analyzing the dataset using the Mantel test. Through the Mantel test, we examined the relation between TD Principal and Interest, and identified aspects that are able to denote proximity of artifacts, with respect to TD. Next, through Linear Mixed Effects (LME) modelling we studied the generalizability of the results. Results The results of the study suggest that TD Principal and Interest are related, in the sense that classes with similar levels of TD Principal tend to have similar levels of Interest. Additionally, we have reached the conclusion that aggregated measures of TD Principal or Interest are more capable of identifying proximate artifacts, compared to isolated metrics. Finally, we have provided empirical evidence on the fact that improving certain quality properties (e.g., size and coupling) should be prioritized while ranking refactoring opportunities in the sense that high values of these properties are in most of the cases related to artifacts with higher levels of TD Principal. Conclusions The findings shed light on the relations between the two concepts, and can be useful for both researchers and practitioners: the former can get a deeper understanding of the concepts, whereas the latter can use our findings to guide their TD management processes such as prioritization and repayment.",2020.0,Information and Software Technology,information and software technology,A
e9a7dc4d1e5f3074a5fbdd40aff78736929fdfe9,Stakeholder Value Criteria for Technical Debt Acquisition Decisions: An Empirical Analysis,"Context: Technical Debt (TD) decision-making is a central challenge in software engineering. Although often framed as a rational economic trade-off, this perspective overlooks the complex real-world dynamics through which TD is negotiated, enacted, and justified in practice. Objective: This study addresses that gap by developing an empirically grounded theoretical framework that explains how TD decisions are made, not only as technical choices but also as situated, socio-technical and symbolic performances. Method: We conducted a qualitative study based on in-depth, semi-structured interviews with eleven experienced software professionals occupying diverse roles in the Brazilian software industry. We used a Grounded Theory-inspired thematic analysis to examine how participants describe and rationalize decisions to incur technical debt. Results: Our main contribution is the Situated Performance Framework for Technical Debt (SPF-TD). This framework re-conceptualizes TD decision-making as a situated performance shaped by five interconnected axes: relational (driven by client and stakeholder relationships), temporal (structured by urgency and delivery pressure), cognitive (guided by heuristics and professional habits), symbolic (enacted through framing and justification), and institutional-political (shaped by organizational culture and power dynamics). The SPF-TD reveals TD not as a static liability, but as a dynamic outcome of continuous negotiation within social and institutional systems. Conclusion: By foregrounding TD decisions’ symbolic and performative nature, the SPF-TD provides a richer and more realistic lens for both researchers and practitioners. It calls for a shift in TD management from purely technical or economic control mechanisms to more reflective, context-aware practices that engage with the human and organizational conditions under which debt is created and sustained.",2026.0,ACM Transactions on Software Engineering and Methodology,transactions on software engineering and methodology,A*
e9a83451b2869213ac5184916abb2d39e9f33ebb,Identifying Self-Admitted Technical Debts With Jitterbug: A Two-Step Approach,"Keeping track of and managing Self-Admitted Technical Debts (SATDs) are important to maintaining a healthy software project. This requires much time and effort from human experts to identify the SATDs manually. The current automated solutions do not have satisfactory precision and recall in identifying SATDs to fully automate the process. To solve the above problems, we propose a two-step framework called Jitterbug for identifying SATDs. Jitterbug first identifies the “easy to find” SATDs automatically with close to 100 percent precision using a novel pattern recognition technique. Subsequently, machine learning techniques are applied to assist human experts in manually identifying the remaining “hard to find” SATDs with reduced human effort. Our simulation studies on ten software projects show that Jitterbug can identify SATDs more efficiently (with less human effort) than the prior state-of-the-art methods.",2020.0,IEEE Transactions on Software Engineering,transactions on software engineering,A*
e9ef34e1d7308d6869be8c7c85893f14ad136e8f,"A systematic literature review on Technical Debt prioritization: Strategies, processes, factors, and tools","Abstract Background Software companies need to manage and refactor Technical Debt issues. Therefore, it is necessary to understand if and when refactoring of Technical Debt should be prioritized with respect to developing features or fixing bugs. Objective The goal of this study is to investigate the existing body of knowledge in software engineering to understand what Technical Debt prioritization approaches have been proposed in research and industry. Method We conducted a Systematic Literature Review of 557 unique papers published until 2020, following a consolidated methodology applied in software engineering. We included 44 primary studies. Results Different approaches have been proposed for Technical Debt prioritization, all having different goals and proposing optimization regarding different criteria. The proposed measures capture only a small part of the plethora of factors used to prioritize Technical Debt qualitatively in practice. We present an impact map of such factors. However, there is a lack of empirical and validated set of tools. Conclusion We observed that Technical Debt prioritization research is preliminary and there is no consensus on what the important factors are and how to measure them. Consequently, we cannot consider current research conclusive. In this paper, we therefore outline different directions for necessary future investigations.",2021.0,Journal of Systems and Software,journal of systems and software,A
ee0a530811b1e8e2a1db6a6ffa2bc48a7c060914,IT managers' perspective on Technical Debt Management,": The proposed talk is based on an article published in the Journal of Software and Systems in 2023 [WB23]. Technical Debt (TD) is a term for software solutions that are beneficial in the short term but impede future change. Previous research on TD indicates various management-related causes. We analyze the perspective of IT managers on TD since they usually have a major influence on deadlines, the project’s budget, and setting up a TD management (TDM) process. To achieve this, we obtained and analyzed data from 16 semi-structured interviews and a three-person focus group discussion. We found that all IT managers understood the TD concept. They considered TDM to be an essential topic, though almost none of them had set up a TDM process so far. We identified three major IT managers’ concerns regarding TDM: communicating about TD, establishing a TDM process, and dealing with vintage systems, i.e., old legacy systems. We developed a model specifying causes and consequences visible to business stakeholders, causal chains, and vicious cycles. Our research identifies new research gaps and demonstrates to practitioners that investing in a TDM process may be beneficial. It provides the V4CTD model of Visibility, Cycles & Chains of Causes & Consequences of TD , which extends the TD conceptual model and facilitates communication on TD with business stakeholders.",2023.0,Journal of Systems and Software,journal of systems and software,A
eec1ca32a11e39f813277f67657c6c512f446bfc,"PVAC: package version activity categorizer, leveraging semantic versioning in a heterogeneous system","Modern open-source software ecosystems, such as those managed by GNU/Linux distributions, are composed of numerous packages developed independently by diverse communities. These ecosystems employ package management tools to facilitate software installation and dependency resolution. However, these tools lack robust mechanisms for systematically evaluating the development activity and versioning dynamics within their heterogeneous software environments. This research aims to introduce a systematic method and a prototype tool for assessing version activity within heterogeneous package manager ecosystems, enabling quantitative analysis of software package updates. We developed a P̲\documentclass[12pt]{minimal} \usepackage{amsmath} \usepackage{wasysym} \usepackage{amsfonts} \usepackage{amssymb} \usepackage{amsbsy} \usepackage{mathrsfs} \usepackage{upgreek} \setlength{\oddsidemargin}{-69pt} \begin{document}$$ \underline{{\textbf {P}}} $$\end{document}ackage V̲\documentclass[12pt]{minimal} \usepackage{amsmath} \usepackage{wasysym} \usepackage{amsfonts} \usepackage{amssymb} \usepackage{amsbsy} \usepackage{mathrsfs} \usepackage{upgreek} \setlength{\oddsidemargin}{-69pt} \begin{document}$$ \underline{{\textbf {V}}} $$\end{document}ersion A̲\documentclass[12pt]{minimal} \usepackage{amsmath} \usepackage{wasysym} \usepackage{amsfonts} \usepackage{amssymb} \usepackage{amsbsy} \usepackage{mathrsfs} \usepackage{upgreek} \setlength{\oddsidemargin}{-69pt} \begin{document}$$ \underline{{\textbf {A}}} $$\end{document}ctivity C̲\documentclass[12pt]{minimal} \usepackage{amsmath} \usepackage{wasysym} \usepackage{amsfonts} \usepackage{amssymb} \usepackage{amsbsy} \usepackage{mathrsfs} \usepackage{upgreek} \setlength{\oddsidemargin}{-69pt} \begin{document}$$ \underline{{\textbf {C}}} $$\end{document}ategorizer (PVAC) that consists of three components. The Version Categorizer (VC), which categorizes diverse semantic version numbers, a Version Number Delta (VND) component, which calculates a numeric score representing the aggregated semantic version changes across packages at the ecosystem level, and finally, an Activity Categorizer (AC) that categorizes the activity of individual packages within that ecosystem. PVAC utilizes tailored regular expressions to parse semantic versioning details (epoch, major, minor, and patch versions) from diverse package version strings, enabling consistent categorization and quantitative scoring of version changes. PVAC was empirically evaluated using a dataset of 22,535 packages drawn from recent releases of Debian and Ubuntu GNU/Linux distributions. Our findings demonstrate PVAC’s effectiveness for accurately categorizing versioning schemes and quantitatively measuring version activity across releases. We provide empirical evidence confirming that semantic versioning, including adapted variations, is predominantly employed across these ecosystems. PVAC represents an effective solution for systematically assessing and monitoring the software package version activity within heterogeneous ecosystems. By providing clear metrics for software activity at both the ecosystem and individual package levels, PVAC helps software maintainers and researchers precisely identify packages that require updates or security remediation, thereby reducing potential security risks, technical debt, and technical lag.",2024.0,Empirical Software Engineering,empirical software engineering,A
f29599399def2cadb8e9a7fafec5b7bdf58382aa,Exploiting gated graph neural network for detecting and explaining self-admitted technical debts,"Self-admitted technical debt (SATD) refers to a specific type of technical debt that is introduced intentionally in the software development and maintenance processes. SATD enables practitioners to take some temporary solutions instead of making comprehensive decisions, which will lead to the high complexity of the software. However, most existing studies relied on manual methods for detecting SATDs. A recent study proposed a method HATD that used a hybrid attention-based method to automatically detect SATDs and it achieved the state-of-the-art performance. However, HATD mainly focused on the locality of the comment instances and lacked of the relationship between long-distance and discontinuous comment instances. To address such an issue, in this work, we propose a novel approach named GGSATD. Specifically, GGSATD first builds the graph for comment instances and then employs the gated graph neural network to iteratively update node representation. The global representation can be obtained by the soft attention mechanism and pooling operation. Experiments on 10 projects show that our GGSATD method obtains promising performance against five baseline methods in both within-project and cross-project scenarios. Extended experiments on seven real-world projects illustrate the effectiveness of our GGSATD method.",2022.0,Journal of Systems and Software,journal of systems and software,A
f86fac2aed391f4c07928e48a0735675872137ee,Technical debt forecasting: An empirical study on open-source repositories,"Abstract Technical debt (TD) is commonly used to indicate additional costs caused by quality compromises that can yield short-term benefits in the software development process, but may negatively affect the long-term quality of software products. Predicting the future value of TD could facilitate decision-making tasks regarding software maintenance and assist developers and project managers in taking proactive actions regarding TD repayment. However, no notable contributions exist in the field of TD forecasting, indicating that it is a scarcely investigated field. To this end, in the present paper, we empirically evaluate the ability of machine learning (ML) methods to model and predict TD evolution. More specifically, an extensive study is conducted, based on a dataset that we constructed by obtaining weekly snapshots of fifteen open source software projects over three years and using two popular static analysis tools to extract software-related metrics that can act as TD predictors. Subsequently, based on the identified TD predictors, a set of TD forecasting models are produced using popular ML algorithms and validated for various forecasting horizons. The results of our analysis indicate that linear Regularization models are able to fit and provide meaningful forecasts of TD evolution for shorter forecasting horizons, while the non-linear Random Forest regression performs better than the linear models for longer forecasting horizons. In most of the cases, the future TD value is captured with a sufficient level of accuracy. These models can be used to facilitate planning for software evolution budget and time allocation. The approach presented in this paper provides a basis for predictive TD analysis, suitable for projects with a relatively long history. To the best of our knowledge, this is the first study that investigates the feasibility of using ML models for forecasting TD.",2020.0,Journal of Systems and Software,journal of systems and software,A
fd46e3ce0426ec46e678072b4a5842e9961f0d3d,Integrating Technical Debt Management and Software Quality Management Processes: A Normative Framework and Field Tests,"Despite the increasing awareness of the importance of managing technical debt in software product development, systematic processes for implementing technical debt management in software production have not been readily available. In this paper we report on the development and field tests of a normative process framework that systematically incorporates steps for managing technical debt in commercial software production. The framework integrates processes required for technical debt management with existing software quality management processes prescribed by the project management body of knowledge (PMBOK), and it contributes to the further development of software-specific extensions to the PMBOK. We partnered with three commercial software product development organizations to implement the framework in real-world software production settings. All three organizations, irrespective of their varying software process maturity levels, were able to adopt the proposed framework and integrate the prescribed technical debt management processes with their existing software quality management processes. Our longitudinal observations and case-study interviews indicate that the organizations were able to accrue economic benefits from the adoption and use of the integrated framework.",2019.0,IEEE Transactions on Software Engineering,transactions on software engineering,A*
0d3aa90021e78313d5aba4960148b1d07c6c19c5,Mekanisme Fungsi Manajemen Keuangan Dan Nilai Perusahaan,"Corporate value is the main objective of corporate management that is done by combining the functions of financial management through investment decisions, funding decisions and dividend policies will have an effect on the value of the company that is reflected from the share price. This study aims to empirically examine the mechanisms of corporate financial functions such as Investment Decision, Financing Decision, and Dividend Policy, which is pronounced by Price Earning Ratio, Debt to Equity Ratio, to Company Value Proxy Dividend Payout Ratio. Researchers used 11 samples of major trading sector sectors that went public in the period 2011-2015 so that obtained 55 observations. Hypotheses are tested by using regression analysis that can be used to predict the condition of the next few years after knowing the magnitude of the effect of the independent variable. Data analysis to test regreation and influence of independent variable to dependent variable using SPSS. The results obtained in this study that Investment Decision, Decision Funding have a significant effect on Corporate Value, but Dividend Policy has no effect on Corporate Value. It is expected that the results of this research can contribute in the development of Financial Management Science in Indonesia, especially aspects of the factors that affect the Company Value proxyed by Price Book Value",2018.0,"Assets : Jurnal Ilmiah Ilmu Akuntansi, Keuangan dan Pajak",assets,A
5518f22d0d05d600f6f912e1eb13c2d0478045c7,Adversarial Conservative Alternating Q-Learning for Credit Card Debt Collection,"Debt collection is utilized for risk control after credit card delinquency. The existing rule-based method tends to be myopic and non-adaptive due to the delayed feedback. Reinforcement learning (RL) has an inherent advantage in dealing with such task and can learn policies end-to-end. However, employing RL here remains difficult because of different interaction processes from standard RL and the notorious problem of optimistic estimations in the offline setting. To tackle these challenges, we first propose an Alternating Q-Learning (AQL) framework to adapt debt collection processes to comparable procedures in RL. Based on AQL, we further develop an Adversarial Conservative Alternating Q-Learning (ACAQL) to address the issue of overoptimistic estimations. Specifically, adversarial conservative value regularization is proposed to balance optimism and conservatism on Q-values of out-of-distribution actions. Furthermore, ACAQL utilizes the counterfactual action stitching to mitigate the overestimation by enhancing behavior data. Finally, we evaluate ACAQL on a real-world dataset created from Bank of Shanghai. Offline experimental results show that our approach outperforms state-of-the-art methods and effectively alleviates the optimistic estimation issue. Moreover, we conduct online A/B tests on the bank, and ACAQL achieves at least a 6% improvement of the debt recovery rate, which yields tangible economic benefits.",2025.0,IEEE Transactions on Knowledge and Data Engineering,transactions on knowledge and data engineering,A*
5d882a4a6a1e0744a5385173da06064b8d1e94c3,"The Effect of Current Ratio, Debt to Equity Ratio, Return On Assets, and Net Profit Margin on Profit Growth","This study aims to empirically test the effect of the Current Ratio, Debt to Equity Ratio, Return On Assets, and Net Profit Margin on Profit Growth. The population used is the consumer goods sector companies listed on the IDX in 2016-2020. Sample selection using purposive sampling method. The type of data used is secondary data from the 2016-2020 annual report. The hypothesis was tested using descriptive statistical analysis, classical assumption test, multiple linear regression, hypothesis testing and coefficient of determination test using SPSS 23. The results showed that Debt to Equity Ratio and Net Profit Margin had a significant effect on Profit Growth, Current Ratio and Return On Assets did not significant effect on Profit Growth.",2022.0,"Assets : Jurnal Ilmiah Ilmu Akuntansi, Keuangan dan Pajak",assets,A
6725191178d02a2d2739e5e0c241f12e94419823,Anticipating Financial Risk: Machine Learning for Debt Management in Telecommunications,"The telecommunications industry is characterized by intense competition and rapid technological evolution, making financial stability a critical factor for sustained growth. This work focuses on leveraging machine learning techniques to analyze and predict customer payment behavior within a Portuguese telecommunications company, aiming to reduce financial losses associated with unpaid debts. Using the CRISP-DM methodology, the project first develops supervised learning models to predict whether customers will remain good payers, based solely on internal data. Among the algorithms tested, Random Forest achieved the highest accuracy of 99%, enabling early identification of potential defaulters. Complementing this, unsupervised learning methods, specifically Principal Component Analysis for dimensionality reduction and K-Means clustering, uncover hidden behavioral segments within the customer base. The optimal clustering identified five distinct groups, some of which show near-homogeneous target values (close to 0 or 1), allowing for strong characterization of compliant and non-compliant profiles. The findings demonstrate the effectiveness of combining supervised and unsupervised learning for risk analysis. Supervised models allow scenario testing by altering feature values to simulate changes in payment behavior. In unsupervised learning, analyzing ambiguous clusters through comparison with more definitive ones helps estimate likely client outcomes and supports proactive management. Future work may explore focused clustering of non-compliant clients, alternative data preprocessing, and time series forecasting to further improve predictive accuracy and operational utility.",2026.0,IEEE Access,access,A
8706ae6b939d24515a8cdaa195539864487e40a1,"Management of Financial Performance Based on Capital Structure, Liquidity Ratio, Coverage and Activity","All of Automotive companies, were quite badly affected during the Covid-19 pandemic. The automotive industry players do not simply surrender to this situation. As Idul Fitri 2020 approaches, the Association of Indonesian Automotive Industries (Gaikindo) synergizes with the Government to maintain the performance of the automotive industry. The situation improved as the Covid-19 cases in the country slumped. In 2020, wholesale sales for the automotive industry in Indonesia will only reach 530 thousand units. This figure is down by 50% from usual due to very limited mobility of people and goods. The automotive sector is gradually improving, car sales are picking up again in August 2021. In the first half of 2022, a number of automotive companies managed to score encouraging performances. This encouraging performance cannot be separated from funding decisions, availability of assets, ability to meet short and long term debts. Research objective to examine and analyze effect of capital structure, liquidity ratios, coverage and activity on financial performance. A total of 13 companies out of 16 automotive companies are listed Indonesia Stock Exchange for the period 2018 – 2021. Using hypothesis testing with multiple linear regression. The results showed only coverage ratio had an effect on financial performance. Novelty in this study uses two state conditions, namely before and during the Covid-19 pandemic.",2023.0,"Assets : Jurnal Ilmiah Ilmu Akuntansi, Keuangan dan Pajak",assets,A
aac17e0d9101b8269058d9accf4fc0d82af5aeb4,Uncovering Financial Statement Fraud: A Machine Learning Approach With Key Financial Indicators and Real-World Applications,"Financial statement fraud is a serious threat to the stability of the financial market. Therefore, effective detection methods are crucial to prevent significant losses to investors and damage to companies’ reputations. This study aims to explore the performance of different machine learning models in identifying financial statement fraud, and to analyze the impact of key financial indicators on the model performance. The study adopts the data of financial statement frauds disclosed by SEC for the period 2016-2019 (disclosed between 2021-2023), selects fifteen financial indicators as features and applies five classification models, including Decision Tree, Logistic Regression, Support Vector Machine, Random Forest, and Extreme Gradient Boosting, for training and testing. To address the issue of data imbalance, the Synthetic Minority Oversampling Technique (SMOTE) is employed. The results indicate that Extreme Gradient Boosting and SVM outperform other models in financial fraud identification, though SVM shows some risk of overfitting. Random Forest exhibits relatively stable performance. At the financial indicator level, IBD/TIC (Interest-Bearing Debt/Total Invested Capital), QR (Quick Ratio), APTR (Accounts Payable Turnover Ratio), GP (Goodwill Proportion), and GW(Goodwill) have a greater impact on the identification results of most models, reflecting their important roles in identifying financial fraud. This study’s contribution focuses on the interpretability of key financial indicators enhances model transparency, providing actionable insights for real-world fraud detection applications. The findings of this study contribute to the development of more effective financial statement fraud detection systems, and provide valuable insights for auditors, financial analysts, and regulators. By integrating model performance with indicator-level analysis, this research bridges theoretical advancements with practical implementation.",2024.0,IEEE Access,access,A
c67185f74cd37ac2bf95c7173e76bb925c13277a,"PENGARUH CURRENT RATIO, INVENTORY TURNOVER, TOTAL ASSET TURNOVER, DAN DEBT TO EQUITY RATIO TERHADAP RETURN ON ASSET PADA PERUSAHAAN MANUFAKTUR YANG TERDAFTAR DI BEI TAHUN 2016-2019","This studyfaims to examinefthe variables of currentfratio, inventory turnover, total assetfturnover, and debtfto equityfratio to return onfassets in manufacturingfcompanies listed on the IndonesiasStock Exchange in 2016-2019, either partially or simultaneously. That is by analyzing the four independentfvariables on the dependent variable. With a population of 70 manufacturing companiesflisted on the IndonesiafStock Exchangefin 20162019. In the collection of samples the method used is purposivefsampling method with aftotal of 280 samples. The data description method used is a multipleslinear regressionfmodel using the F testsand t test. The resultsfof hypothesis testing: The variables current ratio, inventoryfturnover, total assetfturnover, and debt to equitysratio simultaneously havesa significant and significant effectson returnnon assets. The variable currentsratio (X1) and debt to equitydratio (X4) partially have no and significant effect on returnfon assets.fThe variable inventoryiturnover (X2) partially has afpositive and significantfeffect on return on assets. The variable totalfasset turnoverf(X3) partially has a positiveiand not significantfeffect on return on assets",2021.0,"Assets : Jurnal Ekonomi, Manajemen dan Akuntansi",assets,A
d3d67db4f2274a7d3bd1a024206fed1a817fa812,Determination of Audit Opinion Going Concern Moderating Role by Shares Return,"Study This aims to know the influencing factors _ going concern audit opinion with the moderating variable stock returns that are influenced by the independent variable consisting of price book value (PBV), debt equity ratio (DER), and earnings per share (EPS). Sample study as many as 14 companies of agriculture listed on the ASEAN Stock Exchange during the period 2019-2021 with method taking sample use of purposive sampling. Data analysis using multiple linear regression and hypotheses tested by T-test with level significance 0.05. From the results analysis regression obtained, by simultaneous test show results price book value (PBV), debt equity ratio (DER), and earnings per share (EPS) have an effect positive to going concern audit opinion with moderation returns stock. The results study in a manner partial, only variable influential price book value (PBV) significant positive to going concern audit opinion with moderation returns stock. Where the variable debt-equity ratio (DER) and earnings per share (EPS) show that in a manner partial no influence to going concern audit opinion with moderation returns stock.",2023.0,"Assets : Jurnal Ilmiah Ilmu Akuntansi, Keuangan dan Pajak",assets,A
e65e12ff199e5da03b4606f207e9ef04835aa003,Predicting β-turns and their types using predicted backbone dihedral angles and secondary structures,"Backgroundβ-turns are secondary structure elements usually classified as coil. Their prediction is important, because of their role in protein folding and their frequent occurrence in protein chains.ResultsWe have developed a novel method that predicts β-turns and their types using information from multiple sequence alignments, predicted secondary structures and, for the first time, predicted dihedral angles. Our method uses support vector machines, a supervised classification technique, and is trained and tested on three established datasets of 426, 547 and 823 protein chains. We achieve a Matthews correlation coefficient of up to 0.49, when predicting the location of β-turns, the highest reported value to date. Moreover, the additional dihedral information improves the prediction of β-turn types I, II, IV, VIII and ""non-specific"", achieving correlation coefficients up to 0.39, 0.33, 0.27, 0.14 and 0.38, respectively. Our results are more accurate than other methods.ConclusionsWe have created an accurate predictor of β-turns and their types. Our method, called DEBT, is available online at http://comp.chem.nottingham.ac.uk/debt/.",2010.0,BMC Bioinformatics,bmc bioinformatics,A
